id_maquina,temperatura_motor_c,vibracion_mm_s,presion_hidraulica_bar,horas_operacion,ciclos_acumulados,humedad_ambiente_pct,ruido_db,turno,linea_produccion,target_falla_30d
1,61.81,4.21,91.6,7635,17955,5.0,67.6,B,L4,0
2,56.64,6.72,63.9,2073,33710,69.8,65.4,B,L3,0
3,76.06,2.5,95.3,6785,42040,55.9,71.5,A,L4,0
4,71.08,5.28,77.9,6023,55897,55.0,82.9,C,L3,1
5,52.8,6.16,122.3,3905,32222,59.9,74.2,A,L1,0
6,67.26,1.78,71.6,7339,22355,30.0,54.3,B,L3,0
7,67.45,3.01,94.4,750,42013,41.8,80.9,B,L2,0
8,72.84,1.24,100.7,5634,107703,59.4,65.2,B,L1,0
9,51.45,9.03,97.6,5869,87490,26.8,81.5,A,L2,1
10,77.1,1.44,80.8,5738,44434,56.5,66.7,C,L1,0
11,61.73,1.75,71.6,6084,119664,56.2,67.5,A,L3,0
12,68.12,2.27,92.8,1509,30356,75.3,86.1,B,L3,0
13,66.25,5.3,80.4,5110,4048,43.3,64.3,B,L3,0
14,,2.66,73.2,6414,102994,77.8,65.2,B,L2,0
15,75.39,2.46,101.3,5007,112596,5.0,82.3,A,L4,0
16,69.11,7.02,77.7,2180,24009,24.9,83.5,A,L4,1
17,55.75,3.43,78.2,1724,51477,72.0,78.3,A,L1,0
18,69.9,2.07,80.0,2725,78007,39.3,81.1,A,L4,0
19,81.07,2.85,93.7,4018,18965,48.2,74.3,B,L1,0
20,70.19,1.52,70.0,5090,95213,64.0,75.6,C,L2,0
21,61.35,2.03,105.8,2565,95955,50.8,80.9,A,L1,0
22,78.26,1.51,66.0,3597,76624,22.2,64.4,B,L1,0
23,66.64,3.4,82.8,5554,41620,48.8,71.5,A,L1,0
24,68.63,2.23,68.9,5925,64800,34.6,70.4,B,L1,0
25,77.74,1.93,80.5,2407,29078,48.9,80.2,B,L3,0
26,58.12,2.69,91.1,1506,53965,18.1,76.2,A,L3,0
27,68.88,4.52,72.1,6383,104333,33.0,73.0,A,L1,0
28,70.33,2.09,116.3,7048,101568,58.2,80.0,B,L1,1
29,70.09,5.3,103.1,8561,67171,41.4,76.7,C,L4,0
30,63.4,4.2,75.2,3831,69796,56.8,79.2,A,L3,0
31,56.02,2.2,78.6,3813,87428,71.8,67.8,B,L2,0
32,50.42,6.13,92.8,4615,90908,79.6,74.0,A,L3,0
33,71.27,2.72,69.2,7228,32910,57.5,61.6,B,L1,0
34,72.32,1.75,76.1,251,40231,41.2,64.7,A,L4,0
35,72.37,3.98,110.8,7954,3960,42.0,51.1,B,L4,0
36,64.52,4.31,67.6,5522,73868,33.2,60.5,C,L3,0
37,67.96,1.36,73.0,138,56346,33.4,75.2,C,L1,0
38,69.36,4.04,73.5,4714,58117,71.7,67.7,A,L4,0
39,68.64,2.62,73.4,6088,20088,48.3,56.6,B,L1,0
40,65.76,5.43,86.8,1107,31887,47.3,58.8,B,L4,0
41,73.91,1.8,73.9,3144,102788,26.0,69.9,B,L3,0
42,80.49,2.33,105.2,8603,107614,45.9,55.8,B,L4,1
43,90.73,4.5,91.1,8783,31189,43.9,67.6,A,L3,0
44,73.07,5.84,67.0,8578,17761,50.6,67.5,B,L3,0
45,75.46,4.18,69.7,1245,22666,25.3,64.2,A,L3,0
46,61.43,6.22,69.9,1488,73251,46.5,74.1,C,L1,0
47,69.48,2.48,77.7,8407,42649,50.6,73.5,A,L1,0
48,59.61,3.44,99.1,5655,37734,64.4,69.4,B,L3,0
49,56.76,3.92,87.0,8170,43991,36.4,62.3,A,L4,0
50,82.99,6.89,96.7,945,112475,45.6,69.5,A,L4,1
51,68.0,3.12,95.8,917,18775,59.7,78.4,B,L3,0
52,60.05,1.61,72.7,4078,12477,35.6,70.9,C,L2,0
53,63.66,3.21,73.5,5763,73277,63.6,77.0,C,L2,0
54,75.12,2.21,76.3,3128,19202,58.1,68.3,C,L1,0
55,58.4,2.01,108.6,6623,102469,30.5,69.3,B,L2,0
56,70.25,5.74,85.4,2648,53310,47.5,79.1,A,L3,0
57,67.89,3.86,61.6,5312,6044,45.6,83.8,A,L3,0
58,83.93,3.37,100.9,2980,47086,80.4,66.0,A,L2,0
59,70.01,3.02,93.7,1926,11295,38.6,75.0,A,L1,0
60,82.65,2.72,89.4,6475,22620,25.5,69.3,B,L4,0
61,69.17,6.8,94.6,8140,23490,45.8,75.8,A,L2,0
62,82.31,1.87,71.2,4837,39033,34.3,68.0,B,L1,0
63,63.41,1.86,88.7,4331,58164,46.7,78.3,C,L1,0
64,70.59,2.66,89.9,2180,65761,47.9,77.1,C,L1,0
65,70.54,1.95,73.4,6757,107662,50.3,66.5,A,L3,0
66,64.53,1.99,80.5,2815,96666,52.2,88.0,C,L3,0
67,57.94,2.47,90.6,6634,76147,31.4,73.5,A,L1,0
68,57.67,3.6,86.3,7928,36582,63.7,70.0,A,L1,0
69,74.07,2.62,74.9,8861,88503,35.7,84.2,A,L3,0
70,62.28,4.3,118.3,2068,90847,54.1,66.1,B,L2,0
71,67.46,1.43,91.2,8405,79538,21.7,80.7,A,L1,0
72,75.45,2.28,84.2,4654,55321,65.7,68.5,B,L4,0
73,68.24,4.66,82.2,3278,90830,46.1,67.2,A,L2,0
74,73.55,3.6,87.2,6660,57670,53.6,72.0,A,L1,0
75,65.57,3.11,91.5,6608,90502,42.9,58.6,B,L2,0
76,53.66,,93.6,1004,89470,43.8,66.7,B,L2,0
77,87.49,1.86,78.8,7712,13863,62.5,85.6,B,L1,0
78,77.64,9.36,99.6,8303,31630,28.5,61.5,A,L3,1
79,76.79,1.84,66.2,2987,103878,62.2,78.3,B,L2,0
80,64.14,2.04,86.7,3196,10470,42.3,69.5,A,L1,0
81,71.66,3.18,80.8,3845,71899,5.0,71.2,A,L3,0
82,62.66,0.97,103.8,6623,70212,36.8,75.4,C,L3,0
83,67.2,4.25,81.3,5041,98808,50.0,57.6,A,L3,0
84,74.13,1.58,74.8,5895,55307,65.7,65.8,A,L1,0
85,72.15,4.2,91.6,5872,43032,57.4,74.3,B,L1,0
86,76.78,3.18,97.9,2828,10434,59.1,78.1,A,L2,0
87,70.16,2.66,85.4,5566,4768,39.5,71.3,C,L1,0
88,64.42,3.53,95.3,6877,9641,39.3,73.8,C,L4,0
89,77.42,3.48,76.0,4369,96517,47.3,73.9,B,L1,0
90,65.95,4.78,83.9,2416,116052,59.6,69.0,A,L4,1
91,80.38,3.81,80.1,976,53515,45.7,72.5,A,L2,0
92,61.71,6.08,92.5,2981,4905,50.6,70.8,B,L2,0
93,68.8,2.71,88.4,6731,54474,31.0,65.1,B,L3,0
94,64.37,2.93,72.0,7307,60677,31.7,74.3,B,L2,0
95,65.92,1.78,99.4,2593,106305,30.1,79.8,A,L4,0
96,84.44,3.53,82.0,1421,118531,64.8,61.9,A,L4,1
97,73.14,1.57,75.2,8739,1763,82.6,75.5,C,L4,0
98,83.69,1.39,86.0,183,85995,66.7,73.3,B,L1,0
99,70.71,2.72,99.4,970,51978,64.7,69.1,A,L3,0
100,82.98,1.64,97.0,6385,98941,65.1,72.7,A,L4,0
101,46.05,5.03,80.5,5148,76071,59.1,77.6,B,L2,0
102,76.41,1.85,70.6,201,19348,25.8,60.3,B,L4,0
103,69.98,2.39,74.4,3253,32155,57.7,62.4,A,L1,0
104,40.6,5.54,79.7,3269,81116,42.1,70.4,A,L3,0
105,78.27,7.73,77.0,964,15310,70.2,65.5,B,L4,0
106,48.14,2.01,77.3,6959,119236,68.5,79.6,B,L4,0
107,50.72,4.1,89.0,7213,10669,38.9,70.9,A,L2,0
108,60.68,1.08,98.8,4485,38827,80.0,89.7,B,L3,0
109,71.31,4.39,103.4,1032,105886,73.3,78.2,B,L1,0
110,83.91,3.56,94.9,8574,3940,39.3,85.0,C,L2,0
111,87.98,4.8,91.3,1572,108502,39.1,62.8,A,L4,1
112,54.15,1.58,84.5,5628,50093,62.2,65.0,A,L2,0
113,66.4,1.76,85.3,7714,12273,58.2,68.0,A,L1,0
114,44.49,1.67,74.3,3183,107217,83.2,64.5,A,L1,0
115,75.28,5.12,83.8,1498,14781,72.7,64.8,C,L2,0
116,66.93,2.88,87.8,4556,91479,34.7,64.2,A,L1,0
117,46.68,2.14,111.4,4723,58093,59.8,81.9,A,L4,0
118,60.53,1.98,94.8,3761,60911,36.0,55.1,C,L4,0
119,80.88,3.68,66.4,5614,20602,52.2,75.1,C,L3,0
120,84.3,6.74,94.0,3611,18061,68.4,72.6,A,L3,1
121,80.31,2.46,108.5,1108,91781,70.9,79.1,B,L1,1
122,76.74,4.4,80.7,2944,113504,44.3,58.0,A,L2,0
123,58.1,1.91,86.0,8845,43477,5.0,62.5,A,L3,0
124,67.54,1.43,78.1,1336,8632,83.0,63.3,B,L4,0
125,66.67,3.94,67.6,6186,86445,50.4,71.5,C,L4,1
126,60.98,1.44,95.5,4092,115904,44.7,76.1,C,L3,1
127,83.97,2.09,98.1,2453,102581,67.3,73.0,B,L3,1
128,73.01,3.94,67.3,105,48042,61.3,69.8,A,L3,1
129,82.6,4.47,91.9,7758,80467,52.3,78.4,C,L1,1
130,83.13,3.2,87.7,4341,41930,46.3,64.3,A,L1,0
131,65.58,3.16,99.6,5262,94648,22.8,87.0,B,L3,0
132,64.69,2.95,46.8,4624,63513,70.6,74.9,A,L3,0
133,79.08,2.11,98.9,1599,12850,61.5,74.4,A,L4,0
134,55.35,5.57,103.7,3989,95629,34.6,76.3,C,L1,1
135,63.21,1.57,102.8,5216,111580,51.6,57.1,B,L4,0
136,65.42,1.78,94.0,7417,34512,55.8,61.1,C,L2,0
137,72.6,1.53,90.4,684,61326,45.6,88.4,B,L1,0
138,59.45,1.71,88.9,3691,115217,23.8,72.0,C,L2,0
139,80.86,2.32,85.9,5449,97319,46.0,75.6,B,L2,0
140,61.71,2.37,72.4,8622,70945,44.3,64.1,B,L2,0
141,77.45,4.48,98.4,3261,32748,60.6,81.0,B,L3,0
142,50.28,2.41,,8444,78602,48.3,74.6,A,L3,0
143,86.15,2.89,110.2,613,57347,31.6,78.7,B,L4,1
144,65.67,3.19,84.5,6698,110625,22.3,77.3,A,L3,0
145,68.8,2.44,97.3,2577,29003,32.9,71.5,B,L1,0
146,55.76,3.22,95.0,1688,12607,54.0,74.5,B,L4,0
147,61.82,3.05,70.5,5450,69236,59.0,73.6,A,L3,0
148,78.3,1.65,80.0,2303,40795,55.0,70.6,B,L3,0
149,70.93,2.18,98.9,7240,88216,71.4,74.2,C,L1,1
150,77.99,1.13,70.4,6553,10119,38.5,73.6,A,L2,0
151,71.78,3.37,81.8,409,20261,66.7,73.1,B,L1,0
152,60.64,3.08,97.1,5044,104273,24.4,72.0,A,L2,0
153,74.4,4.16,72.6,7999,72397,36.9,84.8,B,L1,0
154,35.0,2.44,83.5,8508,73392,53.3,74.1,A,L3,0
155,59.22,1.33,74.6,3995,32758,28.6,81.2,B,L4,0
156,71.89,5.43,86.2,6137,85105,53.9,73.4,A,L3,1
157,69.87,8.49,65.5,3691,89851,13.2,77.4,A,L4,1
158,56.43,1.88,71.5,1055,46788,58.8,65.1,A,L1,0
159,70.64,2.53,76.1,201,15341,76.4,66.6,B,L3,0
160,69.16,5.17,88.4,5749,44284,40.8,71.8,A,L1,0
161,81.42,2.65,89.1,8754,94374,64.4,76.0,A,L1,1
162,46.76,2.74,95.5,692,72613,50.1,62.6,C,L2,0
163,69.31,2.12,99.0,7681,16588,66.2,72.7,C,L4,1
164,66.13,2.48,90.0,5163,41031,29.2,64.5,B,L3,0
165,63.84,8.96,89.1,4551,47679,44.7,78.5,B,L1,1
166,75.92,3.05,70.3,8286,69951,82.3,83.4,B,L3,1
167,69.61,3.64,67.5,1482,81491,83.8,90.2,A,L4,0
168,91.09,3.97,94.8,7003,87349,8.7,71.1,A,L4,1
169,71.37,0.95,77.5,7511,72012,47.0,75.9,C,L3,0
170,56.41,3.11,94.3,4785,94839,44.8,63.1,A,L2,0
171,66.43,3.3,69.5,5742,14851,47.5,67.0,B,L2,0
172,67.84,2.59,93.0,5265,97689,44.3,62.7,B,L2,0
173,,1.26,90.8,2003,44596,48.9,64.5,B,L4,0
174,63.71,3.39,87.1,600,97233,27.0,75.6,B,L3,0
175,69.83,2.09,91.9,6842,87709,67.0,84.0,A,L3,0
176,60.33,2.02,56.6,4875,63847,42.5,73.9,B,L3,0
177,74.03,2.24,80.5,1495,96852,47.3,72.2,A,L2,0
178,65.87,3.72,72.1,2804,115036,64.9,60.6,A,L1,0
179,67.72,2.9,99.6,8360,26057,68.0,77.2,A,L1,0
180,89.67,4.72,75.9,6102,30989,59.5,62.8,A,L3,1
181,58.83,3.47,95.4,3110,22457,50.3,75.3,B,L2,0
182,57.22,1.9,71.3,722,49314,37.0,80.4,B,L4,1
183,68.09,3.64,91.9,7294,58217,26.9,78.5,C,L1,0
184,73.29,3.92,58.6,4733,47187,57.5,79.2,C,L4,1
185,60.63,6.47,71.2,2990,49051,56.8,66.2,A,L1,0
186,52.65,3.05,74.6,4006,75339,38.9,57.1,B,L1,0
187,78.93,3.22,75.7,7549,99359,32.1,60.7,A,L3,1
188,65.18,2.94,81.7,7286,43803,33.0,75.5,A,L1,0
189,61.91,2.85,82.0,119,8331,40.9,68.8,B,L1,0
190,66.84,4.0,104.4,960,35168,81.2,83.5,B,L1,0
191,49.84,2.95,71.5,5652,29329,61.0,80.8,A,L2,0
192,70.98,8.71,90.4,3779,59090,47.2,60.6,C,L2,1
193,67.18,6.01,97.1,4744,56747,59.6,78.6,B,L2,1
194,60.92,3.51,90.9,4976,69779,62.9,77.6,B,L2,0
195,61.67,3.11,103.9,990,27662,25.9,77.2,B,L3,0
196,56.1,3.7,80.3,7964,88215,24.1,70.6,C,L2,0
197,60.61,3.1,94.1,2742,93368,26.6,65.1,A,L4,0
198,56.59,2.44,99.4,3405,10958,22.4,66.8,A,L4,0
199,81.9,2.04,82.2,8189,64535,59.3,69.4,A,L4,0
200,46.22,1.95,75.4,6139,70960,58.0,73.6,A,L2,0
201,71.62,2.02,70.4,5770,112696,5.0,70.1,A,L3,0
202,65.77,3.88,96.0,3999,34350,15.9,65.6,B,L4,0
203,56.17,1.66,77.0,489,46300,31.5,90.6,A,L2,0
204,74.26,1.87,84.2,6266,46496,62.7,63.3,A,L4,0
205,45.73,3.53,90.9,7049,64305,24.3,67.1,A,L1,0
206,58.43,2.62,88.4,1199,95546,77.7,76.3,B,L3,0
207,55.12,4.23,76.8,7188,93017,36.1,70.0,C,L2,0
208,71.95,1.38,71.1,5451,65846,50.4,72.7,A,L3,0
209,56.73,1.63,74.4,5982,65715,62.2,80.8,A,L2,0
210,75.72,1.58,105.8,1602,84505,50.2,81.2,B,L3,0
211,,2.05,99.6,585,5027,47.4,75.7,C,L4,0
212,64.76,2.53,79.6,7066,39965,37.8,71.1,C,L3,0
213,63.93,4.07,102.3,5607,30147,65.2,70.0,C,L1,0
214,69.46,4.49,,7132,44646,28.6,65.5,C,L4,0
215,80.34,7.49,80.0,1392,98786,74.4,72.5,A,L4,1
216,61.8,3.32,94.2,2994,47237,22.0,56.8,B,L3,0
217,90.87,3.95,82.0,4740,24479,70.2,80.7,C,L3,0
218,67.59,1.7,74.4,8869,114826,40.7,67.4,B,L1,0
219,68.8,8.36,75.3,4165,40570,14.4,82.3,B,L1,0
220,65.16,3.63,78.4,6545,51415,64.2,70.6,B,L1,0
221,71.76,2.62,74.4,4943,69533,32.2,67.9,A,L1,0
222,84.35,2.11,97.8,5041,55290,39.3,68.0,C,L3,0
223,51.44,2.93,83.8,8834,110692,40.3,81.5,B,L4,0
224,57.37,3.35,58.2,1889,43046,10.9,85.8,C,L1,0
225,82.02,2.44,84.7,1819,90124,43.8,73.7,C,L3,0
226,61.4,2.36,75.0,3801,79948,47.0,76.4,C,L1,0
227,72.83,2.89,82.6,7361,90622,43.9,72.8,A,L4,0
228,57.03,2.69,85.3,1691,36767,56.2,68.8,A,L4,0
229,99.5,2.27,69.7,5356,28019,41.8,87.4,A,L3,0
230,81.23,3.89,100.3,7600,18072,71.8,64.2,A,L3,0
231,56.71,4.11,76.1,3096,50710,56.4,58.4,A,L3,0
232,61.97,1.97,,4551,60261,54.5,65.2,A,L3,0
233,61.39,4.0,95.8,5463,79877,45.3,68.8,B,L4,0
234,78.37,1.12,94.4,2411,49753,49.0,58.9,C,L1,0
235,72.55,1.37,93.8,5770,68003,79.3,65.7,C,L3,0
236,69.59,4.2,66.6,7385,11315,45.2,73.2,B,L4,0
237,59.75,10.43,,5491,15907,18.0,71.8,B,L1,0
238,64.99,2.3,85.3,7573,36571,67.1,73.6,A,L4,0
239,83.29,3.08,73.9,2409,61639,35.8,79.5,B,L2,0
240,69.44,2.89,81.6,899,10701,74.9,66.6,C,L4,0
241,79.35,6.95,78.8,1476,9020,20.0,73.0,B,L3,0
242,63.09,2.35,74.6,8062,72184,60.2,59.4,A,L4,0
243,54.91,5.45,93.8,1589,7350,23.9,67.8,B,L1,0
244,73.29,3.35,86.4,6511,13043,84.0,64.7,B,L4,0
245,74.63,1.31,95.0,7501,8927,35.4,67.5,A,L3,0
246,81.05,1.2,63.1,154,26112,36.7,81.0,C,L2,0
247,65.98,3.91,95.7,8110,70142,62.1,70.7,B,L2,1
248,70.32,3.8,86.9,4596,118536,48.5,83.7,B,L1,0
249,62.6,2.33,80.9,8372,86569,39.5,61.8,B,L3,0
250,68.21,1.25,90.4,5366,100242,67.9,67.8,C,L3,1
251,62.16,3.42,73.2,3252,70625,37.4,74.8,A,L1,0
252,64.5,4.21,85.2,8988,80070,70.4,82.8,B,L3,1
253,77.38,4.95,106.6,5526,17893,74.8,77.1,C,L2,0
254,80.94,3.46,86.8,5978,23029,11.6,68.6,B,L2,0
255,63.45,2.48,82.3,901,22633,42.7,72.2,B,L3,0
256,87.42,5.82,80.4,350,29790,52.6,73.4,A,L2,0
257,84.09,5.39,75.1,6777,40930,25.5,76.2,B,L1,1
258,77.22,3.47,97.4,6238,43365,54.6,70.3,B,L3,0
259,65.78,,60.8,6621,70966,48.9,55.2,B,L4,0
260,95.83,4.1,75.1,7379,92190,10.8,69.2,A,L1,0
261,68.57,2.37,95.4,3260,27281,60.6,82.4,B,L2,0
262,57.12,3.3,75.8,1471,50499,48.6,66.0,A,L2,0
263,57.04,1.33,88.9,5704,63629,5.0,76.3,A,L3,0
264,51.37,2.68,79.3,4644,86564,57.4,73.3,A,L4,0
265,56.16,1.4,89.7,5552,49147,60.2,73.5,C,L3,0
266,100.52,5.25,83.8,1155,101851,36.7,83.8,C,L4,1
267,72.09,3.69,77.5,4053,64666,63.6,77.3,A,L1,1
268,67.61,4.25,72.0,3196,76960,10.9,76.4,C,L3,0
269,48.84,6.1,94.4,8512,88008,69.7,72.6,A,L1,0
270,60.68,3.75,66.1,5306,86276,59.9,70.3,A,L3,0
271,58.08,3.19,100.4,5870,54487,43.1,75.9,A,L3,0
272,80.95,5.7,80.8,123,30992,44.2,69.4,B,L2,0
273,54.19,3.74,85.0,4632,76909,30.3,74.7,A,L2,0
274,56.24,3.74,98.4,4333,88840,78.1,73.0,A,L4,0
275,63.6,4.46,60.7,5090,47717,56.6,79.1,B,L2,0
276,76.69,3.64,76.2,7568,100067,45.1,72.3,B,L4,1
277,,2.38,119.8,8351,32908,17.6,67.0,B,L1,0
278,58.11,2.81,77.1,3046,115831,46.4,60.3,B,L3,0
279,61.02,4.37,74.7,5973,67996,27.9,76.0,A,L4,0
280,65.19,1.81,82.3,3363,15374,35.8,71.9,A,L1,0
281,80.97,1.4,58.5,2083,86982,65.4,76.1,C,L4,0
282,83.42,3.39,94.5,8453,84758,51.8,69.4,A,L3,0
283,68.71,3.91,67.8,7128,114056,65.9,68.1,A,L4,1
284,73.8,1.45,82.8,3675,51240,35.8,62.3,A,L4,0
285,41.33,10.29,80.5,3484,22208,15.9,65.2,A,L3,0
286,69.22,2.34,79.4,7841,34404,42.2,73.6,C,L1,0
287,47.21,5.16,89.0,6147,72242,19.2,71.9,B,L3,0
288,72.1,4.28,86.6,8310,60753,36.8,78.1,A,L3,1
289,58.21,4.06,72.3,8370,57801,38.8,65.0,A,L4,0
290,76.04,7.87,82.5,2166,78974,39.5,69.3,C,L3,1
291,61.33,8.41,102.7,5001,66971,59.8,66.1,A,L2,1
292,79.54,3.2,70.4,1162,73847,28.8,79.9,A,L2,0
293,78.04,3.44,75.1,2307,38943,59.9,74.8,A,L3,0
294,74.42,4.99,78.0,5250,70000,65.4,69.4,C,L1,0
295,74.23,3.93,65.3,6035,110995,60.9,73.8,A,L3,1
296,74.86,3.07,65.8,7091,82933,61.5,86.8,A,L3,1
297,67.08,1.46,88.1,1452,54045,80.2,65.1,A,L2,0
298,62.43,4.32,97.2,6204,50114,43.0,65.4,A,L3,1
299,68.71,2.57,82.7,2398,72706,37.6,81.7,A,L2,0
300,54.43,4.18,104.4,6211,73024,32.6,62.4,B,L2,0
301,70.04,3.63,85.0,8416,11437,15.9,74.6,C,L2,0
302,73.5,6.66,84.3,1390,9555,51.0,77.7,A,L1,1
303,67.57,2.95,85.8,235,111509,5.0,76.4,C,L4,0
304,77.22,6.43,99.5,1173,50503,46.8,82.6,A,L4,1
305,72.14,2.82,95.4,8928,63917,61.6,70.7,C,L1,0
306,72.2,1.43,75.6,2884,100298,83.1,87.2,B,L3,0
307,66.83,4.29,79.2,8613,3061,29.7,69.8,A,L2,0
308,74.6,3.84,89.0,7294,43395,46.7,71.2,B,L3,0
309,64.68,1.39,95.4,4079,36968,59.6,75.2,C,L2,0
310,62.48,5.37,88.9,3562,78345,26.1,64.2,A,L3,0
311,66.39,3.2,73.1,4757,19662,73.6,87.8,C,L4,0
312,65.1,2.91,99.0,2725,15207,56.3,66.6,B,L1,0
313,92.03,,91.2,277,67718,42.2,60.8,B,L3,0
314,49.02,1.09,79.6,2603,71576,57.2,74.2,C,L1,0
315,65.15,3.95,82.4,3261,28424,73.4,75.7,A,L3,0
316,67.6,2.41,100.6,5470,5480,37.1,67.8,A,L2,0
317,66.16,1.99,86.0,5502,11934,48.1,67.0,C,L1,0
318,73.6,2.97,100.2,8851,45970,43.8,78.4,B,L4,1
319,59.06,4.04,93.6,3548,64271,57.0,89.8,B,L4,1
320,57.49,2.74,78.9,1028,9550,55.3,85.0,A,L2,0
321,58.83,2.84,92.3,4957,40983,6.5,73.4,C,L2,0
322,67.45,2.67,86.2,8888,68301,46.1,72.5,A,L1,0
323,55.13,3.05,67.4,2373,88655,71.4,76.9,A,L2,0
324,85.09,2.55,93.2,3988,116749,52.9,71.5,C,L1,1
325,62.87,2.55,72.1,2845,53406,66.6,67.2,B,L3,0
326,86.1,1.66,110.5,6051,80114,33.6,69.1,A,L2,0
327,68.84,2.78,80.2,6031,85049,33.3,66.5,C,L4,0
328,64.19,3.2,84.8,3235,54468,41.5,65.2,C,L2,0
329,66.14,1.8,78.6,8143,115873,61.3,73.2,B,L3,0
330,75.99,7.8,77.2,8918,48734,48.6,59.7,C,L3,0
331,65.71,1.58,87.1,1890,91066,39.2,65.8,A,L4,0
332,72.8,5.25,105.0,1461,106864,51.5,58.0,C,L1,1
333,88.1,4.13,87.0,537,49903,33.1,72.3,A,L3,0
334,87.46,1.21,77.8,747,74397,47.1,58.1,A,L3,0
335,64.55,2.65,63.2,3817,107216,47.3,73.8,B,L1,0
336,64.96,1.0,77.7,6136,33593,38.1,63.2,C,L2,0
337,62.29,2.84,58.4,3653,38527,64.2,66.0,A,L3,0
338,67.1,3.4,77.0,4062,113042,63.4,76.8,A,L4,0
339,73.42,6.61,60.0,978,90539,24.8,81.7,B,L3,0
340,86.19,11.24,90.1,3437,19447,60.9,69.7,B,L4,1
341,55.17,1.24,87.0,5651,93453,29.0,60.6,B,L3,0
342,79.87,6.0,71.7,5938,77518,77.5,77.6,A,L1,1
343,57.77,1.49,97.1,4292,89968,36.7,71.2,B,L1,0
344,62.53,3.12,69.3,2585,3280,59.7,76.4,C,L4,0
345,74.97,5.4,84.7,6379,32795,67.1,69.8,A,L2,1
346,56.08,1.12,97.8,2727,70508,65.0,62.6,B,L4,0
347,72.71,2.02,70.1,3843,117747,39.2,63.9,B,L4,1
348,73.7,2.03,66.3,4746,38493,49.1,74.4,B,L2,0
349,57.55,4.13,55.5,7346,79734,41.2,75.5,A,L3,0
350,66.81,2.03,85.8,5479,55781,37.9,76.1,B,L2,0
351,60.35,3.29,58.8,8403,43870,58.8,79.7,B,L4,0
352,67.54,2.41,84.4,4720,92736,26.3,65.3,A,L4,0
353,47.68,4.34,70.5,5588,37543,50.5,73.9,A,L3,0
354,72.04,2.13,90.8,4035,115140,53.9,74.4,A,L2,0
355,43.49,3.06,81.0,4758,92016,40.6,62.3,C,L1,0
356,79.57,3.5,106.6,6617,46748,55.3,79.5,A,L2,0
357,70.27,3.42,87.4,672,36365,55.3,75.8,A,L2,0
358,60.45,2.48,77.0,3276,62002,37.2,75.0,C,L1,0
359,70.89,1.45,81.0,8930,103907,55.9,85.9,C,L4,1
360,73.99,3.58,86.4,7556,53323,39.1,71.3,C,L1,0
361,58.5,4.12,72.4,4567,93249,32.9,68.9,B,L4,0
362,78.11,1.04,96.5,2356,25582,60.4,68.7,A,L4,0
363,70.55,2.11,88.1,7498,85326,14.9,73.9,A,L4,0
364,73.53,3.47,50.1,152,10133,45.8,52.6,A,L1,0
365,70.83,3.7,112.9,7012,83952,35.6,73.3,C,L2,0
366,72.12,5.27,109.4,6646,35816,18.1,69.7,B,L3,0
367,76.5,3.3,74.5,4968,82084,51.4,62.4,A,L1,0
368,51.96,3.43,88.6,8915,14264,76.0,72.7,A,L4,0
369,71.93,3.3,98.0,1721,52196,56.5,69.4,B,L1,0
370,66.52,1.43,81.1,5868,2834,68.0,75.5,B,L4,0
371,69.78,5.28,79.2,3585,99462,34.6,75.1,C,L2,0
372,65.07,2.8,92.8,4308,42743,57.9,74.5,C,L1,0
373,57.11,1.69,65.0,8798,96460,37.2,74.8,C,L1,0
374,54.47,5.51,75.6,7844,40525,62.6,72.2,B,L3,1
375,58.82,2.2,95.6,5993,104307,70.8,69.1,B,L4,0
376,67.48,7.52,74.5,8012,80496,61.9,67.1,B,L1,1
377,86.58,4.55,76.4,510,35972,30.4,70.3,B,L4,0
378,64.61,2.31,64.7,3417,49176,58.3,69.8,A,L4,0
379,67.2,3.96,52.8,2718,58672,21.9,78.0,A,L3,0
380,62.62,,78.2,1095,38354,63.5,68.7,B,L2,0
381,75.73,3.06,,8682,56366,24.7,72.8,A,L3,0
382,55.62,4.55,62.1,1613,3204,47.4,69.1,A,L4,0
383,47.61,5.14,101.6,7077,18439,59.8,63.7,B,L4,0
384,72.44,5.75,95.3,3255,13202,61.8,69.5,B,L4,0
385,71.99,2.95,82.2,605,46518,70.9,60.7,C,L2,0
386,69.56,2.07,63.6,562,113743,48.9,61.5,A,L4,0
387,60.27,3.05,106.3,8135,3134,33.1,72.7,A,L4,0
388,77.4,4.15,84.7,7144,78694,45.7,73.1,C,L3,0
389,77.15,4.16,84.1,8570,109139,43.4,57.4,C,L3,1
390,52.09,3.21,91.8,7481,109810,43.4,60.9,A,L1,0
391,58.43,2.35,,8610,17810,42.5,68.3,A,L3,0
392,73.48,3.07,87.1,4793,108133,33.1,75.1,A,L1,0
393,69.09,1.19,103.0,7642,116491,48.8,70.1,B,L1,0
394,68.24,2.76,94.0,8206,116334,48.5,84.7,B,L4,0
395,74.17,2.25,72.4,5267,49320,45.2,57.4,B,L4,0
396,64.19,2.58,99.2,5944,60062,39.6,70.9,B,L1,0
397,58.23,3.41,86.7,3085,53305,55.5,81.6,B,L3,0
398,69.14,5.87,73.4,5147,6307,71.3,55.5,A,L1,0
399,59.58,3.88,66.6,6758,57829,37.6,66.0,A,L2,0
400,62.79,1.51,74.5,6127,86815,51.5,69.0,A,L3,0
401,66.73,8.1,96.5,3103,81405,43.9,65.6,B,L4,1
402,71.11,0.99,78.1,1478,48613,32.9,64.1,A,L4,0
403,63.33,2.44,96.7,3455,40447,36.3,58.8,B,L1,0
404,75.58,3.91,101.2,7686,58026,28.1,61.5,C,L1,1
405,74.36,5.47,91.9,3172,73970,67.5,67.1,C,L1,0
406,63.62,4.83,97.6,1703,21528,56.7,84.1,A,L3,0
407,64.17,2.91,93.6,812,21040,51.1,63.4,A,L2,0
408,84.01,3.81,98.9,4746,96943,46.7,55.4,C,L2,0
409,57.43,1.91,99.6,3750,61853,28.4,63.1,B,L2,0
410,63.18,2.16,93.6,1164,86060,35.4,67.8,C,L2,0
411,71.92,1.8,75.8,2514,27187,16.6,73.9,A,L1,0
412,58.95,2.18,66.9,2946,8167,49.9,69.3,A,L1,0
413,62.37,3.07,93.2,8615,98946,59.0,85.9,A,L3,1
414,62.36,4.06,71.2,4248,37089,37.3,70.9,A,L3,0
415,69.11,1.81,91.0,111,73929,38.7,76.3,B,L1,0
416,75.36,1.15,107.3,1592,39195,6.8,74.1,B,L2,0
417,63.95,3.19,86.8,811,101072,51.6,69.6,B,L4,0
418,70.62,2.94,88.9,4344,17453,50.1,72.2,A,L4,0
419,70.39,4.15,81.2,2985,81787,29.4,68.8,A,L2,0
420,96.75,4.56,107.1,2009,53418,56.9,58.7,B,L3,0
421,61.52,4.46,89.2,3259,90117,74.9,69.9,C,L1,0
422,63.69,2.9,77.4,8947,8638,19.3,68.0,A,L3,0
423,60.72,3.25,72.2,188,18619,56.3,78.1,C,L3,0
424,54.48,4.65,91.2,4363,77626,18.6,68.0,B,L3,0
425,70.4,1.43,80.2,4840,10200,56.3,77.3,A,L1,0
426,56.16,1.33,76.7,3844,43772,9.8,78.0,A,L3,0
427,74.61,2.94,62.0,1721,102812,42.8,80.6,A,L2,1
428,71.93,4.82,95.2,5193,104008,46.1,58.4,A,L4,1
429,71.35,3.43,76.9,5200,46953,46.8,80.7,B,L3,0
430,71.44,1.04,84.3,7782,111945,28.1,73.7,A,L1,0
431,58.6,2.09,97.1,4517,13656,43.4,68.4,B,L1,0
432,61.02,3.62,62.5,8140,100209,16.3,68.3,A,L1,1
433,78.88,2.66,76.9,3360,105014,30.0,73.6,A,L1,0
434,65.94,2.46,80.5,1143,5880,46.7,75.1,A,L3,0
435,54.27,3.23,69.8,6372,68415,16.0,82.6,B,L2,0
436,64.96,2.61,93.9,1737,90121,35.8,85.6,B,L1,0
437,74.93,2.27,88.0,2691,114127,55.2,66.0,A,L4,1
438,63.11,2.22,88.2,5419,40748,21.2,73.6,A,L2,0
439,63.17,1.73,,3747,73030,50.2,66.0,C,L3,0
440,73.54,6.23,79.4,370,38119,59.3,75.3,B,L3,1
441,75.59,4.98,68.1,7699,93676,52.7,81.0,A,L2,1
442,58.43,1.22,89.1,5721,118925,59.7,63.9,A,L1,0
443,81.4,3.67,106.6,2356,82851,54.8,70.5,B,L2,1
444,55.85,3.05,92.5,3184,30710,48.7,72.3,A,L4,0
445,63.47,3.84,96.7,8074,66249,36.4,80.0,A,L1,1
446,79.0,6.17,100.5,7383,87784,24.5,73.4,C,L1,1
447,77.51,1.77,79.7,7096,17770,49.0,79.1,B,L4,0
448,70.82,6.77,70.2,8797,83792,60.3,55.2,A,L3,1
449,67.07,3.53,105.7,1041,10256,15.6,68.6,A,L2,0
450,61.63,4.26,73.2,3004,84519,56.4,80.6,A,L1,1
451,78.35,1.71,78.3,2440,48471,60.0,64.7,C,L3,0
452,68.55,2.48,53.2,7552,71370,60.9,71.2,B,L1,0
453,78.16,2.43,88.9,320,29678,36.1,80.2,A,L3,0
454,94.15,5.87,83.5,8175,42562,57.3,75.3,A,L1,1
455,52.76,2.08,79.6,5416,7300,14.2,69.7,B,L4,0
456,71.75,6.07,68.6,7736,30039,28.9,79.1,A,L3,0
457,72.23,4.77,98.2,8601,90869,41.4,77.0,A,L4,1
458,82.83,1.51,77.9,538,9246,17.3,65.4,A,L3,0
459,83.85,3.15,94.9,7139,79279,38.5,74.7,A,L1,0
460,61.17,1.79,72.8,701,25370,40.9,80.8,B,L3,0
461,,5.14,62.2,3589,83169,42.8,70.6,A,L2,1
462,72.11,4.72,89.2,6086,21594,51.8,74.9,B,L1,0
463,62.64,1.92,81.2,3265,11547,67.3,78.2,B,L3,0
464,70.72,1.85,96.7,5272,33715,69.0,73.9,A,L2,0
465,91.63,3.14,95.5,1999,76086,34.0,72.0,A,L3,1
466,67.05,3.63,99.1,1946,51264,39.7,59.8,A,L4,0
467,78.33,3.12,79.7,1150,40394,8.7,57.7,B,L3,0
468,81.9,2.53,86.5,2279,112574,41.9,66.8,C,L3,1
469,68.53,5.31,81.1,6997,110195,28.3,65.7,C,L1,0
470,63.09,1.69,77.4,879,104915,62.5,59.5,B,L1,0
471,63.51,1.66,63.8,2413,59462,45.0,76.9,A,L2,0
472,61.44,2.49,69.3,8163,116404,40.6,77.7,B,L1,0
473,84.96,3.42,63.6,6300,23950,75.5,80.6,C,L2,0
474,56.74,2.26,119.2,2985,47515,45.3,70.4,C,L3,0
475,78.85,4.56,61.2,6608,58070,33.2,81.8,B,L4,0
476,76.03,3.2,94.0,5877,62078,26.6,88.6,A,L3,0
477,74.11,3.82,90.0,2395,11511,68.5,66.7,B,L4,0
478,76.15,5.26,94.7,8518,13526,50.9,77.2,B,L1,0
479,71.6,7.09,86.9,7303,118422,25.0,80.5,A,L2,1
480,69.64,3.41,91.8,5836,89112,32.3,71.5,B,L3,0
481,57.64,1.97,75.0,1036,28178,52.3,80.1,A,L3,0
482,64.67,2.96,90.8,8131,72882,47.0,76.2,B,L4,0
483,61.03,,74.3,2797,116884,73.9,74.4,A,L3,0
484,70.9,3.41,87.7,6856,59594,42.2,88.7,B,L1,0
485,62.49,2.75,94.5,3990,10719,51.0,69.0,A,L1,0
486,43.58,1.48,81.7,205,77905,64.2,67.4,A,L4,0
487,73.84,0.8,90.6,3604,107639,44.2,77.5,B,L4,0
488,70.27,2.79,77.9,5485,82659,36.4,63.1,A,L1,0
489,56.74,2.33,84.3,4751,89041,21.9,66.2,B,L3,0
490,65.19,4.77,76.4,7811,97111,44.7,83.1,C,L2,1
491,66.19,2.62,94.2,3655,29182,52.4,82.1,C,L4,0
492,51.83,3.38,72.6,330,112469,22.7,73.3,C,L1,0
493,64.92,2.93,93.3,2386,46985,9.6,67.7,A,L1,0
494,76.18,3.43,81.1,6232,23667,55.9,82.8,A,L1,0
495,61.57,3.14,68.0,4877,63541,56.9,74.0,B,L2,0
496,73.46,,,7511,77561,23.2,81.6,A,L2,0
497,77.06,6.34,79.4,5503,93182,60.1,75.1,B,L1,1
498,73.02,,78.3,1837,5909,56.6,70.6,A,L1,0
499,70.26,5.22,80.0,1757,42942,49.3,73.8,B,L4,0
500,51.26,0.97,62.9,2724,55584,68.2,82.4,B,L2,0
501,58.23,2.59,77.3,7205,3694,68.1,67.2,A,L3,0
502,78.67,2.45,100.8,1520,27879,34.4,68.8,B,L4,0
503,87.82,2.11,100.1,5561,45513,29.8,79.8,A,L4,0
504,68.89,3.77,97.5,6685,60252,42.3,72.3,C,L4,0
505,61.16,3.48,88.7,1744,37387,35.6,70.5,A,L4,0
506,64.75,2.92,99.2,3044,45147,50.8,65.8,B,L2,0
507,64.94,3.95,63.7,3922,96030,46.5,73.1,A,L1,1
508,76.99,3.62,90.5,200,55891,49.5,78.0,B,L3,0
509,89.11,1.14,68.0,8999,25469,70.9,60.1,B,L3,0
510,52.48,2.56,92.0,3920,37889,63.9,78.3,C,L1,0
511,71.08,3.87,103.5,2394,97533,53.9,66.1,A,L3,0
512,67.96,3.16,90.8,4940,90628,53.8,72.1,B,L3,1
513,60.07,3.67,85.2,6807,111972,42.1,71.2,C,L3,0
514,78.38,6.99,70.0,8811,62056,61.3,68.5,C,L2,1
515,65.48,2.28,100.8,4858,13506,40.4,59.7,A,L3,0
516,67.82,3.72,61.2,8744,70182,40.2,65.1,C,L1,1
517,82.19,2.4,84.7,2308,85072,46.9,86.4,A,L1,1
518,68.09,2.03,87.3,5872,51980,18.1,72.5,A,L4,0
519,84.87,3.19,60.2,6539,40906,25.7,51.4,B,L4,0
520,53.87,2.26,66.9,7868,77384,43.9,74.0,B,L1,0
521,96.27,3.58,90.7,3644,93792,46.8,76.0,A,L1,1
522,58.81,1.06,71.9,6658,72803,95.0,62.8,C,L4,0
523,62.08,3.13,102.8,6817,47220,67.8,66.2,B,L1,0
524,74.66,2.78,69.1,5018,105436,67.5,63.3,C,L3,0
525,63.28,3.65,91.4,897,2608,32.9,76.9,C,L2,0
526,77.83,3.21,75.8,7152,98685,22.4,62.6,B,L2,0
527,75.38,2.22,106.6,5644,7527,48.9,76.2,A,L3,0
528,72.44,2.41,67.8,657,90475,45.2,82.0,C,L2,0
529,68.27,,98.7,5578,80068,34.3,74.0,A,L3,1
530,74.61,4.99,63.5,2078,56975,30.6,71.8,A,L3,0
531,61.22,3.26,83.5,5037,80775,49.5,64.0,A,L3,0
532,55.34,2.06,82.2,6924,10186,58.6,68.6,C,L1,0
533,74.57,1.98,,5152,67880,34.9,71.7,B,L2,0
534,71.57,2.1,59.9,4989,19388,48.2,70.4,A,L4,0
535,78.81,1.72,93.7,7523,65184,77.2,68.6,A,L1,0
536,66.37,4.18,98.6,7187,22298,18.9,66.4,C,L1,0
537,55.06,2.58,82.9,5733,4539,11.6,55.3,A,L3,0
538,52.15,3.67,85.2,2847,35689,83.8,84.6,A,L1,0
539,78.85,1.53,84.2,6224,74023,50.8,76.6,B,L3,0
540,55.65,2.14,81.5,5531,69688,45.2,80.9,A,L3,0
541,85.03,3.46,76.9,4071,11611,55.5,78.5,A,L3,0
542,63.45,1.73,81.9,8264,8358,25.7,79.8,C,L4,0
543,69.54,2.97,85.5,8041,30556,57.5,83.3,A,L1,0
544,,6.71,89.1,5037,36964,30.8,83.8,C,L2,1
545,54.52,4.08,93.5,6647,77899,28.7,67.1,A,L2,0
546,65.88,1.92,77.2,4255,79033,53.1,77.8,B,L1,0
547,66.77,5.65,76.8,4412,100980,46.4,61.7,B,L2,1
548,61.3,2.48,91.5,1700,15668,51.7,60.0,B,L4,0
549,69.07,6.54,94.3,484,89596,70.0,64.7,B,L1,1
550,53.39,2.24,86.6,5784,114391,56.8,75.0,C,L3,0
551,66.6,7.92,72.7,1779,110995,60.1,60.8,B,L1,1
552,72.84,1.75,101.2,4690,69373,59.3,87.3,B,L4,0
553,75.44,6.41,84.4,6471,109787,8.7,74.7,A,L1,1
554,55.26,1.62,85.7,6801,108183,41.4,68.9,B,L2,0
555,82.16,4.22,88.6,371,118315,41.8,75.7,C,L2,1
556,73.16,2.72,101.2,3392,75468,29.3,64.4,B,L4,0
557,63.75,1.53,82.4,3486,76934,39.6,76.5,A,L3,0
558,75.78,4.42,86.9,7449,37006,49.3,71.8,A,L3,0
559,61.73,1.83,72.5,1533,23947,42.8,65.9,B,L3,0
560,71.86,3.91,92.8,4557,88585,47.5,81.5,C,L2,0
561,74.43,3.25,89.5,3184,3475,46.6,76.9,B,L4,0
562,56.53,3.11,74.2,276,114747,49.0,71.4,A,L2,1
563,83.1,1.79,72.6,577,63494,51.3,70.8,B,L3,0
564,66.15,3.47,76.8,5356,118346,23.2,62.9,B,L2,0
565,55.46,1.97,67.1,1791,114510,23.2,70.8,B,L2,0
566,80.6,4.89,59.0,461,52367,26.9,70.9,A,L2,0
567,69.8,3.4,78.4,8245,29150,58.4,79.8,C,L1,0
568,83.26,1.58,86.6,4052,118455,46.4,77.5,B,L3,1
569,89.6,4.38,103.2,7448,109605,61.0,69.3,C,L2,1
570,79.51,3.26,82.1,2121,112653,37.5,67.2,A,L2,0
571,74.72,3.43,81.5,2075,63325,46.2,77.7,C,L1,1
572,73.43,1.82,80.8,4268,97304,44.8,75.0,B,L1,0
573,70.91,1.72,87.2,6442,76402,72.1,51.6,B,L3,0
574,68.22,4.95,77.8,4446,70068,49.0,59.8,C,L3,0
575,53.65,2.43,88.5,6235,88948,67.2,82.0,A,L2,0
576,72.52,3.3,84.7,3250,14094,54.1,76.4,C,L1,0
577,61.49,2.9,89.9,7564,76141,71.8,69.0,B,L1,1
578,68.13,3.91,79.4,8485,39297,49.2,70.6,A,L4,1
579,42.56,2.85,76.0,3016,23539,79.9,71.2,A,L4,0
580,64.33,1.53,71.5,6765,55762,38.2,83.5,C,L3,0
581,59.57,3.58,97.9,5767,27537,7.8,67.2,C,L3,0
582,,4.13,79.4,879,42585,46.9,78.6,A,L1,0
583,53.59,3.58,80.3,5930,51888,50.9,75.1,A,L1,0
584,71.76,4.55,93.0,1973,111143,42.4,78.8,A,L1,1
585,67.98,2.67,89.3,5398,81596,52.3,68.0,A,L3,1
586,77.21,2.03,85.9,4732,44261,47.8,69.1,B,L4,0
587,67.79,2.98,99.2,7458,57402,55.1,79.3,B,L2,0
588,75.04,2.11,82.1,6281,9780,16.2,76.0,A,L1,0
589,69.6,4.6,74.5,1411,96658,40.2,65.9,A,L1,0
590,75.43,1.54,87.1,2547,28101,15.0,72.6,A,L1,0
591,76.67,2.01,82.7,8656,32576,34.3,70.9,C,L3,0
592,67.37,3.2,73.7,3286,6309,48.1,66.8,A,L3,0
593,69.88,1.76,96.0,7368,110049,32.9,75.4,C,L3,0
594,93.36,2.29,84.3,1215,51253,25.9,65.7,B,L3,0
595,61.96,2.6,71.2,7635,45737,20.5,86.6,B,L3,0
596,68.43,3.69,82.1,7138,62432,24.9,61.8,B,L3,0
597,68.88,1.54,88.7,5906,28040,45.0,80.7,A,L1,0
598,69.5,2.98,83.2,8806,21607,33.2,79.0,A,L2,0
599,58.17,3.09,75.5,5845,11433,68.0,68.4,B,L2,0
600,56.0,3.44,45.0,5684,49036,49.2,66.2,A,L4,0
601,73.48,2.44,68.0,407,34646,40.7,84.7,A,L2,0
602,58.56,2.49,86.7,3344,116119,44.5,80.7,A,L3,0
603,57.72,2.56,81.8,1570,42492,61.1,63.4,B,L3,0
604,77.64,2.21,103.4,4732,82453,45.7,76.7,B,L4,1
605,69.54,3.37,60.2,3993,60175,26.4,67.1,A,L3,0
606,75.49,3.42,,2116,63870,47.9,72.5,B,L1,0
607,79.14,2.19,76.4,7249,56232,55.7,67.4,A,L2,0
608,62.94,2.72,69.0,3198,108516,18.4,77.4,C,L1,0
609,84.8,3.52,67.6,456,22736,49.8,71.3,B,L4,0
610,71.29,5.02,83.3,3748,60209,55.3,66.6,B,L1,0
611,85.29,5.46,75.0,7687,40925,51.6,73.1,B,L4,1
612,69.37,6.27,69.1,4945,74431,79.5,63.8,B,L1,1
613,90.99,1.94,98.3,4311,25283,79.8,77.2,A,L1,1
614,76.79,5.41,104.9,8664,19882,18.9,70.2,B,L4,0
615,74.15,2.11,65.6,4545,10343,69.0,78.4,B,L3,0
616,82.28,3.63,84.2,2083,66048,77.1,60.1,A,L4,0
617,64.34,3.54,80.0,6813,90997,67.3,72.6,B,L4,0
618,48.73,2.13,102.5,7213,63394,76.5,74.9,A,L3,0
619,67.41,2.83,94.6,4419,9068,45.2,77.1,A,L3,0
620,71.33,1.82,62.9,1676,88363,46.6,72.4,C,L2,0
621,58.33,2.83,89.9,5273,21305,45.6,84.5,B,L4,0
622,62.92,3.88,63.0,8065,105632,9.8,62.6,C,L4,0
623,66.16,1.23,91.1,5922,113507,60.0,80.9,A,L1,1
624,65.15,3.32,72.2,1595,11110,39.5,68.8,A,L4,0
625,74.38,3.92,101.3,3331,79773,44.1,73.9,B,L4,1
626,64.11,4.06,78.4,1549,16243,52.5,83.7,B,L3,0
627,60.42,3.27,97.7,4279,21875,61.3,70.7,B,L1,0
628,59.68,1.43,85.5,5187,71741,14.4,79.3,B,L1,0
629,62.68,2.41,66.7,936,84950,50.7,71.0,C,L1,0
630,70.88,4.11,65.5,6139,43143,69.3,89.8,B,L2,0
631,62.46,2.62,93.7,949,91667,13.8,69.6,A,L1,0
632,73.03,6.1,100.7,4352,45406,63.9,90.6,A,L3,1
633,70.38,1.95,92.3,4114,96783,45.4,59.2,A,L3,0
634,73.72,3.73,73.5,3541,99934,39.1,58.7,A,L3,0
635,58.61,2.55,79.6,393,16133,67.4,73.2,B,L4,0
636,76.83,5.96,80.7,7054,80408,60.6,70.4,C,L4,1
637,58.15,1.85,100.3,7734,114591,42.2,70.2,A,L2,1
638,83.74,2.71,91.1,1039,76031,39.9,68.4,C,L1,0
639,80.67,2.5,84.3,4164,54037,35.4,49.5,B,L1,0
640,50.99,3.28,108.2,6444,112726,51.1,80.9,A,L1,0
641,57.64,2.34,92.6,6693,106603,65.5,65.1,C,L2,0
642,79.22,1.8,99.7,6682,64773,54.7,74.0,B,L2,0
643,81.29,2.36,76.0,6844,66206,31.5,63.2,A,L4,0
644,64.99,3.64,61.6,5692,51549,63.7,71.0,C,L4,1
645,64.8,7.02,67.9,221,50758,57.9,82.9,A,L1,0
646,59.72,2.6,53.4,4110,87043,32.6,56.9,A,L3,0
647,84.07,1.45,87.3,2759,104028,75.8,61.9,C,L2,0
648,74.6,2.04,86.5,6782,13214,54.8,82.0,C,L1,0
649,62.96,3.76,106.9,4195,57438,54.4,71.7,B,L2,0
650,76.24,4.87,94.6,8332,63693,27.4,76.1,A,L4,0
651,62.49,5.32,113.0,1298,31178,49.8,73.5,A,L4,0
652,69.9,3.86,97.9,7095,113583,26.7,78.0,A,L1,0
653,71.47,2.6,84.7,1082,109912,39.7,84.9,A,L2,0
654,72.83,2.93,85.8,3236,37057,56.1,72.3,C,L1,0
655,61.86,1.36,82.7,8721,84242,63.5,75.2,A,L3,0
656,68.89,2.53,103.6,4552,100500,37.8,56.5,C,L2,0
657,59.24,2.14,99.4,599,76927,46.6,72.7,B,L3,0
658,97.67,3.24,66.4,1699,92156,19.6,82.2,B,L1,1
659,65.55,4.75,88.6,4705,98171,30.5,53.3,A,L2,0
660,71.13,3.65,84.7,2959,106835,52.7,64.3,C,L2,1
661,77.83,2.85,71.5,1872,110998,45.1,71.9,A,L3,0
662,77.09,1.75,64.2,3917,84707,36.2,82.8,C,L3,0
663,75.68,3.2,87.4,6121,52196,8.0,65.7,A,L2,0
664,69.95,3.21,81.9,5256,71600,47.1,72.1,A,L3,0
665,95.53,3.07,108.9,3620,37532,52.1,78.1,B,L1,1
666,67.28,5.71,82.3,5955,79158,48.3,74.6,B,L4,1
667,74.35,2.52,88.8,4694,88616,36.5,69.7,A,L2,0
668,84.88,3.12,84.9,5249,73462,57.7,70.1,B,L2,1
669,67.63,5.34,93.3,2404,91397,64.4,64.1,C,L4,1
670,77.91,2.44,85.9,4653,57591,37.6,65.1,B,L3,0
671,69.68,3.35,78.6,8176,101251,68.4,86.9,A,L4,1
672,74.1,1.37,100.1,8475,111405,45.6,63.5,B,L1,0
673,64.4,3.9,81.3,5674,25398,24.7,79.2,A,L1,0
674,71.93,2.92,93.5,1160,16192,18.3,71.7,A,L1,0
675,67.04,5.71,107.4,6847,103518,46.6,66.8,A,L3,0
676,74.24,3.9,84.6,8864,33092,41.5,73.7,A,L4,1
677,73.41,2.28,80.1,1650,91719,66.1,87.6,A,L2,0
678,75.93,2.05,70.3,8671,79348,71.8,69.5,C,L2,1
679,69.07,1.58,92.9,8567,82620,49.8,58.5,B,L4,0
680,65.64,3.51,87.7,7022,67752,22.7,70.9,A,L2,0
681,84.05,1.83,89.3,1908,28882,38.6,62.7,B,L3,0
682,54.99,1.55,81.6,1134,34995,42.7,63.9,A,L3,0
683,78.18,2.77,95.3,5520,22104,52.1,66.7,B,L4,0
684,64.75,2.58,97.6,6289,42563,50.2,78.8,C,L3,0
685,71.65,1.95,93.9,4183,83225,47.9,71.0,B,L2,0
686,52.57,,93.9,1933,99632,56.0,60.6,B,L4,0
687,60.63,1.6,96.7,6098,77486,22.8,62.8,A,L3,0
688,64.82,2.7,94.4,5327,6586,31.1,67.2,B,L2,0
689,76.38,2.86,79.0,5179,96628,48.5,58.9,B,L2,0
690,52.16,5.34,90.6,1885,32695,45.9,70.3,A,L1,0
691,76.79,7.88,64.5,4973,111874,77.4,78.2,B,L1,1
692,58.79,2.74,104.8,2001,109405,22.6,65.7,B,L3,0
693,72.47,2.51,64.9,4497,34583,8.7,82.4,B,L2,0
694,76.47,4.86,78.8,3813,82882,50.4,73.7,A,L4,0
695,,2.08,92.1,1106,12404,30.2,61.1,C,L1,0
696,61.53,2.23,79.9,6370,56460,45.1,66.9,A,L4,0
697,78.56,2.32,103.6,3232,63913,60.1,75.4,A,L1,0
698,78.76,2.63,103.0,5360,50225,49.6,68.4,A,L2,0
699,89.2,5.33,53.8,3751,17989,58.4,75.4,B,L4,0
700,68.1,3.01,68.3,8299,57228,43.5,69.9,C,L3,0
701,54.1,1.81,104.7,6462,104782,67.1,80.4,B,L3,0
702,61.87,3.32,80.4,8609,98586,52.0,85.5,C,L3,1
703,88.88,1.32,75.1,6636,36655,68.4,75.1,A,L3,0
704,85.18,2.52,98.2,3712,92616,55.5,78.3,A,L3,0
705,62.68,5.0,88.2,2434,62393,51.8,60.7,B,L1,0
706,59.17,2.76,65.9,4601,113318,16.5,72.1,A,L4,0
707,69.78,1.99,77.2,2581,72101,69.0,53.2,C,L3,0
708,72.23,7.08,88.8,8536,119515,33.9,68.1,A,L2,1
709,89.35,1.65,101.9,4708,22401,71.8,67.5,B,L3,0
710,64.64,1.3,82.0,251,57212,63.3,70.5,A,L2,0
711,42.18,1.31,95.0,3394,71184,56.1,61.9,A,L4,0
712,61.71,4.78,95.2,8991,22346,68.3,80.9,C,L1,0
713,54.45,1.62,122.3,7226,9337,20.7,61.8,C,L3,0
714,65.36,2.96,59.2,4240,43317,52.8,70.1,A,L2,0
715,43.42,3.43,74.0,3603,113236,37.1,60.9,C,L4,0
716,70.42,2.18,103.5,6264,85321,46.3,70.9,C,L3,0
717,74.93,1.87,107.7,206,58077,28.9,69.7,C,L3,0
718,70.36,1.31,99.0,527,109041,56.5,83.7,A,L2,1
719,72.48,2.59,112.3,3837,96217,28.0,68.8,A,L1,0
720,66.32,3.23,92.6,4003,81296,74.6,79.7,B,L4,0
721,68.28,3.01,72.7,6789,59986,43.3,62.6,A,L3,0
722,77.92,3.21,111.1,3754,63953,47.6,80.8,B,L2,0
723,66.31,2.58,89.1,4670,44665,52.0,62.6,C,L2,0
724,56.99,1.09,96.1,4530,79357,48.9,72.8,A,L1,0
725,53.12,2.78,84.9,3228,2429,61.4,59.2,A,L3,0
726,63.65,2.1,87.4,8755,43798,73.4,79.0,C,L2,0
727,66.51,3.11,70.4,8442,23686,48.2,67.0,B,L2,0
728,70.99,3.45,79.2,4970,49563,53.2,67.6,C,L4,0
729,71.79,3.81,94.6,2807,27114,57.0,73.4,C,L3,0
730,62.83,2.93,94.4,6029,98094,39.5,69.5,A,L2,0
731,,4.72,75.8,2448,2262,27.9,63.9,C,L3,0
732,74.1,3.14,87.4,2593,10686,49.7,66.2,C,L1,0
733,70.04,,105.0,4710,49524,67.4,69.1,C,L3,0
734,64.39,1.93,,2283,84889,38.8,86.2,A,L1,0
735,53.14,2.51,62.5,688,102414,58.3,77.5,B,L2,0
736,82.02,6.75,97.3,4160,93369,61.3,73.6,A,L1,1
737,83.92,4.27,99.9,5473,61196,46.1,84.1,A,L1,1
738,78.93,1.83,97.5,7223,89956,56.9,91.0,A,L3,1
739,57.27,1.92,104.6,2156,98871,26.0,79.0,A,L3,0
740,55.44,2.45,72.5,2989,39566,28.8,69.2,C,L4,0
741,71.23,3.63,76.7,7317,34467,72.9,78.9,B,L2,1
742,75.2,2.21,87.6,4387,12674,14.7,77.0,B,L3,0
743,48.42,6.48,82.8,1167,96702,53.7,71.9,A,L2,0
744,59.32,1.28,101.3,2144,12432,21.6,69.6,A,L3,0
745,62.05,3.59,73.3,4058,4064,47.3,88.7,B,L3,0
746,79.64,2.94,68.3,5579,46752,48.1,77.1,C,L2,0
747,64.32,5.46,90.1,6804,39820,56.2,64.8,C,L4,0
748,78.49,3.98,88.5,848,69426,31.4,72.7,C,L2,0
749,73.77,3.02,86.7,4005,87887,69.7,73.8,B,L2,0
750,75.9,3.73,87.6,7209,102454,45.7,66.4,B,L3,1
751,69.54,2.91,80.1,8159,20000,42.2,73.1,A,L1,0
752,89.22,1.14,98.4,235,21358,5.0,68.3,A,L2,0
753,77.85,3.41,84.1,4863,94773,30.9,68.7,A,L1,0
754,75.84,6.02,72.4,142,78584,32.1,72.9,A,L4,0
755,57.28,2.79,92.3,8927,110945,34.4,76.8,A,L4,0
756,65.81,4.93,55.0,3847,73737,38.5,69.5,A,L4,0
757,72.43,4.0,57.7,2578,106664,49.7,74.5,C,L2,1
758,79.94,3.03,78.2,177,3571,81.1,87.1,A,L2,0
759,66.03,2.45,96.1,444,18530,42.4,59.9,B,L2,0
760,50.32,3.39,83.6,8812,81236,64.4,65.0,B,L3,0
761,80.54,1.33,74.6,579,69589,64.1,76.9,A,L1,0
762,73.53,3.06,66.1,7876,45648,52.7,65.6,C,L3,0
763,60.13,4.22,86.3,3874,77171,49.9,76.4,A,L4,0
764,66.93,1.64,80.9,7052,74758,45.2,66.3,A,L2,0
765,54.45,1.19,80.7,3376,36129,95.0,54.3,A,L2,0
766,64.48,2.06,86.8,956,119184,27.8,64.4,A,L3,0
767,79.38,1.77,62.1,2581,7029,23.5,67.8,B,L3,0
768,75.72,1.61,83.6,3259,26806,5.0,70.1,B,L1,0
769,65.09,4.31,95.4,3387,39728,45.0,70.1,A,L2,0
770,58.91,4.41,91.5,7943,61773,57.0,63.5,B,L2,0
771,65.02,2.97,100.7,8721,100966,37.3,61.5,C,L4,1
772,72.19,3.33,97.4,4585,119286,41.2,84.9,C,L1,1
773,83.36,4.21,92.7,2417,69278,15.7,74.4,A,L1,0
774,86.27,5.65,78.2,7656,41204,51.0,79.0,A,L1,0
775,61.21,1.41,96.8,213,41498,27.2,77.4,A,L1,0
776,69.11,5.0,98.4,6783,35366,35.4,64.6,C,L1,0
777,72.58,2.82,87.0,5629,105901,44.4,71.4,B,L4,1
778,60.63,3.99,75.8,2737,109876,41.8,75.4,C,L1,1
779,67.76,1.09,101.3,1184,109385,30.8,79.9,A,L1,0
780,63.62,1.9,89.9,1702,20718,47.0,83.4,A,L4,0
781,83.26,2.05,67.1,2212,23885,52.9,70.0,B,L4,0
782,77.57,5.34,93.6,280,15028,34.1,79.7,A,L2,1
783,58.73,3.11,83.0,8073,28379,71.2,74.9,A,L4,0
784,68.07,1.02,70.9,4306,56725,72.6,67.0,A,L1,0
785,65.9,3.18,77.4,5309,97577,48.6,79.1,A,L4,1
786,58.0,3.1,81.6,4330,115491,51.7,63.4,B,L2,0
787,60.67,2.85,80.8,1080,13537,53.9,90.6,B,L1,0
788,64.5,5.05,84.3,4675,17084,27.3,53.1,B,L2,0
789,62.3,4.52,92.9,7586,81706,54.6,60.2,B,L4,1
790,83.16,2.82,76.2,6055,31718,61.5,59.1,B,L4,0
791,53.83,4.39,90.0,5267,70097,32.1,82.1,A,L4,0
792,78.15,4.31,94.8,7938,113668,55.9,80.2,A,L2,1
793,62.91,3.01,92.1,2050,68305,90.5,64.5,B,L3,0
794,82.06,3.94,65.3,8142,115692,52.3,79.7,A,L3,1
795,76.54,3.48,96.1,1037,68561,30.9,73.6,C,L3,0
796,59.81,3.12,83.1,1659,59611,43.1,71.8,C,L3,0
797,77.12,2.8,85.4,851,61686,55.1,82.0,C,L4,0
798,74.53,4.61,59.2,2878,34287,49.4,71.3,B,L3,0
799,64.73,2.17,64.7,2823,14941,56.0,75.2,B,L1,0
800,60.04,4.91,93.4,6392,23737,45.1,73.8,A,L2,0
801,68.97,2.23,80.1,7873,90310,57.2,65.3,A,L3,0
802,63.1,4.83,85.0,4586,58358,64.1,74.6,C,L4,1
803,58.74,2.95,74.0,7778,69826,74.0,71.7,B,L2,0
804,63.22,3.33,77.7,8912,71306,47.2,59.1,A,L4,0
805,63.34,5.38,82.0,6387,114957,22.9,76.2,C,L4,1
806,66.78,2.27,105.1,2688,17605,58.5,71.8,B,L2,0
807,71.01,3.21,89.6,2358,88992,58.8,68.8,C,L1,1
808,66.72,2.93,95.5,5953,111493,95.0,65.5,B,L2,1
809,69.38,3.05,91.3,2313,25611,74.1,73.3,B,L2,0
810,65.79,4.07,86.9,7949,40333,66.6,67.9,B,L4,0
811,71.94,3.31,85.8,1884,103204,46.7,87.8,B,L1,0
812,82.0,2.47,77.8,1225,29531,14.2,72.3,B,L2,0
813,66.32,3.54,72.6,2139,55981,5.0,63.4,A,L1,0
814,69.45,3.52,79.3,5111,55345,30.8,73.4,A,L1,0
815,61.51,1.92,99.2,4229,36273,45.3,77.0,A,L2,0
816,91.33,3.06,98.1,5081,39251,52.3,74.9,A,L2,0
817,63.47,1.87,81.6,5363,46317,60.7,60.3,B,L1,0
818,78.7,2.25,90.6,7045,60162,27.1,71.4,B,L2,0
819,65.82,2.1,93.6,4231,69466,43.2,59.5,C,L1,0
820,68.58,2.82,86.1,6286,75868,44.6,69.1,B,L1,0
821,60.83,2.98,93.8,780,44556,36.2,80.1,C,L3,0
822,62.47,3.34,81.8,1304,67950,26.5,71.6,A,L1,0
823,,2.75,90.9,6510,5755,59.2,68.8,B,L1,0
824,61.94,1.97,108.2,1235,72303,53.6,59.2,B,L1,0
825,53.97,4.57,83.2,4761,69199,69.3,65.0,A,L4,0
826,78.01,0.78,92.0,3792,111399,31.7,70.1,A,L1,0
827,48.23,3.51,90.4,4951,91902,61.6,59.9,C,L1,0
828,57.37,2.3,78.7,6671,112957,43.0,79.2,A,L1,0
829,78.05,5.09,90.8,1406,81451,34.9,69.1,B,L3,0
830,60.17,1.73,106.0,2589,102036,38.0,86.8,C,L1,0
831,66.79,3.89,76.5,4814,86929,41.9,73.0,A,L1,0
832,74.3,2.07,105.6,5420,43031,48.1,62.7,B,L1,0
833,57.21,2.15,67.5,4034,102137,39.9,70.4,C,L1,0
834,65.34,5.06,79.8,4488,73231,31.4,67.2,A,L2,1
835,63.17,6.54,120.9,2319,63830,7.3,66.0,B,L3,0
836,57.3,3.53,86.3,6588,24678,35.9,61.9,A,L3,0
837,63.76,1.62,108.6,2449,1505,51.2,67.6,B,L4,0
838,59.95,4.29,83.7,2725,33757,5.0,66.6,B,L2,0
839,51.85,1.45,78.3,7919,93986,47.7,77.2,B,L4,0
840,69.23,4.65,83.2,2365,91563,22.7,86.0,A,L2,1
841,60.28,0.93,78.2,4785,65626,54.7,76.5,A,L1,0
842,54.05,2.45,88.8,2610,113722,24.3,64.7,A,L2,0
843,67.41,3.77,64.5,333,89405,61.2,61.9,A,L4,0
844,75.4,1.95,97.4,1571,104884,44.0,66.7,B,L4,0
845,61.35,2.52,90.1,2283,13175,70.0,72.2,B,L1,0
846,66.57,2.86,80.7,6899,28766,32.2,72.2,C,L4,0
847,56.42,2.47,85.7,8213,60263,57.0,68.0,A,L4,0
848,66.12,1.99,97.4,6146,18321,52.0,69.1,C,L4,0
849,43.56,2.56,92.4,7222,116868,27.3,68.9,C,L4,0
850,57.07,1.43,87.3,4510,16236,51.6,77.6,B,L1,0
851,50.93,3.9,84.5,1582,23026,53.7,79.3,A,L2,0
852,63.19,2.55,80.9,8983,82999,29.5,68.4,B,L2,0
853,76.17,2.49,86.3,8577,83681,75.2,62.9,A,L3,1
854,65.96,6.8,77.2,4332,12830,52.9,78.1,A,L1,0
855,55.85,3.06,80.7,1366,114226,68.9,68.3,B,L1,0
856,54.19,3.5,81.4,6351,54273,38.9,72.7,B,L3,0
857,65.94,3.66,71.7,6195,109804,50.6,72.7,A,L3,0
858,76.68,3.24,95.6,3025,21460,43.8,74.9,A,L1,0
859,57.68,3.21,99.7,362,71525,44.5,75.6,C,L1,0
860,68.4,3.77,74.9,3298,75235,71.2,76.1,B,L3,1
861,78.24,3.41,95.8,3207,93764,37.3,64.1,C,L2,1
862,72.89,2.74,87.5,7001,97720,61.3,69.8,C,L4,1
863,61.84,2.19,96.5,4612,83576,37.7,70.2,A,L2,0
864,58.58,4.83,93.5,1865,119073,59.1,70.6,B,L1,1
865,60.74,2.24,89.6,535,115670,44.5,65.4,B,L2,0
866,,4.56,66.6,446,80869,34.8,58.1,B,L2,0
867,66.64,3.13,88.7,1702,113660,45.7,75.6,B,L1,0
868,78.71,3.48,85.3,8896,65913,55.7,84.5,B,L4,1
869,52.6,2.19,74.2,1051,27754,20.1,78.2,A,L2,0
870,63.31,2.27,62.9,3447,56188,14.5,70.8,A,L2,0
871,55.29,1.95,87.4,6332,106852,51.9,82.5,C,L1,0
872,68.02,2.91,90.3,6167,68972,45.9,76.9,B,L4,0
873,63.47,5.43,79.3,5740,84251,41.0,79.1,B,L2,1
874,90.23,1.83,83.5,5626,105502,42.8,74.9,B,L3,0
875,78.18,2.57,71.9,813,52317,65.1,82.7,A,L3,0
876,72.61,4.12,70.1,2903,13724,5.0,78.4,A,L4,0
877,58.79,3.31,81.9,2342,91249,51.9,64.0,C,L1,0
878,78.05,7.75,72.1,3188,17555,30.9,74.1,B,L2,1
879,76.54,5.89,94.0,8488,72124,40.9,69.4,B,L3,1
880,75.29,4.0,57.7,2343,76939,55.9,85.8,B,L3,0
881,80.3,3.67,88.7,476,48606,43.0,71.4,B,L2,0
882,72.16,4.32,94.3,804,59172,36.5,71.8,A,L1,0
883,63.05,3.37,85.0,2899,109539,48.4,62.3,A,L3,0
884,85.59,1.6,88.2,2644,107657,56.3,54.7,A,L3,0
885,53.21,1.31,87.4,2833,26754,74.4,72.2,A,L1,0
886,77.26,7.4,57.9,8355,91214,29.9,71.7,B,L4,1
887,60.21,2.63,81.8,2164,21893,47.8,61.9,B,L1,0
888,50.29,1.81,82.3,1630,9083,55.7,53.1,B,L1,0
889,70.2,6.23,96.2,8072,85455,36.5,76.1,B,L3,1
890,76.98,1.39,107.4,765,63029,65.3,77.0,B,L2,0
891,84.25,2.04,81.2,6642,37258,51.8,74.5,C,L3,0
892,70.19,3.1,74.0,3533,60359,38.9,63.5,A,L4,0
893,62.38,2.31,82.5,5680,117072,30.8,62.6,A,L1,0
894,84.04,1.95,102.0,5507,87178,64.5,76.8,C,L2,0
895,71.48,4.09,84.3,2679,83682,51.1,59.5,B,L1,0
896,78.36,2.16,93.9,5544,11954,44.8,69.8,B,L4,0
897,73.7,4.77,70.7,905,71088,56.2,64.5,A,L2,0
898,69.09,3.49,84.6,5890,87996,47.8,74.5,A,L1,0
899,61.81,4.45,60.8,1272,18749,49.1,85.4,B,L2,0
900,68.73,2.62,83.2,8351,67305,60.3,59.6,B,L2,0
901,78.22,1.94,84.5,8368,109069,41.7,83.3,A,L4,1
902,70.05,2.04,91.4,1582,1505,20.6,57.3,C,L1,0
903,49.15,4.02,60.0,4369,78194,43.4,73.0,A,L4,0
904,56.27,1.8,82.2,1171,13577,34.6,53.1,B,L2,0
905,73.24,2.38,74.4,6830,104451,63.1,70.0,A,L1,0
906,61.96,3.52,103.6,4500,91391,58.7,65.9,B,L1,0
907,78.55,2.45,96.9,5862,27806,65.3,80.7,B,L2,0
908,63.11,3.66,99.2,786,111683,64.2,72.6,B,L2,0
909,65.01,4.41,94.3,7782,40636,41.5,74.9,A,L3,0
910,91.61,,94.1,5266,67295,50.1,71.0,A,L2,0
911,61.67,3.35,83.0,3873,31091,29.6,65.8,C,L1,0
912,63.64,3.48,70.1,1625,43004,62.3,75.9,A,L3,0
913,56.89,3.14,80.5,349,113105,38.5,68.5,B,L4,0
914,77.82,3.36,79.9,8477,43668,61.9,80.1,A,L1,1
915,63.52,3.31,66.7,4203,114148,42.5,68.0,B,L2,0
916,69.44,4.34,92.0,5221,68691,58.7,74.9,A,L2,0
917,62.16,3.57,78.2,1382,32092,60.3,83.1,C,L1,1
918,56.46,2.3,92.8,8477,79850,42.5,66.3,A,L1,0
919,84.11,3.31,87.9,7302,83506,41.1,82.0,C,L1,1
920,65.39,3.65,81.1,7185,101378,28.4,77.3,A,L1,0
921,74.2,2.07,64.2,366,108521,21.8,61.8,A,L4,0
922,71.71,8.2,101.9,7579,82455,49.3,64.2,A,L4,1
923,85.02,,97.7,520,14503,40.1,74.8,B,L3,0
924,58.29,3.96,88.9,1534,103649,52.6,66.7,A,L2,0
925,67.21,2.36,75.5,1008,25465,59.6,80.3,B,L1,0
926,45.55,2.5,73.4,2224,102418,79.7,61.8,A,L3,0
927,67.92,6.96,105.8,7844,3541,20.6,78.6,A,L3,0
928,72.96,1.75,78.1,8928,17083,53.0,67.4,A,L1,0
929,87.55,2.95,69.6,2422,116779,41.0,68.3,A,L3,1
930,80.83,2.36,71.5,994,98258,76.2,67.1,A,L4,0
931,52.32,2.31,74.6,2046,99526,41.3,77.1,A,L1,0
932,81.76,3.71,87.7,3643,81865,36.6,69.7,B,L1,1
933,57.96,3.15,89.2,3891,107859,53.2,61.0,B,L1,0
934,60.37,4.79,85.8,3996,4102,86.2,76.0,B,L2,0
935,53.89,3.64,75.7,8623,100929,42.1,62.9,C,L2,0
936,63.1,1.89,117.3,809,17227,67.7,83.9,A,L3,0
937,71.37,4.32,70.7,2352,7551,44.7,62.9,C,L4,0
938,71.82,5.21,67.3,8227,95343,58.2,69.8,C,L1,1
939,80.84,4.35,88.2,2803,45788,34.4,81.8,C,L2,0
940,72.21,2.22,93.4,5788,30225,57.6,69.5,A,L1,0
941,69.89,2.61,82.0,5289,31935,67.4,74.2,B,L1,0
942,74.84,0.9,93.3,1457,58831,12.1,76.5,A,L4,0
943,75.81,3.14,71.4,2112,101133,35.0,58.8,A,L1,1
944,,5.25,49.2,502,34669,37.4,60.8,A,L1,0
945,69.8,1.65,70.3,8451,23825,76.3,67.8,A,L2,0
946,73.13,3.45,78.6,7606,17287,38.8,64.8,C,L4,0
947,75.2,4.44,76.8,6165,114941,59.0,74.6,B,L2,0
948,75.48,1.12,75.6,7656,69620,7.3,60.2,A,L3,0
949,,2.78,57.2,3476,94349,51.3,83.7,C,L1,0
950,47.61,2.17,72.6,450,72701,40.9,80.7,A,L3,0
951,69.78,6.93,86.9,4286,106788,52.5,70.0,A,L3,1
952,69.69,1.8,73.5,1538,30556,67.8,75.8,A,L3,0
953,80.2,1.95,74.0,6391,51279,58.4,75.3,A,L2,0
954,71.61,5.36,70.4,438,64028,59.2,82.1,B,L4,1
955,58.28,1.07,71.2,7336,44165,57.0,66.7,C,L3,0
956,54.57,8.9,65.1,2753,68604,43.8,67.0,B,L4,1
957,62.68,6.7,77.9,1324,117041,59.5,84.4,A,L4,1
958,53.14,2.35,69.2,4870,116611,28.4,70.0,B,L1,0
959,84.26,2.38,84.5,3849,114769,65.9,77.1,A,L1,0
960,58.33,3.97,80.4,2216,76053,72.9,88.9,A,L4,0
961,79.71,2.41,78.9,5668,75057,28.0,66.6,B,L2,0
962,54.03,2.54,77.1,7238,41390,56.5,62.4,A,L2,0
963,64.88,2.44,,1449,91955,46.8,61.6,B,L3,0
964,48.91,6.84,77.5,1733,5787,38.3,53.5,A,L1,0
965,73.82,2.35,75.9,7320,29769,71.5,59.7,A,L1,0
966,70.3,3.25,100.4,5062,50199,28.2,88.6,B,L3,1
967,68.15,1.47,84.9,1033,75708,53.3,65.7,A,L3,0
968,77.26,7.08,94.9,4400,17160,33.3,59.7,A,L3,0
969,73.75,8.35,92.1,2824,60194,51.5,71.7,C,L4,1
970,56.43,4.36,115.9,6731,76881,32.8,81.6,A,L3,0
971,62.77,1.91,99.4,796,40039,44.6,78.6,A,L1,0
972,61.52,3.34,68.7,7630,89675,67.3,83.6,A,L2,1
973,73.44,5.14,94.1,310,3599,33.0,84.2,C,L4,0
974,62.83,5.08,94.0,3041,101787,51.0,59.4,A,L3,0
975,61.39,2.87,82.4,8324,32265,42.8,81.6,C,L1,0
976,73.13,4.23,62.2,4496,104039,72.0,84.2,A,L1,0
977,69.65,7.78,97.1,7920,3536,43.8,75.9,B,L1,0
978,77.19,2.66,74.2,8542,8553,49.0,65.2,B,L1,0
979,71.87,2.7,77.1,1583,48807,54.7,58.5,C,L2,0
980,67.15,2.0,73.2,4731,13233,41.8,75.6,A,L2,0
981,80.84,3.97,85.6,6570,110962,34.0,82.2,A,L3,1
982,60.89,,91.2,7831,17361,31.5,66.8,A,L4,0
983,54.59,8.44,63.0,2173,73589,51.0,80.9,B,L1,1
984,64.8,4.66,90.2,3609,105371,76.8,79.7,A,L2,1
985,62.1,4.59,102.3,4026,74227,18.7,65.2,C,L1,0
986,65.76,2.96,78.6,8000,66701,42.3,80.2,A,L4,0
987,85.48,1.36,87.5,6367,64083,57.3,71.5,B,L1,0
988,53.44,3.39,66.8,1612,68229,36.6,91.3,A,L2,0
989,59.2,4.21,98.4,105,111184,43.3,63.8,C,L1,1
990,71.51,3.37,103.3,8768,89653,60.5,67.5,B,L2,0
991,64.76,2.49,82.0,6520,19827,25.7,63.6,C,L1,0
992,66.75,2.62,74.8,3657,34229,45.4,79.2,A,L2,0
993,75.52,10.25,88.1,4732,97973,62.5,70.3,A,L4,1
994,67.56,4.87,64.0,7995,13572,60.5,63.8,A,L3,0
995,59.19,3.84,74.9,8896,107716,65.3,61.6,A,L3,0
996,58.61,3.41,100.6,5775,68931,71.5,73.0,B,L4,0
997,77.91,2.88,107.1,7817,49193,43.5,72.0,A,L3,0
998,68.06,3.71,85.2,1488,63674,14.8,73.2,A,L1,0
999,63.85,1.89,69.0,4948,8698,21.6,59.2,C,L3,0
1000,53.42,2.92,93.2,6844,33973,34.9,81.7,C,L4,0
1001,75.12,1.53,67.7,2728,35874,43.0,86.5,C,L2,0
1002,65.65,3.61,81.8,4357,28374,31.2,68.5,A,L2,0
1003,73.48,2.2,109.1,6278,77469,43.1,67.5,B,L3,1
1004,65.72,3.8,97.0,2398,39197,59.5,74.2,B,L2,0
1005,65.5,0.89,91.1,5541,40405,35.0,69.9,A,L3,0
1006,63.67,2.17,82.2,3358,119520,5.2,70.7,B,L1,0
1007,83.19,4.04,94.0,1506,90912,53.1,67.9,B,L2,1
1008,75.66,3.87,87.0,5897,23859,57.2,80.1,B,L4,0
1009,77.96,2.34,112.3,5379,47326,70.5,71.9,A,L2,0
1010,74.42,4.61,67.8,4052,80181,61.8,74.0,C,L2,1
1011,55.62,6.34,73.5,1943,104484,51.2,72.6,B,L4,1
1012,65.23,1.99,81.6,5988,59111,50.3,63.5,C,L2,0
1013,81.17,5.09,78.3,3889,9363,31.0,80.1,C,L2,1
1014,51.26,2.82,91.2,5371,95417,40.1,61.8,C,L4,0
1015,72.36,3.47,72.4,259,47117,30.9,75.9,C,L3,0
1016,71.67,2.07,85.5,1137,52835,34.5,68.2,B,L2,0
1017,70.82,2.88,102.7,364,102606,82.4,71.4,B,L2,1
1018,65.26,4.27,76.1,1782,97125,62.7,81.9,A,L2,0
1019,58.9,6.13,71.5,6017,115740,66.3,70.4,B,L3,1
1020,85.27,3.01,78.8,5836,51639,68.6,63.9,A,L1,0
1021,68.3,1.88,84.9,476,99951,14.7,66.6,C,L3,0
1022,73.84,2.88,65.4,2772,62848,57.7,75.5,C,L2,1
1023,77.48,4.59,72.0,8557,113475,60.2,76.5,B,L1,1
1024,64.21,2.96,101.7,2326,68020,29.2,69.0,B,L2,0
1025,75.81,1.72,81.6,118,37867,9.9,76.3,A,L3,0
1026,61.87,3.4,87.1,2912,25989,78.2,76.0,B,L4,0
1027,63.13,2.98,89.8,148,112008,89.0,72.6,C,L1,0
1028,79.44,2.2,94.1,8117,36995,55.1,72.5,B,L4,0
1029,58.09,5.32,82.5,520,60317,68.4,67.4,B,L4,0
1030,57.76,1.8,75.8,4218,109685,44.0,78.7,C,L3,0
1031,78.49,2.16,84.9,2707,43431,42.6,70.3,C,L1,0
1032,83.47,3.05,100.9,2678,90306,63.0,94.7,A,L3,1
1033,84.57,2.15,80.9,2289,49249,17.4,69.3,A,L3,0
1034,67.93,1.17,109.5,2394,39072,59.7,79.4,A,L3,0
1035,55.7,1.82,81.7,8012,88816,59.3,65.2,C,L2,0
1036,70.26,2.84,76.3,8565,91863,67.2,74.2,C,L3,0
1037,62.13,2.21,83.0,6594,85539,40.7,66.4,C,L2,0
1038,66.32,2.93,94.8,1884,33991,61.9,81.0,A,L2,0
1039,66.99,2.45,90.4,8956,53787,57.5,64.8,C,L1,0
1040,68.05,3.53,86.2,5095,71699,41.8,56.5,B,L4,0
1041,83.48,5.65,104.2,7589,85761,51.9,77.3,C,L4,1
1042,57.06,2.6,63.0,4961,54810,52.0,68.7,A,L1,0
1043,67.36,1.65,74.3,8847,100771,38.5,65.4,A,L2,0
1044,59.04,3.06,68.6,3155,4054,48.8,70.2,A,L2,0
1045,72.77,8.27,81.8,8373,83836,53.4,70.2,B,L3,1
1046,93.19,2.36,81.6,8906,83689,57.7,81.1,A,L1,1
1047,58.96,1.45,97.0,4161,16055,45.7,83.5,B,L1,0
1048,75.06,1.43,74.1,497,77045,55.9,77.5,B,L1,0
1049,74.69,5.47,61.3,5412,4921,61.4,74.8,A,L3,0
1050,66.2,5.06,84.1,1154,1627,47.4,68.8,A,L2,0
1051,84.22,2.76,82.5,6344,9632,35.2,85.2,A,L3,0
1052,85.3,2.84,91.5,1997,25924,45.1,63.2,A,L2,0
1053,51.04,3.68,70.3,544,104888,49.7,75.5,B,L2,0
1054,56.97,7.35,104.7,4008,85432,44.9,72.7,C,L3,1
1055,65.9,1.82,84.8,2539,82728,68.7,74.6,B,L2,1
1056,55.61,2.75,92.1,8198,111736,72.0,73.9,A,L3,0
1057,58.85,3.56,74.7,793,100098,64.8,77.8,B,L3,0
1058,55.37,5.17,76.5,7522,91841,34.0,70.2,A,L4,0
1059,74.18,1.57,88.9,2221,31498,47.1,78.4,A,L2,0
1060,78.45,2.16,89.2,2517,98711,17.7,73.9,A,L2,0
1061,70.46,5.06,97.1,4371,56566,59.5,74.1,A,L1,0
1062,80.43,2.69,84.2,318,35890,49.5,74.6,B,L4,0
1063,72.0,2.68,91.0,2018,94879,42.7,80.1,B,L2,1
1064,73.53,2.53,84.7,2306,1263,55.0,64.1,C,L4,0
1065,67.95,4.51,82.6,4884,67412,94.5,72.6,C,L4,1
1066,52.17,2.66,83.9,6160,60296,36.3,78.2,B,L2,0
1067,78.66,1.98,79.2,4664,26036,21.8,63.2,C,L3,0
1068,69.57,6.66,70.5,2014,41436,34.8,70.6,B,L1,0
1069,60.73,6.29,81.5,6424,64674,28.2,61.5,B,L2,0
1070,56.7,4.07,79.9,8581,47376,19.4,66.9,A,L2,0
1071,69.64,3.02,90.2,4282,86984,30.9,65.9,A,L3,0
1072,78.96,6.11,90.1,2390,52429,26.0,80.0,B,L3,1
1073,71.4,2.8,87.6,8746,87416,57.2,76.0,B,L4,0
1074,61.72,3.46,81.7,5873,71715,50.3,78.6,B,L3,0
1075,59.67,2.45,61.6,8895,13088,48.2,67.3,C,L1,0
1076,70.21,1.31,68.8,5518,8423,56.0,67.1,A,L3,0
1077,52.85,2.48,85.4,6421,114016,36.8,71.7,C,L3,0
1078,59.06,1.62,78.5,1722,72060,77.1,77.9,A,L4,0
1079,68.84,3.36,103.8,3809,6460,63.6,75.0,B,L1,0
1080,72.29,6.12,99.4,5306,4753,45.6,67.3,A,L3,0
1081,65.85,4.94,85.5,1178,35979,46.2,50.4,B,L3,0
1082,71.82,5.53,101.3,5735,47936,61.1,70.5,B,L4,1
1083,68.32,2.62,94.4,937,119300,25.9,68.3,C,L3,0
1084,58.25,7.45,77.0,5279,5094,37.8,50.9,A,L2,0
1085,73.84,4.41,80.4,1150,3356,47.8,65.3,C,L2,0
1086,68.93,9.2,72.4,6753,83994,64.4,69.1,C,L3,1
1087,65.96,5.43,69.6,6123,2522,57.3,70.0,A,L1,0
1088,89.97,3.66,110.1,8888,118838,35.9,78.0,C,L1,1
1089,76.68,2.68,98.2,6580,15901,50.1,62.7,B,L1,0
1090,47.67,2.63,73.9,2384,11906,54.4,75.0,B,L4,0
1091,68.59,4.38,83.8,2425,50662,38.4,76.1,C,L3,0
1092,71.79,2.69,102.0,6084,55419,56.0,73.4,A,L3,0
1093,61.89,1.67,71.5,1623,88879,32.7,68.1,B,L2,0
1094,59.26,3.19,74.1,112,20139,30.3,83.6,B,L1,0
1095,65.55,3.74,75.4,4856,108380,69.3,68.0,A,L2,1
1096,53.73,1.99,71.0,2966,20928,49.0,67.3,A,L3,0
1097,62.32,1.83,97.5,8999,64758,36.1,69.2,B,L1,0
1098,58.94,2.09,61.7,3303,81426,42.7,80.8,A,L1,0
1099,65.44,2.52,83.9,2125,38446,60.7,72.7,A,L1,0
1100,60.88,3.55,80.1,2546,30314,48.0,59.6,C,L4,0
1101,73.72,2.96,97.3,8318,20227,72.1,56.7,C,L3,0
1102,89.08,4.38,72.4,7156,18285,44.3,71.9,A,L4,0
1103,71.22,4.99,84.9,1264,100440,66.6,73.5,B,L4,0
1104,83.64,1.64,86.8,1891,110359,53.0,70.9,A,L1,1
1105,72.62,2.91,91.7,6662,106424,49.5,77.1,B,L1,0
1106,68.92,3.09,98.9,5867,52045,32.1,69.4,A,L4,0
1107,62.62,1.42,74.2,6881,54971,53.8,66.2,A,L4,0
1108,77.7,3.82,95.4,1580,55985,51.9,61.9,A,L3,0
1109,66.01,1.54,86.1,3725,59839,55.5,67.6,A,L2,0
1110,60.03,4.76,116.8,4629,84850,53.3,66.5,B,L1,0
1111,64.85,3.89,87.0,5268,73564,28.9,70.1,A,L2,0
1112,68.61,4.38,84.8,516,57487,36.2,81.3,A,L3,1
1113,48.55,3.66,99.3,5667,33880,56.6,75.1,A,L4,0
1114,88.74,2.59,68.2,4124,42503,50.6,66.0,A,L1,0
1115,46.17,,105.5,5986,103645,52.0,89.4,C,L1,1
1116,66.75,3.22,105.7,7067,31282,34.6,67.6,A,L1,0
1117,55.64,2.45,77.9,4856,36089,49.7,77.6,C,L2,0
1118,41.64,2.7,62.0,7528,31361,32.7,82.3,A,L4,0
1119,63.48,4.41,77.1,2051,6362,57.5,73.2,C,L2,0
1120,68.2,2.26,84.0,3903,54005,47.4,70.6,A,L2,0
1121,71.34,2.21,82.2,8227,42935,56.7,69.8,B,L1,1
1122,73.57,3.13,85.9,1170,6132,70.4,66.7,A,L4,0
1123,,1.79,75.8,7851,111188,32.3,63.5,A,L2,0
1124,71.23,1.98,94.1,1165,65147,64.9,61.8,C,L4,0
1125,56.61,1.96,95.7,1114,78197,44.3,60.7,A,L3,0
1126,60.44,1.52,102.7,2167,96387,83.9,71.6,B,L4,0
1127,74.52,2.54,73.2,2418,75456,36.5,73.9,A,L1,0
1128,70.49,1.41,79.9,3791,84095,57.4,63.3,B,L2,0
1129,79.65,9.13,86.8,1279,73055,51.4,65.3,B,L1,1
1130,58.71,1.58,81.1,7858,15139,51.9,74.5,B,L3,0
1131,55.59,1.17,89.6,5623,94277,39.0,77.8,A,L3,0
1132,79.67,4.7,82.6,7924,15833,62.3,76.9,A,L3,1
1133,63.3,4.59,66.0,1288,109786,61.6,65.8,B,L3,1
1134,72.06,8.69,79.8,8898,29780,46.9,77.2,B,L4,1
1135,85.86,3.14,68.2,8938,5419,52.8,63.3,C,L3,0
1136,60.85,3.66,99.7,8466,30180,72.8,66.0,A,L4,0
1137,81.14,3.69,98.3,3169,84650,44.6,74.9,C,L1,1
1138,66.08,2.0,77.6,4417,112937,48.8,58.5,B,L4,0
1139,73.56,2.64,79.8,3494,94242,60.5,66.6,B,L4,1
1140,79.39,1.92,90.1,6864,3123,43.4,65.2,B,L2,0
1141,87.71,1.93,69.4,3085,20396,40.6,72.2,A,L1,0
1142,58.85,6.75,83.4,4184,99317,33.4,66.4,B,L4,0
1143,60.47,1.95,70.7,7662,16985,32.4,78.6,B,L2,0
1144,65.43,2.15,93.6,6140,7353,53.4,71.2,B,L1,0
1145,68.53,6.09,70.2,2409,56858,57.6,65.6,B,L3,0
1146,77.17,3.93,60.4,4175,8394,24.8,60.5,B,L2,0
1147,55.76,3.48,78.6,1684,13583,70.0,71.0,A,L3,0
1148,67.75,3.9,77.9,3451,13822,46.4,79.3,A,L1,0
1149,76.05,3.77,84.7,4204,38783,11.5,57.8,C,L4,0
1150,64.26,1.25,96.5,3518,24272,41.7,71.6,C,L4,0
1151,64.34,2.15,103.7,2703,67545,64.4,78.9,C,L2,0
1152,80.66,2.74,117.9,5352,71409,92.3,77.2,B,L3,1
1153,65.89,1.29,66.9,448,94712,81.3,80.0,C,L4,0
1154,74.74,1.29,58.0,3710,36171,56.0,78.7,A,L2,0
1155,83.22,3.79,69.7,320,62269,20.5,78.9,B,L1,0
1156,61.8,2.15,87.1,269,9963,77.7,75.2,A,L2,0
1157,74.56,3.06,73.1,8569,22428,29.5,65.6,A,L1,0
1158,53.56,3.68,103.9,6767,64570,37.4,67.7,A,L3,0
1159,71.38,2.91,91.9,6224,27905,48.0,74.1,B,L4,0
1160,67.23,2.99,74.3,4202,22001,36.1,76.9,B,L2,0
1161,63.2,1.13,85.3,1318,84662,51.3,58.1,A,L1,0
1162,70.19,2.38,95.2,6897,66873,42.6,75.1,A,L3,0
1163,65.0,3.25,88.8,5029,89362,41.3,67.5,B,L3,0
1164,59.63,2.72,95.0,3489,82763,10.2,81.2,A,L1,0
1165,71.31,3.16,88.8,4450,62392,35.1,65.2,A,L1,0
1166,,3.13,94.3,2711,17447,49.5,73.8,A,L1,0
1167,71.85,1.28,90.6,3174,21263,47.1,70.6,B,L4,0
1168,67.48,2.3,105.1,1865,76267,63.1,68.1,B,L3,0
1169,77.92,2.2,80.2,5198,38555,32.0,71.4,A,L4,0
1170,75.8,6.22,77.0,4200,32775,48.7,89.7,B,L3,0
1171,56.67,4.57,90.5,8767,7422,64.2,75.5,C,L3,0
1172,68.73,5.9,76.5,1880,43459,25.0,83.3,B,L4,0
1173,66.35,2.2,95.8,3177,5329,66.4,68.4,B,L2,0
1174,67.31,2.25,108.9,3499,62549,32.8,65.5,A,L1,0
1175,56.28,3.51,79.8,5795,99150,34.7,75.0,C,L1,1
1176,75.1,1.84,68.1,2942,73490,58.2,75.0,C,L4,0
1177,63.85,5.37,90.2,4336,45788,58.3,74.6,A,L1,0
1178,73.02,2.59,89.0,8401,58356,41.6,80.9,A,L1,0
1179,72.33,2.75,86.1,5096,2530,19.3,55.7,B,L1,0
1180,87.28,7.06,82.5,347,28356,42.1,63.4,A,L3,1
1181,85.94,5.18,65.1,1133,6818,63.4,73.7,C,L2,1
1182,73.74,4.39,84.6,129,104101,49.0,70.8,A,L4,1
1183,69.13,2.9,62.6,3309,63713,39.5,78.6,C,L3,0
1184,68.72,1.53,87.0,302,116267,34.9,73.2,A,L3,0
1185,72.19,3.32,82.8,7023,50335,63.2,59.1,A,L2,0
1186,49.15,1.71,90.0,7004,85110,58.8,74.8,B,L3,0
1187,65.43,6.44,79.1,1700,97522,39.1,69.2,B,L4,1
1188,72.2,2.54,85.4,8157,10045,26.9,77.3,A,L4,0
1189,53.05,3.89,89.9,8878,12072,40.2,76.7,A,L3,0
1190,67.7,2.36,74.7,5304,35652,52.1,68.7,A,L4,0
1191,78.75,3.41,81.1,6782,95431,52.0,76.8,A,L1,0
1192,54.67,3.55,61.8,7609,67628,48.4,67.9,B,L1,0
1193,68.64,7.95,88.3,8634,55437,37.6,55.5,A,L3,0
1194,74.37,2.62,75.0,3188,99545,95.0,78.5,B,L1,1
1195,66.7,4.72,79.4,7080,77591,38.2,60.7,C,L1,0
1196,67.73,2.21,105.5,1232,95100,72.0,92.7,A,L3,0
1197,75.36,4.78,55.1,8328,72227,65.7,75.1,A,L2,0
1198,65.86,2.66,81.4,5646,93366,9.7,72.3,C,L1,0
1199,69.14,3.4,81.2,111,50938,57.9,84.3,B,L2,0
1200,64.73,1.38,98.4,5860,72026,24.3,89.7,A,L3,0
1201,60.7,4.07,114.3,4725,83627,53.0,63.4,C,L3,0
1202,71.8,2.22,87.7,5489,79576,44.3,66.9,B,L4,0
1203,69.46,,79.6,7874,38006,66.4,71.6,A,L1,0
1204,61.01,0.8,83.9,5421,117931,66.7,69.0,A,L3,0
1205,53.46,2.13,78.7,8574,30644,61.5,73.9,B,L2,0
1206,69.24,1.52,92.5,7509,78159,69.0,83.2,A,L2,0
1207,76.51,2.54,87.3,735,45187,33.5,61.2,B,L3,0
1208,84.89,3.7,48.2,3116,19534,48.1,80.9,C,L4,0
1209,64.17,6.79,84.2,2297,48431,30.2,76.5,A,L3,0
1210,57.97,3.6,113.1,3460,58136,50.8,81.1,C,L3,1
1211,67.88,2.63,71.4,6127,15159,42.1,66.4,B,L4,0
1212,57.77,2.34,92.4,7475,22807,41.8,78.6,B,L4,0
1213,57.92,3.41,101.6,1384,60165,56.8,67.4,A,L4,0
1214,67.75,3.1,93.8,6739,84068,72.3,70.3,A,L3,0
1215,52.67,2.76,97.5,4756,53537,66.5,73.6,B,L3,0
1216,66.75,3.66,94.1,1024,54546,73.8,65.8,C,L4,0
1217,76.8,1.33,94.3,4871,90185,29.6,73.3,A,L3,0
1218,60.88,2.99,72.0,2285,74148,27.5,67.6,B,L1,0
1219,71.41,1.69,97.1,6515,24799,61.5,69.5,A,L1,0
1220,75.05,6.18,113.9,3978,56149,69.2,70.0,A,L3,1
1221,87.69,1.27,89.1,8471,4717,52.5,59.4,B,L2,0
1222,83.75,3.34,74.1,3527,16437,40.1,75.1,A,L4,0
1223,77.96,2.74,78.2,5399,79358,26.0,72.9,B,L2,0
1224,63.97,2.08,107.7,5848,66261,77.6,70.8,A,L3,0
1225,53.34,1.23,76.6,5980,75373,40.7,70.7,B,L1,0
1226,79.87,3.31,93.4,8313,45718,33.4,70.3,A,L2,0
1227,58.83,4.66,75.0,3760,74525,17.1,80.2,A,L1,0
1228,86.59,2.63,87.4,1601,96490,47.2,67.7,C,L1,0
1229,74.63,2.19,82.0,994,3709,40.3,55.1,C,L1,0
1230,56.32,3.31,81.4,4934,19084,41.6,71.4,A,L1,0
1231,64.61,1.94,99.9,5638,89359,69.8,84.5,B,L1,0
1232,87.68,3.23,72.9,1127,88655,71.5,74.5,A,L1,0
1233,72.77,1.73,72.3,8287,69982,38.3,83.3,A,L1,0
1234,66.15,2.91,82.0,448,40793,61.1,80.0,B,L4,0
1235,68.35,12.0,65.8,8249,11646,61.3,74.7,C,L4,1
1236,70.16,4.36,97.6,6075,49576,50.3,72.1,B,L3,1
1237,69.36,2.44,94.6,6476,18039,57.5,75.0,B,L2,0
1238,67.73,2.45,82.2,5750,81847,52.5,70.7,C,L3,1
1239,79.92,3.57,93.6,2377,61899,28.6,61.7,A,L2,0
1240,68.57,3.75,90.2,7895,94845,50.3,68.0,B,L1,0
1241,69.94,3.35,95.0,2155,116741,61.9,64.3,C,L3,1
1242,68.2,4.23,96.1,5686,13540,63.0,59.4,A,L4,0
1243,78.81,1.69,104.8,4239,71972,58.6,80.1,B,L1,0
1244,63.85,,89.8,2374,34873,37.2,59.3,B,L4,0
1245,75.66,2.67,109.0,894,26926,68.6,74.5,B,L4,0
1246,60.91,4.53,79.1,1817,19588,30.2,74.1,C,L3,0
1247,68.88,5.52,82.4,4219,12632,21.3,70.9,C,L3,0
1248,64.72,3.13,104.6,4756,82249,65.8,75.2,B,L3,0
1249,69.0,2.21,97.7,548,83252,43.0,72.2,A,L2,0
1250,60.66,1.1,86.8,3718,88552,42.9,82.6,B,L2,0
1251,60.52,2.4,95.0,5600,104120,35.1,71.3,B,L2,0
1252,68.61,3.33,82.5,8108,10272,16.8,79.7,A,L2,0
1253,60.16,2.41,93.4,1121,10631,35.1,61.6,A,L1,0
1254,73.28,5.05,81.7,4155,77433,61.6,77.8,A,L1,1
1255,60.87,3.65,78.0,5231,106930,46.7,72.3,A,L1,0
1256,60.68,4.28,94.0,3606,27708,46.4,65.8,A,L4,0
1257,71.67,4.03,67.1,7834,2013,44.4,82.4,A,L4,0
1258,68.48,5.44,85.1,3492,37505,46.5,69.8,A,L2,0
1259,45.16,2.94,83.0,7819,64774,39.9,57.3,A,L2,0
1260,79.0,1.61,83.9,8835,60149,34.2,80.3,B,L3,0
1261,57.63,2.1,73.0,3940,4722,49.1,65.8,A,L1,0
1262,72.13,2.87,80.6,5243,65467,58.4,79.0,A,L1,0
1263,44.35,2.84,91.1,838,17587,28.4,76.9,A,L4,0
1264,65.47,2.93,77.4,983,43016,34.7,73.7,B,L2,0
1265,49.72,3.33,91.3,3248,85064,39.9,65.7,A,L2,0
1266,56.99,5.29,68.1,3874,34996,32.3,71.1,C,L2,0
1267,61.04,1.56,91.2,6982,12994,66.8,55.8,B,L3,0
1268,76.08,3.4,90.5,7013,24000,59.9,62.1,A,L1,0
1269,64.93,1.78,82.7,4833,77593,47.2,75.5,C,L1,0
1270,77.15,3.68,81.5,4878,10530,59.0,83.2,A,L4,1
1271,61.92,3.47,59.9,1814,74134,74.5,67.6,B,L2,0
1272,57.13,2.3,96.0,6032,4939,23.5,95.8,C,L1,0
1273,64.4,8.87,99.5,8508,17977,11.9,74.0,B,L4,1
1274,78.72,3.05,84.9,5482,111115,57.0,80.9,B,L3,1
1275,67.87,4.49,79.9,4594,119799,29.7,78.0,B,L2,0
1276,67.98,3.23,101.9,6824,115386,16.8,65.0,B,L1,0
1277,77.39,1.41,76.5,968,96428,32.5,78.2,A,L4,0
1278,68.01,2.61,93.9,8871,93646,69.1,66.1,B,L2,0
1279,75.46,5.17,81.6,2792,35946,26.2,75.7,B,L1,1
1280,84.7,2.31,99.6,8103,109241,58.1,80.8,C,L1,1
1281,75.46,3.23,81.5,7138,5792,49.0,68.8,A,L3,0
1282,62.78,3.1,75.7,6866,112861,32.6,53.5,A,L3,0
1283,82.76,3.99,92.0,2129,69385,57.1,77.8,B,L3,1
1284,71.39,2.94,81.1,3820,84399,56.4,58.1,B,L1,0
1285,72.41,3.7,87.5,8523,17496,70.1,81.3,A,L1,1
1286,77.74,3.99,68.3,4297,41357,25.8,69.7,A,L2,0
1287,64.88,2.62,101.4,5493,27661,49.9,82.7,B,L1,0
1288,67.26,4.14,67.7,7194,8344,33.0,64.0,A,L1,0
1289,77.65,2.58,92.0,4704,9625,24.6,67.7,C,L1,0
1290,78.42,5.06,75.3,8365,108039,37.4,74.0,C,L1,1
1291,62.27,1.87,58.7,2458,34912,40.9,66.9,A,L3,0
1292,70.33,1.59,79.2,8820,113759,41.8,79.4,C,L3,0
1293,52.23,2.25,77.3,6698,17174,48.7,75.0,C,L1,0
1294,48.82,3.39,82.0,4371,116336,43.9,74.7,A,L4,1
1295,80.32,3.54,92.0,1716,74234,34.6,72.5,C,L2,0
1296,95.81,3.09,108.2,6448,38320,54.8,75.3,C,L2,1
1297,55.38,1.54,90.7,3719,111264,12.2,76.6,C,L3,0
1298,74.41,4.49,74.7,5186,38089,36.5,81.7,B,L4,0
1299,64.1,1.14,65.5,7993,117380,65.3,76.2,A,L1,0
1300,67.47,4.21,92.0,2303,65998,36.9,67.3,A,L3,0
1301,85.48,2.27,84.2,331,76908,80.3,73.1,C,L1,0
1302,67.55,3.15,94.2,6633,7384,56.4,64.1,B,L3,0
1303,65.75,1.5,88.9,2978,108284,68.8,72.9,A,L3,0
1304,84.83,2.32,69.4,4484,27865,63.6,70.2,A,L3,0
1305,69.13,5.59,,5887,5687,49.3,73.5,B,L2,0
1306,57.45,2.73,98.7,5314,105383,53.7,69.0,B,L1,0
1307,63.93,5.01,88.1,1032,41106,31.2,80.7,A,L1,0
1308,78.69,4.33,78.8,1743,75777,60.7,81.9,B,L3,1
1309,67.38,3.08,94.3,758,89433,30.9,67.9,A,L4,0
1310,63.45,3.76,78.8,2830,75419,64.8,72.7,B,L2,0
1311,70.16,1.19,101.4,1198,95034,93.7,76.0,B,L4,0
1312,60.08,4.53,76.0,3886,110486,52.6,67.9,B,L3,0
1313,63.99,3.39,81.5,1677,32732,45.3,78.6,B,L3,0
1314,55.72,2.44,105.2,1192,30108,76.6,93.8,C,L3,1
1315,80.85,3.91,104.9,7651,28412,46.1,72.8,C,L2,1
1316,84.42,2.23,83.7,4767,46328,29.8,69.6,C,L3,0
1317,63.31,2.48,86.9,7566,102441,34.9,86.8,B,L3,0
1318,75.24,3.12,84.7,5777,94555,39.5,83.5,C,L1,0
1319,41.48,4.4,81.9,8796,19307,44.5,65.4,C,L2,0
1320,64.53,1.99,82.2,282,19355,38.7,83.2,C,L4,0
1321,63.08,1.3,91.4,856,119437,44.9,70.2,A,L2,0
1322,51.47,1.07,117.5,6939,92368,63.9,84.9,A,L1,0
1323,72.07,3.11,93.3,6546,81783,27.8,57.8,C,L1,0
1324,63.14,2.12,95.4,8525,89864,39.7,71.2,C,L1,0
1325,76.14,4.67,105.9,8517,115416,9.7,74.2,B,L2,1
1326,61.67,8.15,78.1,7595,43806,38.2,66.9,A,L4,1
1327,62.98,1.82,107.0,7484,87344,16.6,60.1,A,L4,0
1328,76.33,2.61,65.8,997,38561,55.7,52.2,A,L4,0
1329,59.44,2.98,93.0,3335,116687,47.3,80.2,A,L1,0
1330,62.13,8.71,72.1,8055,49237,26.9,78.4,A,L3,0
1331,57.72,4.24,80.7,6974,78040,68.9,68.4,B,L2,0
1332,95.16,2.9,74.6,7271,42975,43.0,77.9,A,L1,0
1333,72.77,3.23,81.6,753,13959,50.4,76.3,C,L1,0
1334,59.67,2.68,85.8,8587,29673,5.0,74.8,A,L3,0
1335,78.79,1.94,77.5,5242,6591,36.7,77.8,B,L3,0
1336,48.37,1.61,83.6,1604,100845,70.6,90.5,C,L4,0
1337,73.01,3.84,82.0,3698,36805,40.4,75.8,C,L1,0
1338,70.19,1.15,86.6,6246,82388,61.7,66.0,A,L1,0
1339,80.39,4.56,89.2,936,57764,57.5,69.2,A,L1,0
1340,66.44,3.51,69.7,492,74719,45.2,77.5,B,L1,0
1341,71.15,2.1,90.2,3020,22425,52.9,65.2,A,L4,0
1342,72.5,2.85,82.6,2345,73971,40.5,71.7,B,L4,0
1343,62.62,4.14,83.4,7968,45613,43.7,78.7,A,L3,0
1344,75.42,4.55,108.6,3253,53995,30.4,68.6,A,L2,0
1345,56.92,2.92,82.7,2688,107917,36.1,74.1,B,L3,0
1346,64.32,4.99,89.0,1619,49029,43.8,71.2,B,L2,0
1347,74.97,5.27,78.3,2579,6310,52.8,47.2,B,L1,0
1348,63.77,4.13,88.4,917,4660,52.0,65.7,A,L2,0
1349,43.01,5.91,100.7,3351,73041,53.1,65.2,A,L1,0
1350,78.16,1.91,80.4,3543,13657,66.7,61.2,B,L1,0
1351,72.76,1.83,91.3,2234,78859,45.6,62.7,C,L1,0
1352,63.16,3.3,113.4,4504,68578,20.1,86.9,A,L1,0
1353,73.43,4.76,72.3,7586,90847,55.7,65.6,A,L3,1
1354,57.84,3.88,82.6,349,30795,63.9,78.7,C,L1,0
1355,66.52,2.74,93.4,8878,63163,58.1,90.7,C,L4,1
1356,86.72,3.66,86.2,2317,46945,62.8,66.0,B,L1,0
1357,69.87,2.2,71.8,2748,31245,29.7,79.0,A,L2,0
1358,84.33,,91.3,6194,118848,47.7,80.0,B,L4,1
1359,62.65,2.02,97.4,4696,26032,69.1,64.8,C,L3,0
1360,63.36,5.21,84.6,7505,94379,58.9,60.2,B,L4,1
1361,72.64,1.34,106.3,6215,91244,47.9,70.0,B,L3,0
1362,66.0,0.87,109.5,4861,77058,30.9,68.9,A,L1,0
1363,71.01,5.1,79.5,8615,54543,48.3,84.9,C,L1,1
1364,85.69,4.22,73.3,8558,34203,86.3,89.3,B,L2,1
1365,75.35,4.4,75.3,1369,37956,59.7,66.7,C,L3,0
1366,58.1,0.8,82.0,4605,60022,46.3,91.1,B,L4,0
1367,82.48,3.63,70.7,6592,53377,50.9,76.2,B,L1,0
1368,68.65,1.0,78.6,7449,50416,95.0,76.8,B,L1,0
1369,63.76,,97.2,5175,87793,44.0,86.2,A,L2,1
1370,60.45,3.06,100.7,3210,102373,75.3,68.6,A,L4,0
1371,60.8,1.88,78.1,674,96425,10.7,85.9,C,L2,0
1372,64.91,3.0,73.5,6350,81627,26.4,73.4,A,L4,0
1373,71.4,1.26,74.6,4833,82179,25.6,81.2,B,L1,0
1374,61.16,3.02,73.4,6928,118458,39.9,67.3,C,L4,0
1375,73.86,1.97,92.6,7999,23436,46.3,73.9,A,L2,0
1376,63.1,1.46,68.8,3764,93475,33.1,63.7,A,L4,0
1377,73.69,4.1,72.5,3042,55395,52.3,83.0,C,L1,0
1378,69.88,5.74,98.0,5924,48755,79.5,66.6,A,L1,0
1379,73.15,3.81,68.0,3343,43685,24.2,76.2,A,L1,0
1380,56.42,2.84,85.0,3757,51095,79.1,65.6,C,L4,0
1381,78.33,2.38,96.3,6916,42269,30.4,76.7,A,L4,0
1382,55.87,1.92,70.8,4074,34159,5.0,72.3,B,L1,0
1383,58.19,2.79,102.9,1920,60807,42.0,64.4,C,L2,0
1384,80.33,10.9,109.5,3281,48558,67.8,84.3,A,L1,1
1385,66.73,1.6,100.7,211,43000,52.5,79.1,C,L3,0
1386,77.31,4.73,83.8,2952,77651,10.6,80.0,B,L2,0
1387,91.13,3.48,86.5,6287,109490,30.8,75.6,A,L1,1
1388,79.67,2.76,74.2,1182,1685,52.3,79.9,C,L1,1
1389,78.08,3.6,88.5,2565,105380,38.1,75.2,B,L1,0
1390,67.69,4.44,108.0,1577,1535,27.0,53.4,B,L3,0
1391,70.09,4.2,77.6,5391,10885,53.0,70.1,B,L4,0
1392,63.46,3.84,94.3,3332,77011,27.2,73.6,B,L2,0
1393,71.18,2.39,84.7,6825,110004,75.6,67.1,C,L3,1
1394,68.16,4.32,64.6,1755,104404,45.3,63.6,B,L4,0
1395,58.62,1.51,90.6,7132,13319,29.2,53.5,A,L2,0
1396,67.72,1.83,74.7,452,100218,76.2,76.5,C,L3,1
1397,67.57,3.09,87.4,383,91979,26.4,79.5,A,L4,0
1398,72.73,2.87,79.5,7036,77845,68.7,66.6,A,L4,1
1399,57.68,2.63,75.5,443,54324,51.4,72.0,A,L2,0
1400,58.15,1.67,65.7,4936,10375,60.2,69.5,A,L2,0
1401,74.8,2.28,80.4,1938,82057,54.9,74.9,A,L2,0
1402,78.34,3.29,64.6,6060,74034,70.4,62.3,B,L3,0
1403,76.85,6.23,95.3,869,53847,46.3,71.3,A,L2,0
1404,,2.45,84.4,3788,96854,48.8,62.7,B,L3,0
1405,60.8,2.23,99.8,4155,82837,62.6,81.1,A,L3,0
1406,79.21,3.36,99.9,7807,49336,40.2,67.0,B,L2,0
1407,58.76,4.17,63.2,630,70322,51.3,71.8,B,L1,0
1408,73.73,2.75,88.9,1807,14087,33.8,48.3,B,L4,0
1409,77.15,4.2,76.9,1993,69912,51.2,71.9,A,L2,1
1410,74.48,2.99,75.6,749,54015,22.0,74.8,C,L1,0
1411,76.75,2.67,71.1,7315,35145,50.4,67.3,C,L3,1
1412,62.29,2.29,91.6,4521,75205,35.1,71.8,C,L3,0
1413,47.23,2.02,82.0,2288,23692,51.8,86.6,A,L3,0
1414,73.04,2.14,70.9,6197,36322,66.6,64.1,C,L4,0
1415,86.88,,90.9,8937,112755,32.9,75.4,A,L1,1
1416,72.92,8.74,81.6,6507,46544,46.5,70.3,B,L2,1
1417,74.24,3.97,101.2,6751,52800,61.5,85.7,A,L3,1
1418,66.85,2.38,87.9,905,51616,56.4,81.2,A,L4,0
1419,67.32,3.71,81.4,3195,78397,63.4,69.8,C,L2,1
1420,58.63,3.04,85.0,2231,25124,61.7,66.6,A,L2,0
1421,56.27,3.57,84.9,6456,56792,40.5,70.4,B,L3,0
1422,63.35,4.42,74.6,6881,25881,64.0,75.4,B,L4,1
1423,71.66,3.3,72.6,8319,13904,40.0,62.1,A,L4,0
1424,67.38,2.51,67.1,571,107834,33.4,76.2,A,L1,0
1425,52.79,3.51,76.9,6635,57336,16.6,63.5,C,L2,0
1426,67.97,3.93,88.4,8342,102628,54.2,64.8,A,L4,1
1427,71.57,2.7,91.4,5341,101062,57.2,67.6,B,L1,1
1428,83.46,6.75,85.6,7348,23894,66.2,82.2,B,L3,1
1429,71.01,2.62,87.3,5417,59700,30.7,76.5,B,L4,1
1430,60.36,2.34,70.1,5362,10083,31.7,83.8,A,L2,0
1431,63.58,2.67,91.2,1591,58073,40.8,82.8,A,L3,0
1432,60.95,5.04,89.6,5670,2408,30.7,61.9,C,L4,0
1433,77.24,1.72,88.4,4335,76233,61.6,69.9,A,L4,0
1434,,1.75,83.8,4140,53148,53.9,66.4,C,L4,0
1435,63.67,6.92,,4476,47673,50.7,60.8,C,L4,0
1436,61.0,4.62,70.5,8437,40215,44.9,82.7,A,L1,0
1437,69.64,1.68,74.6,4652,56559,47.9,73.2,A,L3,0
1438,69.61,4.96,91.0,5870,92422,42.8,61.7,A,L3,0
1439,77.6,3.03,105.1,3191,39672,41.3,82.3,A,L1,0
1440,58.95,1.11,68.4,5995,112230,38.0,65.0,B,L1,0
1441,62.37,2.38,85.5,1565,90107,37.7,75.5,B,L3,0
1442,54.72,1.47,67.1,610,41434,52.1,70.3,A,L4,0
1443,77.19,4.4,71.4,7967,112187,69.2,66.8,C,L1,1
1444,77.4,1.58,88.0,5143,113233,66.0,71.9,A,L1,0
1445,56.01,1.84,97.4,4244,86134,30.5,66.6,B,L3,0
1446,76.99,2.93,101.8,4625,116008,48.4,87.0,A,L1,1
1447,61.36,3.19,81.1,4019,15283,59.8,66.4,C,L3,0
1448,65.66,6.95,87.9,4309,58649,64.5,73.5,C,L4,1
1449,63.53,2.96,88.8,624,22442,25.5,75.3,A,L3,0
1450,65.34,1.74,95.7,7061,5294,67.9,76.3,C,L3,0
1451,55.72,3.75,71.1,8881,24911,48.4,65.6,A,L3,0
1452,67.94,2.03,92.4,2800,117882,60.6,65.7,A,L4,0
1453,64.43,3.14,82.2,418,101273,48.9,62.4,A,L3,0
1454,81.21,2.91,75.5,4181,102616,46.1,85.3,A,L1,1
1455,71.69,1.38,81.9,1375,37289,29.7,58.6,C,L4,0
1456,64.49,4.9,74.6,2671,63312,59.4,98.7,C,L3,1
1457,,1.61,83.5,7314,51642,79.2,66.3,B,L2,0
1458,65.19,3.02,77.9,5706,26244,59.3,81.4,A,L2,0
1459,73.16,2.78,76.0,5784,50470,49.2,83.1,C,L4,1
1460,76.24,3.25,86.9,7664,102238,27.7,68.6,B,L4,1
1461,56.79,2.43,82.7,2044,65256,42.2,78.6,B,L1,0
1462,75.74,2.88,68.9,8656,58921,52.2,70.8,A,L1,1
1463,68.59,1.7,91.2,2029,53586,62.0,73.3,A,L3,0
1464,66.23,3.92,102.1,3936,86061,37.6,74.8,A,L4,0
1465,67.15,2.28,73.9,3451,61836,51.1,78.3,C,L1,0
1466,74.27,4.34,82.1,7667,96029,30.8,54.3,A,L3,0
1467,74.14,3.45,78.8,1169,84904,29.2,62.5,A,L1,0
1468,64.33,4.35,91.9,5891,58526,20.8,67.7,C,L4,0
1469,69.02,2.24,117.3,8897,69313,51.8,53.2,B,L1,0
1470,67.19,5.45,114.2,2710,4464,20.5,64.3,B,L1,0
1471,61.26,1.9,95.6,6683,56863,46.5,74.7,B,L2,0
1472,73.74,1.52,88.5,7124,37302,52.7,65.0,B,L2,0
1473,62.76,4.21,111.3,4838,71558,30.1,78.7,B,L3,1
1474,88.75,3.11,71.9,6105,68817,61.5,87.5,C,L4,1
1475,57.94,4.73,93.9,1478,28115,55.9,67.7,B,L2,0
1476,54.06,2.6,86.1,4951,68807,41.7,69.3,B,L3,0
1477,65.64,2.23,88.3,6144,111918,88.0,78.8,B,L2,0
1478,67.73,2.57,79.2,2399,21755,73.2,52.3,A,L1,0
1479,58.73,2.0,87.1,7329,8391,61.5,68.7,C,L3,0
1480,61.41,1.35,,2298,1680,61.9,68.1,A,L2,0
1481,58.67,2.56,90.2,3669,48718,70.0,68.4,B,L4,0
1482,69.24,7.18,74.5,2685,6986,38.7,72.0,A,L2,0
1483,58.23,2.42,87.9,3895,110002,33.1,66.8,C,L1,0
1484,69.85,1.32,68.2,4551,2725,33.9,76.9,A,L4,0
1485,56.74,3.39,88.9,7017,113862,62.8,68.6,B,L3,0
1486,63.06,5.76,93.3,5841,80024,65.8,77.1,A,L4,1
1487,62.13,2.79,53.7,6436,22696,62.0,74.8,B,L3,0
1488,61.0,1.87,98.1,8565,25134,5.0,57.2,B,L1,0
1489,83.49,1.98,56.5,5495,46155,50.1,71.4,C,L4,0
1490,55.48,1.63,73.5,7330,6655,51.9,74.6,A,L4,0
1491,81.5,1.49,89.1,5298,4312,40.1,83.7,B,L3,0
1492,71.62,2.83,84.1,3576,69646,47.8,64.6,C,L2,0
1493,79.12,2.24,77.1,6230,3648,65.5,69.3,B,L4,0
1494,50.27,3.05,94.9,1752,69399,69.7,64.1,B,L3,0
1495,82.57,1.81,92.2,8750,1600,49.6,76.9,A,L3,0
1496,68.73,6.94,80.4,1686,48239,38.6,70.6,A,L3,0
1497,64.47,2.49,104.9,3988,13488,63.2,55.4,A,L1,0
1498,81.62,0.92,88.7,7381,12918,56.4,77.4,C,L3,0
1499,66.91,2.8,77.6,4642,72604,28.2,76.8,A,L4,0
1500,71.71,1.99,57.1,8542,96845,54.2,63.1,A,L1,0
1501,74.67,4.34,79.5,1112,1086,51.6,74.2,C,L4,0
1502,60.66,2.55,88.7,2999,32969,25.1,70.0,B,L1,0
1503,69.22,4.41,92.7,7848,69111,71.7,69.4,B,L1,1
1504,59.2,1.95,98.2,3536,82298,52.1,66.6,A,L4,0
1505,61.16,2.36,97.0,117,97921,47.4,70.8,A,L1,0
1506,69.58,1.74,77.1,6974,56769,58.9,88.2,A,L4,0
1507,66.43,3.34,90.6,6146,98291,52.7,75.6,B,L4,0
1508,62.04,5.68,85.0,3078,72298,75.4,79.6,B,L4,0
1509,66.62,,96.5,1369,82116,50.9,77.9,C,L2,0
1510,65.85,3.26,102.4,6015,117990,56.2,83.2,A,L3,1
1511,67.8,2.41,80.0,5191,18782,54.9,73.4,C,L4,0
1512,67.26,2.1,77.7,1990,1025,21.9,69.0,A,L4,0
1513,69.52,2.38,82.5,3781,75091,62.7,77.5,B,L4,0
1514,81.44,2.23,87.9,814,39152,13.2,81.6,A,L1,0
1515,59.33,2.32,68.9,6344,101065,56.9,88.1,B,L3,1
1516,59.22,5.07,75.7,359,109094,59.5,72.3,A,L4,1
1517,52.35,2.98,93.9,3916,71327,53.9,71.6,A,L1,0
1518,68.57,3.34,91.2,2205,96116,57.1,67.2,A,L1,0
1519,57.56,3.04,75.4,1262,103116,33.5,69.3,C,L2,0
1520,53.21,2.48,96.0,3194,108785,52.3,71.8,C,L4,0
1521,62.29,3.57,74.7,3449,66379,49.7,71.1,C,L3,0
1522,61.54,1.52,86.3,3500,45638,23.0,68.5,B,L4,0
1523,77.8,4.05,88.3,3627,4757,71.4,78.5,C,L4,0
1524,62.43,2.13,94.0,7494,29544,65.6,65.8,C,L4,0
1525,82.81,3.98,94.8,5278,43122,42.9,77.1,A,L2,0
1526,57.55,2.28,90.6,1873,72363,33.3,72.6,B,L4,0
1527,62.41,4.82,90.5,6723,112067,70.4,66.7,C,L1,1
1528,62.21,2.2,89.2,2066,4947,63.4,64.0,A,L3,0
1529,62.2,1.84,110.5,5204,1257,44.1,76.7,A,L2,0
1530,67.0,2.13,74.1,1262,29622,36.7,65.0,B,L4,0
1531,80.91,3.09,82.4,1688,93112,42.7,57.6,B,L3,0
1532,63.33,3.38,97.7,4068,116166,25.4,74.2,A,L4,1
1533,71.07,2.38,68.6,1432,41223,44.9,71.4,A,L3,0
1534,64.82,7.13,91.9,489,79339,46.0,77.0,B,L4,1
1535,77.54,1.54,83.8,2096,58062,63.9,78.6,A,L1,0
1536,,2.82,71.0,1861,27818,45.8,68.4,B,L1,0
1537,56.68,2.32,91.6,7720,75109,57.5,81.9,B,L3,0
1538,74.63,1.82,59.5,1297,1295,61.5,59.1,A,L1,0
1539,61.38,2.83,78.3,4901,3772,37.0,77.5,B,L3,0
1540,86.22,3.38,73.3,7264,6907,44.4,66.9,B,L2,0
1541,63.68,3.61,82.6,845,10102,61.9,79.3,B,L1,0
1542,61.95,3.01,73.7,3210,48278,31.4,83.4,C,L1,0
1543,64.48,2.49,87.3,8825,69088,71.5,72.9,A,L3,0
1544,53.09,3.46,84.3,6494,78782,82.3,79.0,B,L1,0
1545,75.6,1.46,81.4,6837,34219,33.8,65.3,B,L1,0
1546,,2.93,102.0,8253,72270,54.1,74.1,B,L2,0
1547,65.28,3.77,94.8,7853,32032,43.7,65.0,A,L2,0
1548,46.26,1.38,99.2,2297,69894,35.3,75.8,A,L3,0
1549,55.95,3.54,104.7,8810,74610,35.7,75.5,A,L1,1
1550,72.8,1.83,,4155,73864,59.2,81.1,A,L1,0
1551,69.38,1.32,,438,5947,63.7,75.6,A,L3,0
1552,66.57,3.38,78.4,4760,11542,86.4,75.6,B,L1,0
1553,56.34,2.52,94.4,8887,8080,41.0,59.2,A,L1,0
1554,53.39,3.76,91.2,8328,28122,69.4,73.9,A,L4,0
1555,70.64,1.56,75.0,7318,95078,48.5,75.6,A,L4,1
1556,64.08,3.09,76.2,3271,81760,9.3,79.6,B,L1,0
1557,78.46,1.79,65.6,8422,48833,54.6,73.2,B,L1,0
1558,62.17,1.76,89.8,108,94461,31.6,87.8,B,L1,0
1559,82.5,1.4,81.7,1802,97963,38.4,82.3,B,L1,1
1560,63.77,3.73,69.7,5723,45774,36.3,85.4,B,L1,0
1561,65.63,4.17,85.7,3769,51779,45.2,63.3,A,L1,0
1562,58.27,1.33,77.1,1005,35603,43.1,76.9,A,L3,0
1563,80.99,1.24,98.2,3499,28640,70.7,68.0,B,L2,0
1564,56.78,3.04,73.3,5331,104601,72.7,70.5,A,L4,0
1565,60.09,3.45,85.3,8698,5902,44.9,79.6,B,L1,0
1566,65.0,5.07,79.2,6006,10330,37.8,77.8,B,L2,0
1567,60.44,3.71,66.7,3545,5784,53.1,73.5,A,L1,0
1568,64.22,5.14,79.7,5903,27643,12.6,72.8,A,L2,0
1569,72.08,3.95,59.9,5749,13083,54.1,71.7,A,L3,0
1570,65.73,5.33,81.0,5954,76700,59.1,85.1,C,L2,1
1571,80.09,7.45,66.7,6346,38179,41.7,67.8,B,L1,1
1572,73.85,3.01,63.5,811,41866,46.3,81.1,A,L2,0
1573,72.62,1.95,87.6,5651,1322,82.2,63.4,C,L1,0
1574,77.11,2.21,82.8,1571,102053,74.6,56.7,B,L1,1
1575,69.65,3.17,89.6,3423,48142,9.6,71.5,B,L2,0
1576,64.71,2.53,106.2,8740,34732,47.9,58.5,B,L4,0
1577,67.1,2.07,77.1,2815,37115,35.9,59.1,C,L4,0
1578,62.8,2.59,76.5,8660,88314,49.3,62.8,B,L4,0
1579,61.1,2.66,86.3,8224,91093,58.5,73.3,B,L3,0
1580,64.51,1.63,93.5,7758,81025,39.3,70.1,A,L3,0
1581,53.91,5.76,83.6,1805,37280,55.2,78.3,A,L4,0
1582,65.01,5.06,66.2,6199,80214,53.7,75.9,B,L3,0
1583,73.91,2.63,63.2,3559,35829,55.2,78.2,B,L1,0
1584,83.83,1.42,83.6,3361,69829,43.8,62.9,A,L1,0
1585,79.57,4.45,79.3,852,114409,34.2,70.7,B,L3,1
1586,77.94,5.08,64.6,7304,92014,59.8,63.6,A,L2,0
1587,65.57,2.87,94.8,5724,68480,9.0,64.7,C,L1,0
1588,83.58,3.3,90.2,3063,28891,82.9,74.4,B,L2,1
1589,81.47,2.58,102.5,1100,116883,59.1,62.8,A,L2,1
1590,66.1,3.72,76.2,2371,37756,54.3,72.8,B,L1,0
1591,65.91,2.31,65.4,6598,8392,53.4,63.1,A,L2,0
1592,55.93,3.66,110.4,5049,108494,51.6,77.1,C,L3,1
1593,50.45,2.14,111.3,1448,30408,35.5,72.8,C,L3,0
1594,66.19,5.23,77.5,1303,5790,58.2,62.6,C,L3,0
1595,48.13,4.02,75.3,1657,93146,44.0,77.4,A,L1,0
1596,70.28,1.94,89.6,3990,52233,54.6,82.3,A,L4,0
1597,68.97,2.63,80.4,7613,39298,56.5,91.5,A,L1,0
1598,65.54,1.77,92.1,6814,22004,56.9,63.8,C,L4,0
1599,56.66,2.43,86.1,8118,93279,66.0,67.4,B,L3,0
1600,62.17,5.25,98.2,4024,32070,7.0,80.6,C,L4,0
1601,62.09,1.69,69.6,7219,107988,42.6,74.0,B,L4,0
1602,61.82,3.91,85.2,8777,108876,44.4,71.1,B,L3,0
1603,67.72,2.54,95.3,5821,49678,50.0,69.1,A,L2,0
1604,63.86,2.68,87.4,4335,62334,25.2,65.5,A,L4,0
1605,71.21,1.95,101.8,692,58490,56.9,81.0,B,L3,0
1606,70.4,4.02,92.0,657,79585,58.1,69.5,B,L3,0
1607,64.84,4.84,97.1,6322,8474,13.3,74.7,C,L3,0
1608,75.05,0.88,83.2,4303,99765,66.9,69.8,A,L1,0
1609,80.45,3.28,102.1,5978,15266,87.2,61.7,C,L2,1
1610,57.79,3.32,62.5,6670,29884,55.5,77.8,B,L1,0
1611,53.43,2.3,83.4,4234,32244,46.6,64.4,B,L3,0
1612,69.14,1.89,95.7,8138,58101,54.7,67.0,B,L3,0
1613,75.09,3.67,86.4,5213,47217,27.8,69.1,A,L2,0
1614,59.61,1.56,78.9,5593,25446,41.5,75.6,A,L4,0
1615,69.44,8.63,99.8,1999,9293,33.9,67.2,B,L2,0
1616,57.78,5.31,99.4,712,67487,13.7,63.2,C,L3,0
1617,62.52,4.21,87.0,4306,40151,17.4,86.0,A,L1,0
1618,57.95,3.17,87.0,2439,88879,43.4,71.8,B,L4,0
1619,67.22,2.45,89.0,2643,119162,83.4,80.2,A,L3,1
1620,46.59,1.8,82.4,6651,28473,56.9,76.1,C,L2,0
1621,60.57,7.53,84.0,8520,12950,46.6,77.2,A,L1,0
1622,81.11,4.14,83.3,5177,16758,64.6,78.5,B,L1,0
1623,61.63,2.75,81.6,3793,105458,46.2,79.4,C,L1,0
1624,73.93,1.36,78.1,811,26093,21.7,73.5,C,L2,0
1625,72.67,2.14,93.0,8095,64615,48.3,68.8,A,L4,0
1626,83.77,5.75,81.8,2042,76445,44.7,73.3,A,L2,0
1627,77.54,4.06,90.9,6822,68400,36.6,68.8,A,L1,0
1628,79.38,1.72,81.8,793,53352,44.6,72.3,C,L3,0
1629,50.38,4.48,82.7,8099,98854,37.5,82.5,A,L2,0
1630,49.52,1.48,67.4,6834,27961,61.8,73.1,B,L1,0
1631,84.93,3.72,70.5,4326,60454,35.2,75.5,A,L3,1
1632,77.7,1.79,83.9,2435,46918,49.2,71.0,A,L4,0
1633,44.23,3.42,83.0,2018,68040,48.4,74.6,C,L2,0
1634,75.39,3.3,99.4,6873,67033,61.7,66.4,A,L3,0
1635,63.47,2.44,74.4,3021,49888,32.1,59.9,B,L2,0
1636,79.02,2.93,97.9,7496,74823,32.6,72.6,B,L2,0
1637,88.9,3.4,96.6,6649,64411,49.3,65.1,B,L4,1
1638,83.56,1.09,87.2,541,106650,53.1,81.6,B,L1,0
1639,44.23,0.73,91.0,1178,42973,9.8,75.7,B,L1,0
1640,59.71,2.68,87.5,5133,110397,23.7,59.7,C,L2,0
1641,59.86,4.12,78.6,1921,94779,37.1,74.4,C,L2,0
1642,64.35,6.53,80.4,4432,116984,71.6,64.9,A,L1,1
1643,88.07,2.13,80.9,5671,36943,62.4,68.5,B,L4,0
1644,57.39,2.1,89.0,1671,73906,53.6,59.4,C,L1,0
1645,82.37,1.72,89.3,1887,17861,36.8,61.8,C,L1,0
1646,48.33,2.43,75.8,993,62652,38.5,79.6,A,L2,0
1647,51.93,4.92,78.5,411,59531,65.3,64.0,A,L4,0
1648,77.13,2.03,77.8,8545,110173,44.8,91.1,C,L4,0
1649,87.9,2.78,95.3,5434,77576,41.8,66.4,A,L1,0
1650,62.33,4.78,84.9,7046,42965,62.7,77.5,A,L3,0
1651,63.28,2.32,85.6,1235,107553,67.6,81.5,A,L1,1
1652,55.94,2.66,72.0,6908,11843,51.6,62.4,A,L1,0
1653,60.22,1.73,77.0,3886,62498,18.4,70.4,C,L2,0
1654,67.42,4.87,71.0,689,67078,31.3,72.0,A,L2,0
1655,54.64,2.9,101.0,5501,43468,40.6,67.0,A,L1,0
1656,64.2,2.35,72.7,6368,33309,48.4,63.7,B,L4,0
1657,74.46,1.98,71.3,7302,101176,44.6,63.0,B,L1,0
1658,70.21,1.39,86.5,805,38022,55.8,65.6,A,L4,0
1659,64.36,6.6,,5108,4793,55.5,69.2,A,L3,0
1660,64.49,3.44,80.8,7150,89307,62.7,68.4,B,L3,0
1661,60.05,3.79,93.8,2501,89976,56.0,78.3,B,L2,0
1662,73.96,2.34,70.8,5384,29004,39.4,74.0,C,L1,0
1663,73.97,2.64,86.0,2201,81642,55.6,75.3,A,L2,0
1664,51.36,2.16,74.4,1940,33499,48.8,72.5,B,L3,0
1665,61.35,3.03,87.2,2732,55622,29.5,83.5,A,L2,0
1666,56.29,2.24,83.5,2052,85699,54.8,60.9,A,L3,0
1667,70.41,2.45,67.2,7474,119135,37.7,74.6,A,L1,1
1668,66.07,6.18,92.4,2566,95125,62.7,82.6,A,L1,1
1669,82.69,1.88,78.7,3991,56475,83.3,72.2,A,L4,0
1670,78.55,4.06,80.5,8467,72324,39.2,73.6,B,L4,1
1671,80.72,1.92,94.6,3685,73380,30.9,80.3,B,L1,0
1672,67.28,8.49,70.9,937,64885,29.6,70.1,B,L4,1
1673,53.26,4.67,81.3,7521,112923,85.0,64.9,B,L3,0
1674,71.22,3.54,71.7,8694,70027,64.8,70.8,B,L2,1
1675,65.48,2.25,70.0,2984,32262,25.6,74.6,C,L1,0
1676,67.01,2.31,78.9,4241,18253,42.4,81.3,B,L4,0
1677,66.78,3.38,67.3,7401,80819,52.5,79.7,B,L4,1
1678,77.19,2.14,105.5,2405,97879,17.9,65.6,B,L1,1
1679,58.69,3.51,87.2,939,70113,55.3,66.3,A,L4,0
1680,43.74,3.26,81.1,1387,61354,72.2,80.0,C,L2,0
1681,96.41,3.21,89.0,3369,118211,25.6,70.5,C,L4,1
1682,67.85,1.77,86.1,989,116450,36.8,84.3,B,L2,0
1683,78.07,5.14,81.2,7849,62977,57.2,75.4,C,L3,1
1684,78.95,5.29,87.5,2111,116537,73.6,71.8,A,L1,0
1685,66.69,4.39,77.9,3662,103973,52.2,70.9,A,L1,0
1686,71.84,9.93,104.0,1078,98313,43.2,72.2,A,L2,1
1687,83.5,3.17,93.8,8839,22014,26.0,69.3,C,L1,0
1688,65.99,2.3,98.5,2812,92447,65.5,66.2,B,L1,0
1689,76.01,3.43,86.7,6374,96659,49.3,57.3,B,L1,0
1690,69.74,3.67,91.3,7336,72467,95.0,75.1,A,L4,0
1691,71.21,3.06,98.9,8355,2130,78.3,59.2,B,L4,0
1692,64.03,2.35,76.5,7230,82068,71.2,73.2,B,L1,1
1693,71.11,3.31,78.9,1434,46040,44.0,82.5,A,L3,0
1694,53.58,6.06,94.2,7324,40033,82.6,67.8,B,L2,0
1695,62.15,5.96,93.3,3098,73223,57.5,93.6,A,L1,1
1696,72.53,1.93,75.9,6398,63109,44.9,68.4,A,L1,0
1697,66.63,1.71,80.8,7664,19501,84.8,79.1,B,L3,0
1698,68.35,6.6,94.8,3001,116986,52.1,71.1,A,L2,1
1699,59.09,2.46,80.9,3224,89763,36.3,72.8,A,L4,0
1700,70.94,4.36,110.4,2864,17524,71.2,74.2,A,L3,0
1701,66.73,3.52,103.7,7381,40573,43.6,79.2,B,L1,0
1702,94.43,4.88,85.6,821,2665,41.6,66.2,B,L2,0
1703,67.03,6.26,65.7,5986,59891,50.4,80.8,A,L3,1
1704,55.17,3.98,96.5,2091,73539,24.8,67.8,C,L1,0
1705,60.03,2.74,84.1,6142,27007,59.5,73.8,C,L4,0
1706,78.12,2.43,75.4,695,63548,47.6,68.7,B,L2,0
1707,56.68,1.57,78.3,8235,25512,65.4,87.7,A,L1,0
1708,72.41,3.11,74.1,1322,65437,36.5,67.6,B,L4,0
1709,64.27,3.0,115.0,6154,114239,70.3,70.2,B,L3,0
1710,42.08,3.06,91.9,5572,50938,66.5,55.9,A,L1,0
1711,94.27,2.6,106.6,3138,37010,39.0,75.9,A,L2,0
1712,48.19,6.31,90.8,1236,91571,65.0,73.5,B,L1,0
1713,79.81,12.0,73.9,6511,24970,74.5,69.5,B,L3,1
1714,71.41,2.17,100.7,6037,64673,71.2,80.8,B,L1,1
1715,77.24,2.15,76.2,3699,118902,37.5,69.2,B,L2,0
1716,69.79,3.14,93.0,1491,81288,12.5,77.1,C,L1,0
1717,65.49,3.41,83.0,208,58053,55.9,65.2,A,L4,0
1718,66.8,1.71,91.6,1339,20745,33.6,71.6,A,L4,0
1719,66.2,1.99,91.8,7804,92169,66.8,70.5,B,L1,1
1720,74.44,3.23,109.1,8949,77769,46.7,65.4,B,L1,0
1721,78.25,4.03,79.0,8533,84365,69.7,71.9,C,L2,1
1722,80.8,4.47,83.7,4857,26570,22.6,80.9,B,L1,0
1723,57.33,3.31,80.7,8234,45004,53.6,63.6,C,L2,0
1724,68.6,3.26,87.9,2512,11566,24.9,70.8,A,L1,0
1725,70.94,2.43,97.6,2279,9612,66.6,63.2,A,L4,0
1726,62.36,1.3,69.5,819,44111,33.7,72.5,C,L1,0
1727,88.05,5.73,,6022,26485,35.1,63.9,A,L3,0
1728,63.51,2.17,74.8,1919,113884,70.1,81.3,B,L2,0
1729,73.91,1.79,,3027,103893,52.9,75.1,A,L1,0
1730,68.67,5.08,83.8,8779,87696,34.5,66.6,A,L1,0
1731,84.16,4.08,77.4,1629,98384,59.0,60.4,B,L1,0
1732,68.77,3.24,92.0,3156,26880,53.8,79.1,A,L1,0
1733,57.05,2.13,76.2,8427,22335,35.0,77.9,B,L3,0
1734,70.77,3.62,78.2,6470,116508,27.4,81.3,A,L3,0
1735,64.38,2.06,87.7,8894,34676,38.5,54.3,A,L1,0
1736,71.91,3.03,79.1,5027,100638,46.5,56.5,B,L3,0
1737,101.3,3.29,84.9,6333,4127,58.3,70.5,B,L3,0
1738,72.81,2.26,77.2,2296,7252,31.3,66.6,C,L2,0
1739,74.38,4.37,74.5,4303,77399,66.8,77.6,B,L3,0
1740,80.02,1.79,73.1,7433,13217,49.9,61.4,A,L4,0
1741,60.94,4.33,88.0,3926,30396,65.6,67.2,A,L4,0
1742,72.57,2.65,77.5,8351,84226,51.3,82.5,A,L4,1
1743,60.38,1.97,75.2,5472,15701,57.7,63.4,A,L2,0
1744,65.08,4.79,89.6,7455,29569,53.2,76.5,A,L4,0
1745,75.07,3.5,98.8,6103,46076,21.8,80.2,B,L2,0
1746,77.97,3.09,98.8,938,89753,53.8,82.6,B,L4,0
1747,58.88,7.21,82.8,1793,100988,43.5,58.9,B,L2,0
1748,62.6,3.33,72.3,6801,78492,61.0,72.7,C,L4,1
1749,74.76,4.17,97.3,1444,37223,40.4,66.3,B,L3,0
1750,56.47,1.83,94.4,5735,106101,54.8,70.7,C,L1,0
1751,57.42,2.45,98.9,7438,106320,15.7,68.1,A,L1,0
1752,75.73,2.13,95.7,6354,7318,25.5,64.4,C,L4,0
1753,72.47,4.13,89.5,8722,89119,53.6,70.1,C,L1,1
1754,79.99,2.53,92.3,4575,32452,42.9,63.6,B,L4,0
1755,76.99,2.7,76.7,2967,53421,25.9,87.1,C,L4,0
1756,63.59,6.82,67.3,4884,58787,59.4,61.5,C,L2,0
1757,72.57,4.52,82.8,6344,99790,44.5,63.3,C,L3,0
1758,72.13,2.68,92.7,2691,35357,28.7,64.7,A,L3,0
1759,56.17,6.16,98.4,7165,104343,46.0,70.2,C,L2,0
1760,74.66,1.49,85.6,7005,100875,37.7,68.6,A,L3,0
1761,65.21,2.34,86.4,2580,63632,61.6,63.5,A,L1,0
1762,56.49,6.05,68.9,4342,56643,46.3,65.1,A,L1,0
1763,73.37,4.28,85.5,8637,106486,24.8,80.6,B,L1,0
1764,76.07,2.74,71.0,4287,40270,38.2,72.8,C,L2,0
1765,76.72,2.68,88.2,1485,35963,70.5,69.1,C,L3,0
1766,56.74,8.32,89.9,1476,30039,54.1,66.2,A,L2,0
1767,74.62,3.17,87.8,725,81284,44.7,76.3,B,L2,0
1768,61.07,3.31,81.8,5562,79110,69.5,52.4,B,L3,0
1769,70.53,1.65,80.0,6111,25065,20.4,64.6,A,L4,0
1770,67.89,1.97,87.4,2578,39381,54.0,84.7,C,L3,0
1771,68.76,2.04,,4386,1800,11.5,67.1,A,L4,0
1772,60.81,4.67,91.5,6667,39818,42.8,79.7,C,L2,0
1773,68.11,2.72,120.2,4528,25350,41.8,70.8,B,L1,0
1774,77.87,3.19,114.5,7831,59734,17.8,74.2,B,L2,0
1775,55.07,1.85,87.2,8300,85557,33.5,78.5,B,L2,0
1776,55.65,1.41,89.5,2793,5701,65.2,79.0,A,L3,0
1777,,1.84,105.1,992,11399,46.1,61.9,B,L1,0
1778,76.43,3.92,97.8,7626,62132,77.4,64.5,C,L4,1
1779,61.59,3.26,84.6,6666,26760,67.7,58.1,A,L4,0
1780,83.82,2.74,89.1,805,98240,58.5,74.5,B,L3,0
1781,72.39,,71.7,6074,110872,50.2,72.1,B,L1,0
1782,81.86,3.14,93.4,7606,114551,24.4,73.9,B,L4,1
1783,63.94,2.72,79.9,4131,93508,32.0,77.6,A,L2,0
1784,59.18,4.46,104.3,2804,36524,63.1,62.5,A,L3,0
1785,94.3,2.11,93.6,6917,93805,33.3,80.8,C,L2,1
1786,65.31,3.94,81.4,3721,64649,35.8,84.3,C,L1,0
1787,59.28,3.08,85.4,6873,34379,60.6,59.7,B,L1,0
1788,68.73,8.27,82.7,5899,44240,50.0,58.8,A,L3,0
1789,49.47,2.05,83.8,7129,15071,74.6,62.7,C,L1,0
1790,65.19,3.31,85.1,2454,13950,43.8,64.4,B,L3,0
1791,62.25,1.96,81.7,6338,109773,42.4,73.3,B,L3,0
1792,74.77,2.79,80.3,4821,113733,43.6,87.0,B,L2,0
1793,73.76,3.01,112.3,1231,114664,29.4,72.4,B,L2,0
1794,71.92,1.99,103.9,3991,28384,37.4,71.3,C,L4,0
1795,78.51,4.12,98.6,1811,93415,40.7,80.2,A,L1,0
1796,61.36,5.14,92.1,8400,22972,49.6,69.1,B,L2,0
1797,59.53,1.85,85.6,8362,48726,38.1,60.1,A,L4,0
1798,68.07,4.13,91.7,1588,7343,71.7,55.0,A,L3,0
1799,55.8,5.04,90.6,667,103929,36.8,74.7,C,L1,0
1800,76.52,2.98,78.0,2586,20434,38.7,69.9,A,L1,0
