id_transaccion,monto_usd,hora_operacion,distancia_ubicacion_km,intentos_previos_1h,antiguedad_cliente_meses,dispositivo_nuevo,nivel_riesgo_pais,canal,reclamos_previos,target_fraude
1,49.49,15,241.7,1,88.7,0,medio,web,1,0
2,59.0,7,50.5,0,73.4,1,bajo,web,0,0
3,51.76,18,31.0,1,62.1,0,alto,app,0,0
4,32.41,4,92.4,4,33.5,0,bajo,app,0,0
5,85.78,5,255.5,0,38.2,1,bajo,web,1,0
6,35.1,11,167.4,0,1.0,0,medio,app,1,0
7,52.89,6,189.4,2,29.9,0,alto,app,1,0
8,53.79,22,33.2,3,47.7,0,bajo,web,0,0
9,206.0,6,38.0,2,42.7,1,bajo,pos,0,0
10,20.57,4,492.4,2,39.1,0,medio,pos,0,1
11,21.8,23,81.5,3,83.9,0,bajo,pos,0,0
12,56.36,13,126.1,2,6.9,0,bajo,app,0,0
13,21.75,8,172.8,1,31.7,1,bajo,app,0,0
14,94.16,7,61.5,0,1.0,1,bajo,web,1,1
15,108.41,2,38.6,0,32.4,0,bajo,app,0,0
16,51.32,16,199.0,4,70.5,0,bajo,web,0,0
17,18.84,12,57.6,1,12.6,1,bajo,web,0,0
18,87.27,2,16.2,2,36.9,0,bajo,web,0,0
19,111.63,6,80.1,1,16.4,0,bajo,app,0,0
20,41.33,22,54.9,0,30.5,0,medio,web,0,0
21,30.45,21,404.6,0,42.8,0,medio,web,0,0
22,42.69,13,22.0,1,57.7,0,bajo,web,0,0
23,85.12,2,160.5,1,14.4,0,bajo,app,0,0
24,38.0,12,49.6,3,52.6,0,bajo,web,0,0
25,24.12,5,41.8,1,41.2,0,bajo,web,0,0
26,34.92,1,52.3,1,23.0,0,bajo,web,0,0
27,16.59,5,19.4,1,29.9,1,bajo,web,0,0
28,98.11,17,40.5,1,39.4,0,bajo,app,0,0
29,63.56,19,205.5,0,51.6,1,bajo,pos,1,0
30,246.58,13,77.2,0,32.5,0,bajo,web,1,0
31,20.26,5,86.9,3,61.7,0,bajo,telefono,0,0
32,28.75,23,184.9,0,51.3,0,bajo,app,0,0
33,244.9,9,270.0,4,1.0,1,bajo,web,1,0
34,48.87,2,119.3,2,18.8,0,bajo,web,1,0
35,70.07,19,291.1,1,48.6,0,medio,web,0,0
36,136.4,22,15.0,0,28.8,0,bajo,app,1,0
37,113.67,13,181.0,2,9.0,0,bajo,web,0,0
38,38.52,3,169.5,1,59.0,0,alto,app,0,0
39,74.25,11,79.1,3,89.9,0,medio,web,1,0
40,27.24,16,93.9,2,49.8,0,bajo,pos,0,0
41,50.09,20,261.2,2,18.5,0,bajo,app,0,0
42,38.64,2,3.7,3,64.0,1,bajo,web,0,0
43,32.31,10,34.4,1,13.7,0,bajo,app,0,0
44,874.98,15,188.5,0,23.6,0,bajo,pos,0,0
45,63.82,0,219.1,2,3.5,0,medio,app,0,0
46,28.53,21,72.9,1,11.8,0,bajo,web,0,0
47,102.82,20,266.1,2,65.2,0,alto,web,1,0
48,37.59,6,216.2,2,61.8,0,medio,web,0,0
49,28.17,3,280.5,0,25.3,0,bajo,pos,0,0
50,215.54,14,228.8,1,21.7,0,alto,pos,0,0
51,131.13,11,97.2,1,22.4,0,medio,pos,0,0
52,52.63,16,313.5,2,44.5,0,bajo,web,1,0
53,32.95,7,,0,18.8,0,bajo,web,1,0
54,177.76,10,11.1,2,23.6,0,bajo,web,0,0
55,59.27,19,202.3,2,95.6,0,bajo,app,1,0
56,41.27,16,18.3,1,66.8,0,bajo,app,0,0
57,279.48,21,539.3,0,47.0,0,bajo,web,0,0
58,30.87,14,123.5,2,1.0,0,medio,telefono,0,0
59,198.19,21,85.0,0,15.1,0,bajo,web,0,0
60,76.56,1,31.9,3,40.9,0,bajo,web,0,0
61,51.05,5,26.8,0,55.7,0,bajo,app,0,0
62,160.41,17,234.4,1,71.3,0,bajo,web,0,0
63,73.14,11,0.5,2,40.6,0,bajo,web,0,0
64,235.32,10,99.1,0,32.7,1,bajo,pos,0,0
65,84.06,17,40.1,1,1.0,0,bajo,app,0,0
66,102.53,0,119.0,1,54.2,0,medio,web,0,0
67,218.9,23,5.2,0,38.9,0,bajo,pos,1,0
68,147.05,19,490.3,2,24.5,1,bajo,app,0,0
69,14.56,5,183.9,1,14.5,0,medio,app,0,0
70,66.53,0,62.5,1,18.4,0,medio,web,0,0
71,17.69,20,35.4,0,9.5,0,bajo,telefono,0,0
72,193.03,0,5.9,1,22.7,0,medio,web,1,0
73,85.18,2,15.2,0,9.6,0,medio,web,0,0
74,39.05,21,76.4,0,34.7,0,medio,web,1,0
75,21.9,4,129.5,2,14.1,1,bajo,app,0,0
76,5.29,7,156.5,2,50.8,0,bajo,pos,1,0
77,46.3,15,67.9,2,20.2,0,medio,app,0,0
78,45.41,9,115.2,2,51.7,0,alto,app,0,0
79,18.01,13,211.1,1,27.5,0,bajo,app,0,0
80,27.21,9,62.1,1,25.7,1,bajo,app,0,1
81,89.59,19,175.0,0,1.0,0,bajo,web,1,0
82,507.78,9,158.6,0,67.3,1,medio,web,1,0
83,16.68,8,30.2,4,1.0,0,alto,web,0,1
84,527.38,0,100.7,0,31.9,0,bajo,web,0,0
85,19.77,12,35.3,0,31.5,0,medio,web,0,0
86,58.9,22,206.4,1,54.7,0,bajo,app,0,0
87,54.99,17,67.8,1,29.8,0,medio,app,0,0
88,81.41,17,113.1,1,24.6,0,bajo,app,0,0
89,46.91,23,5.1,0,44.3,0,bajo,telefono,0,0
90,29.35,2,458.3,1,56.7,1,bajo,pos,0,1
91,59.79,12,464.6,2,5.3,0,bajo,pos,1,0
92,164.98,1,59.8,0,6.5,0,medio,app,1,0
93,11.39,14,303.9,5,27.0,0,bajo,pos,0,0
94,55.54,18,204.4,3,25.3,0,bajo,app,0,0
95,68.71,5,72.7,0,23.1,0,alto,web,1,0
96,237.37,17,323.6,1,57.9,0,bajo,app,0,0
97,39.83,1,10.5,1,27.4,0,alto,app,0,1
98,139.05,9,32.6,3,1.0,0,bajo,web,1,0
99,175.71,23,9.7,2,31.2,1,bajo,web,0,1
100,297.85,14,343.8,2,64.0,0,medio,web,0,0
101,123.39,18,57.9,0,43.8,0,medio,app,0,0
102,46.29,14,247.1,1,15.5,0,bajo,telefono,0,0
103,35.88,10,37.4,0,73.7,0,bajo,web,0,0
104,74.36,2,0.5,3,29.5,0,bajo,web,0,0
105,11.58,22,142.5,0,21.5,0,bajo,app,1,0
106,71.29,23,2.0,1,32.4,1,bajo,web,0,0
107,16.23,2,119.5,0,34.8,0,bajo,web,0,0
108,52.04,23,7.7,0,37.3,0,medio,web,0,0
109,58.77,3,210.2,3,43.7,0,bajo,app,0,0
110,727.32,2,56.1,3,9.6,0,medio,pos,1,0
111,55.68,23,68.1,3,37.8,0,bajo,web,0,0
112,64.69,5,94.9,1,27.3,0,bajo,app,0,0
113,7.35,11,123.4,3,30.1,1,medio,web,0,1
114,58.0,9,107.6,1,59.7,0,bajo,app,0,0
115,7.46,21,16.0,0,48.4,0,bajo,app,0,0
116,35.81,17,26.6,1,11.8,0,bajo,web,1,0
117,113.92,11,155.5,1,54.0,0,medio,web,0,0
118,117.14,9,186.6,0,33.2,0,bajo,web,0,0
119,10.69,9,55.5,1,54.0,0,bajo,app,0,0
120,77.9,10,61.2,2,40.8,0,alto,web,1,0
121,207.77,15,97.0,2,30.1,0,bajo,app,0,0
122,33.45,15,136.8,2,52.9,0,bajo,web,0,0
123,182.88,22,282.2,1,29.8,0,bajo,app,1,0
124,44.32,5,112.8,2,32.2,0,bajo,web,1,0
125,185.36,10,45.3,1,24.0,1,bajo,app,2,0
126,9.29,3,78.5,3,43.0,1,medio,app,0,1
127,64.25,6,578.4,3,32.2,1,alto,app,1,1
128,146.14,21,0.6,1,72.8,0,bajo,app,0,0
129,90.91,15,109.0,1,39.6,0,bajo,web,1,0
130,84.15,20,14.8,5,55.9,0,bajo,app,0,0
131,59.97,16,15.2,2,26.2,0,bajo,app,1,0
132,56.77,4,187.7,2,62.6,0,bajo,app,1,0
133,196.07,15,255.3,0,63.1,0,medio,app,1,0
134,32.81,21,22.6,0,25.0,1,bajo,app,0,0
135,28.86,9,83.3,1,1.4,1,bajo,app,1,1
136,141.5,20,,1,11.7,1,medio,web,1,0
137,59.23,4,,2,5.0,1,bajo,web,0,1
138,161.71,12,57.3,2,8.0,0,bajo,pos,0,0
139,416.41,6,107.9,1,81.0,0,bajo,web,1,0
140,104.76,2,32.4,4,48.2,0,bajo,web,0,0
141,94.32,14,82.3,0,9.4,0,bajo,web,0,0
142,59.64,18,154.8,0,48.3,0,medio,web,0,0
143,321.34,4,46.0,1,45.6,0,medio,app,0,0
144,30.57,7,208.5,0,26.1,0,bajo,app,0,0
145,10.41,16,44.7,2,23.6,1,bajo,web,1,0
146,104.91,0,316.3,0,22.0,0,medio,app,0,0
147,212.52,6,17.0,0,39.4,0,alto,app,0,0
148,60.31,4,18.2,0,58.6,0,bajo,web,0,0
149,136.81,9,99.5,2,49.5,1,bajo,web,0,0
150,128.44,11,300.7,0,17.8,0,medio,web,0,0
151,19.24,14,148.0,0,61.7,0,medio,app,1,0
152,361.48,2,137.2,0,11.3,0,medio,web,0,0
153,12.39,10,23.4,4,27.4,0,bajo,web,1,0
154,185.14,20,163.0,3,58.5,0,medio,app,0,0
155,55.99,7,389.8,0,3.0,0,bajo,pos,3,0
156,104.25,6,66.5,1,22.5,0,alto,app,0,0
157,78.08,6,2.6,1,1.0,0,bajo,pos,1,0
158,93.19,8,423.1,0,53.1,0,bajo,web,1,0
159,27.51,15,14.1,2,50.1,0,bajo,app,1,0
160,44.27,12,101.2,1,18.6,1,bajo,web,0,0
161,34.96,0,121.3,0,11.3,0,medio,web,0,0
162,46.32,6,79.1,1,41.8,1,bajo,app,1,0
163,80.82,23,145.2,4,67.3,0,bajo,app,1,0
164,6.84,9,178.3,2,1.0,1,bajo,app,2,1
165,586.96,10,1.6,0,35.1,0,bajo,app,0,0
166,72.65,11,16.6,0,33.1,1,bajo,app,1,0
167,55.28,22,458.7,1,64.9,0,bajo,app,0,0
168,59.15,9,81.5,0,59.7,1,medio,web,0,0
169,42.62,8,68.9,2,31.1,0,bajo,app,0,0
170,4.84,12,116.3,0,46.2,1,alto,pos,0,0
171,73.72,23,544.8,2,20.6,0,bajo,app,0,0
172,953.64,15,51.7,0,4.3,0,bajo,web,0,0
173,160.28,10,58.4,1,42.9,0,bajo,web,1,0
174,528.2,19,35.2,1,62.2,0,alto,app,0,0
175,16.4,9,50.9,2,22.1,0,bajo,app,0,0
176,131.6,7,68.6,1,42.0,0,bajo,app,0,0
177,59.06,10,6.2,1,28.6,0,bajo,telefono,2,0
178,426.11,10,240.5,1,30.3,0,bajo,app,0,0
179,18.46,10,191.8,0,25.6,0,medio,web,1,0
180,139.49,5,113.8,2,37.9,0,bajo,app,0,0
181,18.96,5,77.8,0,58.3,0,bajo,pos,0,0
182,29.57,0,70.7,2,36.6,0,bajo,web,0,0
183,875.97,19,7.4,3,77.2,0,alto,web,0,0
184,112.11,14,17.0,0,13.3,0,bajo,app,0,0
185,80.19,15,110.6,2,35.8,1,bajo,web,0,0
186,12.68,3,32.1,1,1.0,0,bajo,pos,3,0
187,14.36,4,41.8,1,27.5,1,bajo,web,0,0
188,58.01,21,34.6,1,54.3,0,medio,web,0,0
189,223.89,22,439.0,3,23.6,0,medio,pos,0,0
190,640.39,1,17.4,3,24.8,0,bajo,web,0,0
191,71.64,20,126.3,4,33.8,1,bajo,app,1,0
192,51.3,1,292.5,2,61.9,0,bajo,app,2,0
193,31.11,16,127.6,0,48.0,0,bajo,app,0,0
194,104.67,5,74.0,2,7.0,1,bajo,web,0,0
195,27.77,11,26.0,3,1.0,1,bajo,web,0,1
196,52.57,19,11.4,0,25.2,0,bajo,web,0,0
197,18.59,23,71.1,1,37.2,0,bajo,web,0,0
198,50.54,0,46.2,1,42.7,0,medio,web,0,0
199,337.66,10,283.9,0,49.9,0,bajo,app,1,0
200,29.6,19,115.2,0,26.6,1,bajo,app,0,0
201,506.63,5,77.6,1,32.1,0,bajo,web,0,0
202,87.34,18,51.2,0,67.8,1,bajo,pos,0,0
203,229.41,2,116.7,2,30.2,0,bajo,app,0,0
204,27.97,22,35.1,2,7.0,0,medio,pos,0,0
205,6.34,11,37.0,1,20.4,0,bajo,web,0,0
206,67.48,23,307.4,2,55.9,1,bajo,web,1,0
207,91.21,6,200.1,1,21.4,0,bajo,app,0,0
208,15.14,11,28.9,1,24.7,0,bajo,app,0,0
209,150.89,9,35.1,2,18.2,0,alto,web,0,0
210,187.42,19,64.3,0,55.6,0,bajo,pos,1,0
211,41.64,6,192.6,1,33.1,0,bajo,app,1,0
212,38.62,9,147.8,0,1.4,0,medio,app,0,0
213,78.11,11,141.0,1,57.2,0,medio,web,0,0
214,30.14,11,298.2,3,24.9,1,bajo,app,1,0
215,201.11,4,236.2,1,51.2,0,bajo,app,0,0
216,107.25,21,153.0,1,13.5,0,medio,web,1,0
217,285.11,23,251.8,2,42.8,0,medio,app,0,0
218,88.97,0,127.8,0,63.0,0,medio,web,0,0
219,109.48,8,320.0,1,1.0,0,bajo,app,1,0
220,246.84,22,196.3,0,53.4,1,bajo,web,1,0
221,69.21,20,113.6,2,9.8,0,bajo,app,0,0
222,108.49,17,36.6,1,52.5,0,bajo,web,1,0
223,70.89,22,46.9,3,48.1,0,bajo,web,0,0
224,131.97,6,73.2,1,14.3,1,bajo,app,0,0
225,57.23,11,124.2,0,30.7,0,bajo,web,1,0
226,54.94,15,41.8,1,30.1,0,bajo,app,2,0
227,174.52,17,117.8,4,19.1,0,medio,app,0,0
228,92.12,13,5.2,0,1.0,0,medio,web,1,0
229,64.12,11,476.0,0,29.4,1,bajo,web,1,0
230,48.65,19,112.9,3,38.7,0,bajo,app,0,0
231,8.19,16,59.1,2,61.1,0,alto,app,1,0
232,18.54,18,79.0,1,32.8,1,bajo,web,0,0
233,14.04,16,99.0,0,20.1,0,bajo,pos,0,0
234,45.41,8,363.0,0,73.3,0,bajo,app,0,0
235,137.48,11,50.4,0,17.5,1,bajo,web,0,0
236,417.86,20,72.0,0,47.1,0,bajo,web,0,0
237,136.1,22,57.3,2,3.4,0,bajo,web,0,0
238,77.66,20,,0,30.6,0,medio,pos,0,0
239,103.75,21,78.9,2,53.9,0,medio,web,0,0
240,99.13,21,142.2,0,33.9,0,bajo,web,0,0
241,263.08,20,93.7,0,17.4,0,bajo,app,3,0
242,24.04,21,20.2,0,18.9,0,bajo,pos,1,0
243,63.04,1,387.1,0,72.8,0,bajo,pos,1,0
244,68.46,0,7.5,1,8.6,1,bajo,web,1,0
245,26.62,8,807.3,0,42.9,0,bajo,pos,0,0
246,14.66,19,114.7,2,1.1,0,bajo,web,2,0
247,240.33,12,79.7,0,58.4,0,bajo,app,0,0
248,35.34,10,52.3,0,50.9,0,bajo,web,1,0
249,40.11,9,83.2,1,31.8,0,bajo,app,0,0
250,32.18,0,26.2,2,54.0,1,bajo,app,0,0
251,23.87,14,31.9,0,56.6,0,bajo,web,0,0
252,33.23,14,1.3,2,49.0,0,bajo,pos,0,0
253,29.91,10,123.8,0,7.4,0,bajo,pos,0,0
254,19.7,19,199.9,1,72.5,0,bajo,app,0,0
255,80.08,9,330.2,0,26.5,0,bajo,pos,0,0
256,19.11,17,39.2,1,1.0,0,bajo,app,0,0
257,16.44,9,448.0,3,1.0,0,bajo,web,0,0
258,110.75,19,411.6,1,29.2,0,bajo,web,0,0
259,46.19,4,133.4,3,23.1,0,bajo,app,0,0
260,31.39,5,71.0,1,31.3,1,medio,web,1,0
261,61.72,4,106.7,2,33.0,0,bajo,app,0,0
262,316.06,10,243.7,5,60.8,0,medio,web,0,1
263,54.31,21,200.2,0,8.3,1,bajo,web,0,0
264,203.87,8,569.3,1,46.5,1,bajo,app,1,0
265,41.65,10,118.0,1,23.1,0,bajo,web,0,0
266,48.73,3,30.4,1,43.6,0,bajo,pos,0,0
267,72.12,0,218.2,1,39.0,0,bajo,web,0,0
268,77.02,0,124.2,4,62.8,0,bajo,pos,0,0
269,463.23,13,27.2,4,42.5,0,bajo,app,0,0
270,116.96,16,53.0,0,17.9,0,bajo,web,0,0
271,31.21,13,39.4,0,44.8,0,bajo,app,2,0
272,41.82,1,18.3,1,1.0,0,bajo,web,1,0
273,35.33,21,46.5,0,55.0,0,bajo,pos,0,0
274,122.59,2,64.3,0,1.0,0,medio,app,0,0
275,31.21,6,169.5,1,45.7,1,alto,web,0,1
276,237.45,22,63.4,2,15.4,0,bajo,web,0,0
277,6.88,15,112.0,1,30.7,1,alto,app,0,0
278,816.9,12,33.9,1,43.4,0,bajo,web,0,0
279,96.25,23,72.9,0,32.9,0,bajo,pos,2,0
280,333.59,3,410.6,0,36.1,0,bajo,web,0,0
281,62.47,5,220.9,2,78.2,0,bajo,web,1,0
282,57.41,1,66.4,0,44.3,0,bajo,app,0,0
283,118.97,12,28.1,2,61.1,0,medio,web,0,0
284,51.79,8,2.0,1,26.1,0,bajo,web,0,0
285,71.26,10,101.7,1,36.8,0,bajo,app,0,0
286,35.59,5,27.6,1,21.1,0,medio,web,0,0
287,34.51,6,211.5,1,41.9,0,medio,pos,1,0
288,285.9,15,73.1,3,21.0,1,bajo,web,0,0
289,29.26,18,204.1,0,32.9,0,bajo,telefono,0,0
290,29.32,8,19.8,1,62.8,0,alto,pos,2,0
291,47.83,0,40.1,1,22.2,0,alto,pos,0,1
292,181.95,17,37.9,0,51.4,0,bajo,app,0,0
293,113.54,13,126.6,2,76.7,0,bajo,app,1,0
294,153.46,6,21.7,1,37.6,0,bajo,app,2,0
295,72.21,17,67.7,1,62.0,1,alto,web,0,0
296,44.04,22,47.6,0,37.2,0,bajo,app,0,0
297,42.38,23,297.4,1,38.9,1,bajo,pos,2,0
298,100.55,22,115.8,3,33.9,0,alto,pos,0,0
299,46.58,22,110.0,1,51.9,0,bajo,app,0,0
300,26.63,20,61.3,0,48.1,0,medio,app,0,0
301,383.8,12,99.4,1,10.5,0,bajo,web,0,0
302,138.11,20,107.7,2,56.0,0,bajo,web,0,0
303,164.2,20,59.8,2,55.9,1,bajo,web,0,0
304,33.64,3,57.6,3,36.2,0,bajo,app,0,0
305,15.09,13,90.4,1,44.4,0,medio,web,0,0
306,282.54,0,133.7,1,56.8,1,bajo,app,1,0
307,210.99,23,137.2,1,1.0,1,bajo,app,1,1
308,24.44,2,145.3,1,47.4,0,medio,app,0,0
309,85.86,13,25.9,1,29.4,0,bajo,web,1,0
310,13.12,11,206.5,3,68.9,0,bajo,app,0,0
311,131.49,2,321.5,1,51.2,1,bajo,app,0,0
312,29.18,20,84.9,0,45.5,0,bajo,web,0,0
313,27.3,20,33.9,2,57.4,0,medio,web,0,0
314,264.26,19,67.1,2,41.6,0,bajo,web,0,0
315,45.04,17,21.2,3,47.0,1,bajo,app,0,0
316,322.13,10,1.3,2,51.1,0,bajo,app,0,0
317,12.49,6,45.3,0,32.1,0,medio,app,0,0
318,78.49,2,103.6,2,37.3,0,bajo,app,1,0
319,35.1,1,97.6,1,29.8,0,alto,app,1,0
320,188.05,10,87.0,1,6.2,0,bajo,app,1,0
321,4.24,3,,0,30.5,0,bajo,app,0,0
322,37.61,2,59.2,2,29.2,1,bajo,app,0,0
323,10.19,5,98.9,1,23.7,1,bajo,web,1,0
324,379.66,2,432.1,3,50.3,0,alto,telefono,0,0
325,69.12,19,226.1,0,18.3,1,bajo,pos,0,0
326,19.72,13,247.4,3,21.1,1,medio,web,1,1
327,25.6,1,121.3,2,52.9,0,medio,app,1,0
328,35.62,12,81.9,2,69.3,0,medio,app,0,0
329,104.5,19,304.7,0,80.4,1,bajo,telefono,0,0
330,216.67,14,0.6,1,10.8,0,bajo,web,0,0
331,67.04,18,92.4,3,45.6,1,alto,telefono,0,1
332,197.0,1,176.2,1,58.1,1,medio,web,0,0
333,123.6,23,71.6,2,77.6,0,bajo,web,1,0
334,120.45,3,53.6,1,51.2,0,alto,web,0,0
335,19.17,17,30.8,3,47.9,0,medio,app,2,0
336,70.91,10,360.1,1,56.5,0,bajo,web,1,0
337,19.87,7,47.6,0,14.5,1,bajo,pos,0,0
338,9.35,2,92.8,2,27.0,0,alto,web,0,1
339,52.46,0,293.8,2,12.3,1,bajo,app,1,0
340,172.78,0,365.1,0,84.4,0,bajo,app,1,0
341,35.2,16,156.9,0,49.6,0,bajo,app,0,0
342,154.26,8,183.9,1,50.4,0,bajo,pos,0,0
343,40.73,18,241.1,2,46.6,0,bajo,app,0,0
344,317.07,6,147.8,0,31.6,0,bajo,web,0,0
345,166.24,20,84.5,2,42.1,0,bajo,app,0,0
346,99.36,0,79.9,1,42.4,0,bajo,app,0,0
347,129.73,5,162.5,2,29.8,0,bajo,pos,1,0
348,195.11,5,47.3,0,15.1,1,bajo,app,0,0
349,22.61,22,104.6,1,68.2,0,bajo,pos,3,0
350,27.76,23,135.4,3,30.2,0,bajo,app,3,1
351,214.63,22,217.0,1,54.0,0,bajo,pos,0,0
352,92.32,10,21.7,0,14.9,0,bajo,telefono,0,0
353,48.29,6,255.3,2,49.4,0,bajo,web,0,0
354,196.01,16,469.4,2,38.7,1,medio,app,0,0
355,164.14,2,61.1,1,41.8,0,bajo,app,0,0
356,230.88,4,49.1,2,37.7,0,bajo,app,0,0
357,28.45,15,17.3,1,36.3,0,bajo,pos,1,0
358,16.07,10,35.8,0,25.9,0,alto,web,0,0
359,106.02,8,92.9,0,70.3,0,medio,pos,1,0
360,12.21,22,12.6,1,40.6,1,bajo,telefono,0,0
361,34.56,7,90.3,1,95.6,0,bajo,web,0,0
362,77.28,19,35.0,4,1.0,0,bajo,app,0,0
363,70.26,16,298.4,1,48.9,0,bajo,web,2,0
364,203.18,22,522.9,2,51.7,0,bajo,app,0,0
365,26.43,0,66.4,1,45.7,0,alto,app,0,0
366,156.65,10,70.9,0,22.1,0,medio,telefono,0,0
367,53.89,16,129.7,2,66.1,0,bajo,telefono,1,0
368,100.57,18,,0,1.5,0,bajo,app,1,0
369,15.54,0,1.0,0,37.8,0,bajo,web,0,0
370,114.35,19,156.8,1,51.4,1,medio,app,0,0
371,37.49,19,72.5,0,36.2,0,bajo,app,0,0
372,,20,270.3,0,96.5,0,bajo,web,1,0
373,77.33,19,21.6,0,49.2,0,bajo,web,0,0
374,4.79,5,164.5,0,1.0,1,bajo,web,0,0
375,137.39,9,63.5,1,24.0,0,bajo,web,0,0
376,57.01,11,1.3,2,1.0,1,bajo,app,0,0
377,303.53,21,187.2,2,15.9,1,bajo,app,1,1
378,53.76,19,122.5,0,85.1,0,bajo,app,0,0
379,53.23,19,199.7,1,72.6,0,bajo,web,0,0
380,113.99,20,256.0,1,27.5,1,bajo,app,2,0
381,204.51,22,5.7,2,20.1,0,bajo,telefono,0,0
382,32.77,8,111.2,1,7.8,0,bajo,web,0,0
383,34.15,21,12.9,2,18.3,0,bajo,pos,1,0
384,24.01,4,47.1,1,43.1,0,bajo,web,0,0
385,712.44,16,111.6,1,13.7,0,medio,telefono,0,0
386,60.69,7,4.4,1,34.4,1,medio,web,0,0
387,83.49,12,77.7,0,25.3,0,bajo,pos,1,0
388,104.36,6,87.7,0,37.0,0,medio,web,0,0
389,174.11,4,87.6,2,21.4,0,bajo,pos,0,0
390,107.63,16,51.2,0,42.2,0,medio,pos,0,0
391,31.25,11,67.2,1,83.3,0,bajo,app,0,0
392,33.56,1,7.0,0,34.0,0,medio,app,2,0
393,19.13,16,334.2,1,59.6,1,bajo,app,0,0
394,180.18,6,53.9,0,61.0,0,bajo,app,0,0
395,308.15,9,160.1,0,38.4,0,bajo,web,0,0
396,92.45,11,151.7,1,26.9,0,bajo,app,1,0
397,6.53,17,38.3,2,1.0,1,medio,web,1,0
398,114.24,10,196.9,0,44.8,1,medio,web,1,0
399,63.18,21,30.8,1,62.1,0,bajo,pos,0,0
400,46.18,19,25.2,0,14.9,1,bajo,telefono,1,0
401,62.96,7,86.9,0,28.4,0,bajo,web,0,0
402,52.54,10,24.5,0,42.2,1,bajo,app,0,0
403,157.03,20,36.5,2,37.2,0,bajo,pos,1,0
404,164.07,21,51.6,1,38.9,1,bajo,app,0,0
405,91.03,3,31.9,1,50.7,0,bajo,app,0,0
406,103.2,14,10.6,1,46.3,1,bajo,app,0,0
407,76.2,18,78.9,2,21.4,0,bajo,web,0,0
408,36.7,18,33.0,1,45.4,0,bajo,app,0,0
409,23.56,10,85.4,2,37.9,0,bajo,pos,1,0
410,53.85,16,98.8,1,33.6,0,medio,web,0,0
411,135.58,15,0.4,1,59.6,0,alto,web,2,0
412,115.86,17,44.8,1,24.9,0,bajo,web,1,0
413,84.05,18,21.5,1,8.6,0,bajo,app,0,0
414,104.68,15,89.3,0,25.2,0,medio,web,1,0
415,12.31,1,287.1,0,47.9,0,bajo,app,0,0
416,96.83,3,56.6,1,1.0,0,bajo,web,1,0
417,66.87,15,100.0,0,13.7,0,bajo,app,0,0
418,20.27,9,111.9,0,55.7,0,alto,app,1,0
419,91.65,7,82.3,3,62.7,0,bajo,web,1,0
420,38.67,17,151.0,2,71.5,0,bajo,app,0,0
421,132.63,18,,0,2.7,0,bajo,app,0,0
422,18.2,16,286.0,1,19.7,0,bajo,web,0,0
423,52.53,5,1.2,3,14.0,1,bajo,web,0,0
424,236.8,17,235.2,2,37.3,1,medio,web,0,0
425,85.19,18,68.6,2,6.9,0,bajo,pos,0,0
426,194.92,2,29.1,1,38.4,0,bajo,web,0,0
427,858.49,1,193.4,1,37.2,0,medio,app,0,1
428,40.93,3,60.1,0,70.6,0,bajo,app,0,0
429,205.45,15,138.2,1,62.9,0,bajo,app,0,0
430,15.88,15,62.5,2,17.2,0,bajo,web,0,0
431,144.18,17,21.5,2,40.2,1,bajo,web,0,0
432,39.33,3,282.8,2,1.0,0,bajo,pos,0,0
433,69.8,9,424.2,2,1.0,0,bajo,web,1,0
434,12.48,0,109.9,0,1.0,0,medio,web,0,0
435,476.45,3,71.1,1,12.0,0,bajo,app,0,0
436,83.69,1,94.1,1,46.5,0,bajo,app,1,0
437,406.01,11,38.4,1,27.4,0,bajo,pos,0,0
438,48.02,0,87.7,0,1.0,0,bajo,web,0,0
439,300.74,11,81.3,0,1.0,1,bajo,pos,1,0
440,57.98,20,35.6,1,45.3,1,bajo,web,0,0
441,360.96,9,102.4,0,42.7,0,medio,web,1,0
442,26.64,4,68.3,5,21.7,1,bajo,app,0,1
443,51.09,10,406.9,1,1.0,0,bajo,pos,0,0
444,42.08,1,85.0,2,8.8,0,bajo,app,0,0
445,29.58,10,286.8,0,11.8,1,alto,app,0,1
446,108.62,5,90.2,1,26.7,0,bajo,app,3,0
447,17.0,12,238.2,1,5.5,0,bajo,pos,0,0
448,103.7,14,26.2,1,33.6,1,bajo,telefono,0,0
449,52.16,17,136.5,1,36.0,0,medio,pos,2,0
450,72.8,4,235.7,2,47.0,0,bajo,web,0,0
451,67.93,4,105.5,3,14.0,0,medio,web,0,0
452,20.79,0,535.0,2,55.3,0,alto,web,1,1
453,5.32,11,62.0,0,17.7,0,bajo,web,0,0
454,217.48,11,79.6,0,15.3,0,bajo,pos,0,0
455,41.28,7,217.0,1,42.7,0,bajo,app,0,0
456,251.81,16,48.4,2,68.1,0,medio,app,1,0
457,7.6,8,94.3,0,28.7,1,alto,app,0,0
458,116.67,21,61.3,0,75.5,0,bajo,web,2,0
459,31.23,6,94.0,1,24.6,1,bajo,web,1,1
460,61.36,7,34.2,0,1.0,0,bajo,app,0,0
461,21.36,21,156.0,0,21.2,0,bajo,pos,2,0
462,160.72,16,46.4,2,42.2,0,medio,web,0,0
463,27.27,1,90.2,0,43.3,0,bajo,web,0,0
464,89.99,7,309.5,0,15.6,1,bajo,telefono,0,0
465,75.61,21,485.1,2,21.9,0,bajo,app,1,1
466,69.02,13,34.7,2,42.2,0,bajo,web,0,0
467,111.6,2,67.5,2,18.5,0,alto,web,1,1
468,34.88,17,20.7,2,26.6,0,medio,web,1,0
469,149.39,3,170.1,1,36.1,0,alto,app,1,0
470,242.16,12,144.9,1,29.8,0,bajo,app,0,0
471,32.16,14,262.3,1,35.6,1,bajo,pos,0,0
472,89.49,5,43.8,0,65.3,0,alto,app,0,0
473,9.65,11,223.9,2,37.2,1,bajo,app,0,0
474,19.24,15,70.6,0,20.3,1,bajo,app,1,0
475,,11,0.7,1,27.8,0,bajo,app,1,0
476,87.32,11,26.9,1,26.2,0,bajo,pos,0,0
477,283.13,12,101.6,0,67.0,0,bajo,app,0,0
478,78.04,8,138.7,0,53.4,0,alto,web,1,0
479,115.71,3,8.1,2,13.0,0,bajo,web,0,0
480,26.14,6,11.1,0,52.5,0,bajo,app,0,0
481,29.61,19,77.6,0,14.4,1,bajo,web,1,0
482,72.21,11,45.0,1,74.0,0,alto,app,0,0
483,28.5,4,12.0,0,5.4,1,bajo,pos,0,0
484,131.86,20,97.5,1,17.8,1,bajo,app,0,0
485,56.51,13,28.4,0,23.6,1,medio,app,1,0
486,38.86,17,46.0,1,50.9,0,medio,app,0,0
487,81.05,9,191.3,1,31.2,0,bajo,pos,0,0
488,33.58,6,110.3,0,44.5,0,bajo,web,1,0
489,84.4,14,30.4,2,72.7,0,bajo,pos,2,0
490,47.08,7,60.7,1,19.0,0,alto,web,0,1
491,13.47,13,191.3,3,22.7,1,bajo,web,0,0
492,23.19,16,21.0,2,21.6,1,bajo,web,0,0
493,34.23,8,129.0,1,53.5,1,medio,app,0,0
494,82.55,14,165.7,1,26.5,0,bajo,web,1,0
495,279.66,14,115.0,1,32.1,0,medio,app,0,0
496,139.91,0,50.5,1,57.8,0,bajo,app,0,0
497,14.3,9,94.5,0,46.5,0,bajo,app,1,0
498,25.18,6,179.0,0,24.3,1,bajo,app,0,1
499,45.01,1,18.9,2,25.8,0,bajo,app,0,0
500,119.68,13,31.2,1,35.0,0,bajo,web,0,0
501,108.06,7,237.1,1,1.0,0,bajo,web,0,0
502,10.35,20,13.1,2,33.5,0,alto,telefono,0,0
503,97.17,22,20.7,1,2.3,1,bajo,web,0,0
504,56.59,14,81.6,2,56.3,0,bajo,app,0,0
505,42.16,4,87.7,1,23.2,0,bajo,app,1,0
506,99.92,22,80.4,1,1.0,1,bajo,web,0,0
507,359.0,20,43.0,2,1.0,0,medio,app,0,1
508,35.38,18,84.3,1,57.8,0,alto,web,0,0
509,64.95,18,41.5,3,55.5,0,bajo,app,0,0
510,57.96,13,105.3,1,59.9,0,bajo,web,1,0
511,47.63,15,61.0,0,50.5,0,bajo,web,0,0
512,49.63,19,341.0,3,44.9,0,bajo,app,1,0
513,46.03,3,11.0,1,63.0,0,bajo,app,0,0
514,38.91,1,220.6,2,37.0,1,medio,app,0,0
515,52.16,14,119.4,2,29.7,0,medio,web,1,1
516,,11,59.2,1,53.0,0,bajo,app,0,0
517,20.08,2,360.4,1,45.2,0,bajo,web,1,0
518,54.37,15,114.3,1,67.4,0,bajo,pos,0,0
519,67.7,7,54.8,0,31.1,0,bajo,app,0,0
520,180.0,15,11.0,2,65.0,1,bajo,web,1,0
521,64.28,7,82.6,1,1.0,0,bajo,telefono,1,0
522,55.46,8,249.6,1,13.9,0,bajo,app,0,0
523,119.48,18,115.0,2,22.0,0,bajo,pos,0,0
524,151.43,10,245.3,0,30.3,0,medio,app,0,0
525,32.78,6,122.8,2,55.0,0,medio,web,0,0
526,13.56,10,89.5,1,34.4,0,medio,web,0,0
527,121.18,0,20.6,0,18.8,1,bajo,app,0,0
528,150.01,5,99.8,4,21.8,1,bajo,app,0,0
529,127.14,5,88.1,1,42.9,0,bajo,web,0,0
530,153.98,6,381.9,1,56.1,0,medio,app,0,0
531,43.97,11,11.2,1,68.4,1,bajo,pos,0,0
532,53.41,0,301.1,0,1.0,0,bajo,web,0,0
533,74.57,18,388.9,1,40.9,0,bajo,app,0,0
534,92.47,23,104.2,1,54.2,0,bajo,app,0,0
535,36.72,15,272.8,2,42.2,0,bajo,web,0,0
536,39.01,4,42.1,1,45.8,0,bajo,app,0,0
537,245.97,3,171.8,2,11.6,0,medio,app,0,0
538,113.1,9,66.3,1,14.5,1,medio,web,0,0
539,223.22,4,345.2,1,59.6,0,bajo,web,0,0
540,114.67,20,32.0,3,32.7,0,medio,pos,0,0
541,24.88,1,110.3,1,19.6,0,bajo,app,0,0
542,25.67,3,21.0,0,27.8,0,alto,web,1,0
543,122.6,21,48.8,0,32.5,0,bajo,app,0,0
544,305.5,12,119.1,0,73.9,0,alto,app,0,0
545,145.56,17,55.2,1,45.1,0,bajo,pos,1,0
546,17.96,20,71.4,0,53.7,0,bajo,web,0,0
547,27.61,1,48.1,1,35.9,0,bajo,app,0,0
548,96.55,8,108.2,4,8.4,0,bajo,app,0,0
549,431.57,11,28.4,1,73.5,0,bajo,web,0,0
550,10.77,2,51.5,2,46.1,0,medio,web,0,0
551,71.35,22,131.3,2,70.1,1,bajo,app,0,0
552,165.94,10,5.3,3,32.4,1,bajo,web,0,0
553,113.66,15,15.7,0,12.7,0,bajo,web,1,0
554,34.42,4,74.2,2,5.3,1,bajo,app,0,1
555,14.74,7,17.5,1,45.2,1,medio,app,0,1
556,30.43,4,5.3,0,43.4,0,bajo,web,0,0
557,59.92,1,195.6,2,1.0,0,bajo,app,1,0
558,75.79,4,59.0,0,7.3,0,bajo,app,1,0
559,31.89,9,38.0,1,19.7,0,medio,pos,0,0
560,96.39,6,167.9,1,36.5,0,alto,web,2,1
561,93.49,13,29.4,1,28.7,0,bajo,web,0,0
562,266.51,12,80.4,2,77.3,0,bajo,app,1,0
563,35.84,2,183.9,2,12.9,1,bajo,app,0,0
564,27.83,4,66.2,0,19.8,0,bajo,web,0,0
565,94.71,5,65.3,1,45.4,0,bajo,telefono,2,0
566,110.1,21,26.5,0,85.2,0,bajo,web,0,0
567,155.99,11,22.9,1,40.5,1,bajo,app,1,0
568,75.27,5,37.8,1,29.7,1,medio,app,0,0
569,125.32,20,24.3,2,4.6,0,alto,web,0,0
570,240.83,6,9.8,1,55.0,0,bajo,web,0,0
571,57.66,9,18.2,4,44.2,0,bajo,app,0,0
572,204.57,14,23.9,2,8.2,0,bajo,app,2,0
573,20.4,11,126.8,1,23.2,1,bajo,app,0,0
574,14.95,18,17.8,1,30.0,0,bajo,web,0,0
575,384.72,20,202.0,1,65.8,0,bajo,app,1,0
576,8.6,17,0.4,1,35.0,0,bajo,web,1,0
577,26.98,18,172.0,1,40.4,1,bajo,web,1,0
578,10.78,15,114.5,3,31.0,1,bajo,app,0,0
579,12.01,14,9.9,0,29.0,0,bajo,app,0,0
580,27.26,13,209.5,4,49.7,0,bajo,web,0,0
581,148.08,5,147.7,1,68.7,1,alto,web,1,1
582,10.81,6,157.1,1,11.7,0,bajo,app,0,0
583,108.49,16,36.6,3,42.1,1,alto,web,1,1
584,,11,5.0,1,25.8,0,medio,app,0,0
585,38.9,2,101.6,1,27.7,0,medio,pos,0,0
586,24.44,14,186.7,2,14.4,0,bajo,app,0,0
587,55.43,15,91.5,2,41.4,0,bajo,web,0,0
588,119.86,6,192.2,3,57.3,1,medio,app,0,1
589,38.01,16,83.8,0,22.5,0,alto,web,0,0
590,22.58,11,19.9,2,12.5,0,bajo,web,1,0
591,6.73,21,61.8,0,40.5,1,bajo,web,0,0
592,68.32,23,126.7,1,32.2,1,bajo,app,0,0
593,29.57,1,78.1,2,28.4,0,alto,app,2,1
594,24.79,13,9.7,1,74.9,0,bajo,app,0,0
595,63.04,9,31.1,0,51.5,0,bajo,app,0,0
596,,17,11.9,1,49.9,1,alto,web,0,0
597,36.0,10,81.7,1,22.1,0,bajo,web,1,0
598,23.11,2,240.5,1,17.5,0,alto,app,1,0
599,29.21,13,10.9,3,36.2,0,bajo,web,0,0
600,99.89,8,89.3,0,15.7,0,bajo,telefono,0,0
601,440.0,5,70.2,0,40.7,0,medio,web,0,0
602,86.4,3,44.1,1,20.4,0,bajo,web,0,0
603,17.64,9,20.7,1,31.2,1,alto,app,0,0
604,78.8,13,73.5,2,40.3,0,alto,web,1,1
605,76.33,7,172.4,1,52.2,1,bajo,app,1,0
606,90.04,8,70.4,0,40.8,0,bajo,web,0,0
607,99.79,20,5.5,2,53.1,1,bajo,web,0,0
608,136.08,12,32.2,0,13.5,0,bajo,web,0,0
609,130.16,12,125.1,0,26.6,0,bajo,web,0,0
610,66.5,22,40.8,1,42.0,0,medio,web,1,0
611,30.06,0,162.3,1,30.4,0,medio,app,0,0
612,,15,69.7,3,69.1,0,medio,web,1,0
613,127.62,17,26.5,1,36.3,0,bajo,pos,0,0
614,34.82,22,113.2,3,29.0,0,bajo,app,0,0
615,119.29,6,12.6,2,25.2,1,bajo,app,0,0
616,48.23,7,360.2,0,20.6,0,bajo,app,0,0
617,21.29,6,60.3,0,8.3,0,bajo,web,0,0
618,53.7,18,106.9,1,26.5,0,bajo,app,0,0
619,67.65,7,264.0,1,49.5,0,bajo,web,0,0
620,45.08,18,168.3,0,31.6,0,bajo,pos,0,0
621,62.49,8,325.4,2,33.5,0,alto,pos,0,1
622,89.18,22,108.1,1,12.9,0,medio,app,1,0
623,309.39,5,27.2,0,55.6,0,bajo,web,1,0
624,60.12,22,416.0,1,61.2,0,bajo,app,1,1
625,16.25,13,35.2,0,33.0,0,medio,web,0,0
626,307.3,1,129.1,0,28.1,0,bajo,web,1,0
627,368.3,5,253.6,0,22.7,1,bajo,app,2,0
628,18.74,2,33.5,2,44.3,0,bajo,web,0,0
629,73.41,14,29.2,1,90.0,1,bajo,web,1,0
630,60.99,23,68.8,0,55.9,0,medio,app,1,0
631,41.11,14,170.7,2,14.1,0,bajo,web,0,0
632,85.33,3,342.5,3,63.9,0,bajo,app,0,0
633,43.77,5,26.5,2,13.7,1,medio,pos,0,0
634,29.58,7,87.2,0,42.5,0,bajo,web,1,0
635,169.31,17,111.2,3,26.9,0,medio,pos,1,1
636,19.41,14,310.8,1,1.0,1,medio,web,0,1
637,78.18,17,10.6,0,30.6,1,bajo,telefono,0,0
638,24.32,14,390.4,2,51.1,0,bajo,pos,1,0
639,917.84,14,37.1,0,1.0,1,bajo,app,0,0
640,30.17,15,200.3,0,1.7,0,bajo,web,0,0
641,88.08,5,220.7,1,6.3,0,bajo,app,0,0
642,38.14,6,128.8,2,2.9,0,medio,app,0,0
643,18.06,18,547.2,2,80.6,0,medio,web,0,0
644,30.44,19,87.5,0,12.1,0,bajo,web,0,0
645,104.15,14,41.8,2,1.0,0,bajo,app,0,0
646,15.58,1,74.5,1,26.3,0,medio,app,1,0
647,34.22,13,225.4,2,93.4,0,bajo,app,0,0
648,13.62,18,105.4,2,50.0,1,bajo,app,1,0
649,100.64,13,81.8,1,15.4,0,medio,pos,1,0
650,300.12,5,8.4,0,30.5,1,bajo,app,0,0
651,32.68,6,52.1,1,17.3,0,bajo,app,0,0
652,82.2,11,124.7,1,29.8,0,medio,web,0,0
653,19.67,2,25.0,2,72.6,0,bajo,web,3,0
654,117.17,4,89.2,0,23.3,0,bajo,app,0,0
655,77.51,8,13.2,1,23.3,0,bajo,pos,1,0
656,198.0,11,47.2,0,58.0,0,bajo,web,0,0
657,161.25,4,2.5,0,26.9,1,alto,app,0,0
658,421.13,1,200.8,2,8.3,0,bajo,web,0,0
659,11.15,11,452.8,0,49.7,0,medio,app,0,0
660,261.97,18,54.1,2,18.4,0,bajo,app,0,0
661,95.68,16,117.5,2,64.8,0,bajo,web,0,0
662,113.35,7,20.9,0,16.6,0,bajo,pos,0,0
663,21.9,1,639.9,0,56.8,0,medio,pos,0,0
664,41.49,21,435.1,4,9.0,0,bajo,web,0,1
665,81.95,19,45.0,1,28.3,0,medio,web,1,1
666,49.37,13,29.3,0,33.7,0,medio,pos,0,0
667,259.8,17,64.6,1,40.2,0,bajo,app,0,0
668,70.01,21,44.5,1,52.4,0,medio,app,0,0
669,263.41,1,115.9,2,35.8,0,bajo,pos,2,0
670,45.64,23,75.6,1,47.0,0,bajo,web,1,0
671,33.07,8,50.3,3,48.4,0,bajo,app,1,0
672,33.56,4,139.9,3,69.0,0,bajo,web,0,0
673,58.38,18,10.0,0,18.6,0,bajo,app,1,0
674,,17,157.9,0,59.0,0,alto,app,0,0
675,54.02,1,161.0,1,21.3,0,alto,app,0,1
676,101.67,1,93.8,1,32.4,0,bajo,app,0,0
677,45.88,14,15.2,2,64.7,0,bajo,app,1,0
678,29.92,13,60.7,2,53.7,1,bajo,app,0,0
679,8.45,2,1.5,2,41.7,0,bajo,pos,0,0
680,368.3,21,36.9,2,30.7,0,bajo,web,1,0
681,94.23,21,101.2,1,52.3,0,bajo,web,0,0
682,259.18,12,214.0,0,58.3,0,bajo,app,0,0
683,97.93,4,87.7,0,48.3,0,bajo,app,1,0
684,131.28,18,150.6,2,10.9,0,medio,web,0,0
685,54.59,0,101.1,0,31.4,0,bajo,app,2,0
686,110.08,5,43.9,2,1.0,0,bajo,pos,0,0
687,14.37,5,2.6,1,34.4,0,bajo,app,1,0
688,60.21,3,70.9,1,12.5,0,bajo,web,0,0
689,104.13,4,8.3,3,41.9,0,bajo,app,2,1
690,445.11,3,35.1,0,13.1,0,bajo,web,1,0
691,121.34,16,38.8,0,11.0,0,bajo,web,0,0
692,45.25,15,48.3,2,47.2,0,bajo,app,1,0
693,31.08,8,124.0,1,5.7,0,medio,pos,1,0
694,340.0,4,0.4,1,48.9,0,bajo,web,0,0
695,12.02,15,98.1,0,41.1,0,bajo,app,0,0
696,161.56,12,15.0,2,26.5,0,bajo,app,0,0
697,46.7,1,87.0,1,36.0,0,alto,app,1,0
698,54.63,20,156.0,1,21.4,0,bajo,web,0,0
699,18.74,11,89.7,2,14.1,0,bajo,pos,0,0
700,77.91,19,10.6,3,25.3,0,alto,app,0,0
701,185.61,6,179.4,2,33.5,1,bajo,app,0,0
702,167.4,23,138.9,0,54.7,0,bajo,web,1,0
703,10.57,0,154.6,0,64.1,0,alto,web,1,0
704,74.53,17,80.4,0,21.7,1,bajo,telefono,0,0
705,35.13,12,129.6,0,51.9,1,bajo,pos,2,0
706,32.1,16,207.7,1,19.2,0,bajo,app,1,0
707,17.76,10,39.1,0,36.2,0,bajo,app,1,0
708,129.25,19,14.8,0,54.7,0,bajo,app,0,0
709,108.85,21,181.4,0,66.1,0,bajo,pos,0,0
710,7.1,10,183.7,1,51.9,0,medio,web,0,0
711,61.9,3,68.4,1,38.8,0,bajo,pos,0,0
712,344.08,7,355.9,0,34.8,0,medio,telefono,0,0
713,127.67,11,110.3,1,59.7,0,medio,app,2,0
714,168.0,12,60.4,3,25.6,0,bajo,app,1,0
715,161.3,16,38.2,0,28.2,0,medio,app,0,0
716,16.11,22,105.1,0,38.0,1,bajo,web,0,0
717,145.0,8,128.7,0,1.0,0,alto,web,0,1
718,76.49,15,26.3,1,49.3,0,bajo,app,1,0
719,72.73,14,,2,40.5,0,bajo,web,0,0
720,68.37,2,66.9,1,53.9,0,bajo,web,2,0
721,33.06,20,38.3,0,21.3,0,bajo,app,0,0
722,23.84,17,179.1,0,18.1,1,bajo,app,0,0
723,472.84,0,23.1,1,18.3,0,bajo,web,1,0
724,68.6,7,116.5,2,53.3,1,bajo,web,0,0
725,162.09,2,50.2,0,40.4,0,bajo,app,0,0
726,58.35,4,75.5,0,14.3,1,bajo,pos,1,0
727,70.99,3,103.9,3,54.3,0,bajo,app,0,0
728,41.15,19,226.0,0,1.0,0,bajo,web,0,0
729,587.89,2,92.5,0,43.7,0,medio,web,1,0
730,95.85,16,3.9,1,34.2,0,bajo,app,1,0
731,41.08,0,114.6,2,17.6,0,bajo,pos,0,0
732,52.2,21,109.1,1,1.0,1,medio,web,1,0
733,419.78,10,147.9,2,24.6,0,bajo,app,0,0
734,73.77,13,11.5,4,18.6,0,bajo,app,1,0
735,135.07,1,84.6,0,54.1,0,bajo,app,0,0
736,66.69,0,7.4,1,1.0,1,bajo,app,1,0
737,387.56,22,111.2,1,43.0,0,bajo,telefono,0,0
738,191.9,4,20.2,0,1.0,0,bajo,app,2,0
739,63.62,5,207.3,1,61.6,0,bajo,telefono,0,0
740,20.68,3,283.2,0,26.6,0,bajo,telefono,0,0
741,95.42,1,450.8,0,77.8,0,bajo,app,0,0
742,47.17,21,13.3,1,28.8,1,bajo,app,0,0
743,24.48,8,59.4,5,26.7,0,medio,web,2,1
744,124.44,5,79.2,2,106.8,0,bajo,telefono,0,0
745,71.74,22,21.3,4,59.1,0,bajo,app,1,0
746,81.58,5,148.6,3,12.8,0,medio,pos,0,0
747,35.44,7,119.6,0,23.6,0,bajo,app,1,0
748,15.42,14,431.6,1,48.2,1,alto,web,1,0
749,222.44,12,164.1,2,45.4,0,bajo,web,2,0
750,571.79,12,14.9,2,1.5,0,bajo,app,0,0
751,105.18,22,135.5,1,1.0,0,bajo,web,0,0
752,30.23,16,665.9,3,42.0,1,bajo,app,2,1
753,29.04,17,104.4,2,1.0,0,bajo,web,0,0
754,20.73,23,73.5,0,30.7,0,bajo,app,0,0
755,8.28,2,164.2,1,15.5,0,bajo,pos,0,0
756,99.73,21,85.4,0,40.0,1,bajo,web,1,0
757,151.07,20,96.6,1,21.4,1,bajo,app,0,0
758,34.31,11,68.4,0,39.0,0,alto,app,0,0
759,24.43,17,21.9,0,55.0,0,medio,app,1,0
760,234.17,5,143.9,0,32.5,0,bajo,web,0,0
761,163.13,23,0.2,1,61.1,0,alto,web,0,0
762,154.84,0,129.1,0,50.4,0,bajo,app,1,0
763,41.3,0,49.3,0,46.9,1,bajo,app,0,0
764,72.78,18,63.6,1,66.5,1,medio,app,0,0
765,210.01,1,2.4,1,38.5,0,bajo,app,1,0
766,5.61,0,15.1,1,29.1,0,bajo,app,2,0
767,43.86,20,299.6,2,77.8,0,bajo,app,0,0
768,194.82,13,142.0,3,13.4,0,bajo,pos,0,0
769,240.68,22,74.1,1,34.6,0,medio,app,0,0
770,28.02,5,50.6,1,5.3,0,bajo,app,0,0
771,126.5,7,1.4,1,4.2,0,bajo,web,1,0
772,135.59,17,65.2,1,17.6,0,bajo,pos,0,0
773,121.38,13,207.0,1,1.0,0,bajo,app,0,0
774,46.22,14,75.8,2,39.1,1,medio,app,0,1
775,20.1,3,85.9,0,33.1,0,bajo,pos,0,0
776,144.08,10,3.2,0,12.4,0,medio,web,1,0
777,36.42,23,2.0,2,24.0,0,bajo,app,0,0
778,29.84,20,130.8,1,39.8,0,medio,web,0,0
779,107.24,22,34.9,2,21.0,0,alto,pos,1,0
780,160.81,17,11.9,2,40.6,1,bajo,web,0,0
781,245.73,11,107.3,4,28.5,1,bajo,web,1,0
782,56.52,19,46.0,2,39.0,0,alto,app,0,1
783,206.41,0,63.0,2,49.7,0,medio,app,1,0
784,216.14,13,169.3,2,51.0,1,bajo,web,0,0
785,108.66,16,75.9,1,2.5,1,bajo,app,0,0
786,55.72,9,58.6,1,83.7,1,alto,web,0,0
787,42.01,10,40.3,0,26.2,1,bajo,pos,1,0
788,81.16,15,0.2,0,41.4,1,medio,web,0,0
789,78.23,3,243.3,2,43.4,1,bajo,pos,0,0
790,28.32,1,129.6,0,36.7,0,bajo,app,0,0
791,55.9,5,90.5,0,46.8,0,bajo,web,1,0
792,64.26,4,13.5,1,51.1,1,alto,pos,0,0
793,152.73,22,45.0,1,9.4,0,bajo,app,1,0
794,184.71,8,123.5,1,36.9,0,alto,app,1,0
795,38.76,2,111.1,3,75.2,0,bajo,pos,0,0
796,110.21,8,82.4,2,25.1,0,bajo,pos,0,0
797,128.56,14,129.2,0,1.0,1,alto,pos,1,1
798,175.76,17,42.9,3,35.1,0,bajo,web,0,0
799,230.35,1,245.1,1,58.0,1,bajo,app,0,0
800,201.18,16,283.3,0,41.3,0,bajo,web,0,0
801,13.76,11,86.0,0,47.6,0,bajo,web,1,0
802,97.05,22,155.6,1,21.9,0,bajo,web,0,0
803,62.57,2,64.6,2,1.0,0,bajo,app,0,0
804,216.59,5,90.7,0,71.7,0,bajo,app,0,0
805,172.68,9,55.2,0,30.8,1,bajo,web,1,0
806,59.82,9,24.3,1,49.0,0,alto,pos,0,0
807,189.0,4,636.9,2,21.1,0,bajo,pos,0,0
808,78.75,20,3.6,0,21.9,0,medio,app,0,0
809,60.46,21,22.4,1,36.0,0,bajo,app,0,0
810,37.19,23,14.6,2,58.7,0,medio,web,1,0
811,11.07,21,89.8,1,23.2,0,alto,pos,0,0
812,69.4,8,66.9,1,44.4,1,bajo,app,0,0
813,378.73,23,501.6,1,37.4,1,alto,app,0,1
814,15.77,1,8.3,2,9.4,0,alto,web,0,0
815,115.94,10,87.5,0,50.0,0,bajo,web,2,0
816,59.08,10,159.0,0,9.2,0,medio,app,0,0
817,30.72,5,33.7,1,40.7,0,medio,pos,1,0
818,149.4,6,,0,26.7,0,bajo,web,0,0
819,52.21,16,1.9,0,16.7,1,bajo,web,1,0
820,38.87,1,5.8,2,12.3,1,bajo,pos,0,0
821,204.78,8,157.9,3,23.9,1,bajo,web,1,0
822,77.69,5,126.4,2,35.7,0,alto,pos,0,0
823,18.57,4,58.7,0,11.4,0,medio,app,0,0
824,304.37,2,189.0,0,1.0,0,bajo,pos,0,0
825,45.54,19,209.9,1,65.3,0,bajo,web,0,0
826,166.79,11,373.1,2,70.4,0,bajo,web,1,0
827,42.19,12,12.5,0,50.3,0,medio,app,1,0
828,38.59,11,3.4,0,29.8,0,medio,web,0,0
829,36.32,19,115.3,2,85.1,0,bajo,web,0,0
830,16.24,13,7.0,1,72.9,0,bajo,app,2,0
831,92.45,0,179.3,0,57.8,0,bajo,app,0,0
832,182.1,7,44.0,1,44.4,0,bajo,app,0,0
833,13.72,19,10.4,0,1.0,0,bajo,app,0,0
834,113.42,0,73.7,1,25.9,0,bajo,web,0,0
835,106.29,0,92.6,1,28.3,0,bajo,pos,0,0
836,117.62,13,2.3,0,64.9,0,bajo,web,0,0
837,182.4,0,52.7,2,46.9,0,alto,pos,1,1
838,207.49,5,7.2,2,44.4,0,medio,app,0,0
839,73.8,3,12.3,0,39.3,1,bajo,app,1,0
840,128.13,20,80.5,0,9.2,1,bajo,pos,0,0
841,72.7,9,80.5,1,57.9,0,bajo,app,1,0
842,37.78,16,15.9,0,39.6,1,bajo,web,0,0
843,50.82,2,223.0,0,63.9,0,bajo,app,1,0
844,43.19,9,143.0,1,1.1,1,alto,app,1,0
845,89.84,12,82.6,3,26.4,0,alto,app,0,1
846,140.38,7,741.8,1,37.0,0,bajo,app,1,0
847,174.45,12,4.9,1,35.9,0,bajo,app,0,0
848,22.73,21,45.6,2,65.3,0,medio,app,0,0
849,35.96,5,49.7,0,13.9,1,bajo,pos,0,0
850,47.14,3,201.5,2,3.3,0,bajo,web,0,0
851,46.15,6,69.1,1,12.2,0,bajo,web,1,0
852,26.12,16,122.2,2,4.6,1,alto,web,0,1
853,20.89,17,126.1,2,55.6,0,bajo,app,2,0
854,325.92,18,93.5,0,56.2,1,medio,web,0,0
855,86.92,12,109.9,1,10.7,1,bajo,web,0,0
856,710.43,19,81.2,0,33.3,0,bajo,web,0,0
857,31.21,6,120.3,0,52.5,0,bajo,app,0,0
858,,17,269.6,3,68.0,0,bajo,web,0,0
859,201.14,0,195.6,3,73.6,0,bajo,app,0,0
860,414.31,1,,4,44.7,1,bajo,telefono,0,0
861,26.8,13,71.5,1,46.6,0,bajo,web,1,0
862,227.42,16,1.9,1,29.2,1,medio,web,0,0
863,28.16,20,14.1,1,1.0,0,bajo,app,0,0
864,108.54,13,0.3,0,59.5,1,bajo,web,0,0
865,29.97,19,198.5,3,24.2,0,bajo,app,0,0
866,40.09,9,59.6,1,2.0,0,bajo,web,1,0
867,51.75,20,21.5,1,13.1,0,alto,web,0,1
868,184.13,22,119.6,0,73.1,0,bajo,web,0,0
869,256.13,13,15.9,2,20.2,1,bajo,web,0,0
870,20.3,1,150.2,1,56.9,1,alto,web,1,0
871,41.98,0,126.9,2,26.9,0,bajo,web,1,0
872,41.74,5,9.2,2,46.4,0,medio,app,0,0
873,196.32,15,25.8,1,2.7,1,bajo,app,0,0
874,18.25,19,30.9,0,1.0,0,bajo,web,1,0
875,110.76,11,770.1,1,47.9,1,medio,telefono,2,0
876,135.24,13,18.1,3,64.3,0,bajo,web,0,0
877,59.37,14,260.3,1,35.6,0,bajo,app,0,0
878,129.77,19,41.0,3,66.7,0,bajo,app,0,0
879,58.65,13,251.0,2,1.0,1,bajo,telefono,0,0
880,36.05,9,9.9,3,16.7,0,bajo,app,0,0
881,141.63,4,139.4,3,17.8,0,medio,app,0,0
882,30.66,8,71.2,1,72.9,0,bajo,app,1,0
883,32.26,19,44.1,1,24.1,0,bajo,web,0,0
884,51.43,1,1.7,1,57.1,0,bajo,app,0,0
885,181.46,2,284.6,2,11.6,0,bajo,web,0,0
886,368.77,2,50.1,0,77.7,0,bajo,app,1,0
887,244.87,16,78.2,1,59.1,0,bajo,web,0,0
888,43.15,11,85.7,1,24.2,0,bajo,telefono,0,0
889,206.63,9,182.3,0,55.8,0,bajo,web,0,0
890,48.43,21,363.5,1,16.0,1,alto,app,0,1
891,54.78,15,244.3,3,40.7,0,bajo,web,0,0
892,,3,290.8,0,30.1,0,bajo,app,0,0
893,127.36,21,1.3,0,31.5,1,bajo,app,0,0
894,43.01,18,6.5,1,51.7,1,bajo,app,0,0
895,92.53,12,1.2,1,35.7,0,alto,app,0,0
896,129.29,20,71.5,0,64.3,0,bajo,web,0,0
897,119.5,19,46.1,0,40.7,0,bajo,app,0,0
898,41.7,23,56.9,1,41.9,0,medio,web,1,0
899,318.45,5,49.1,1,76.3,1,bajo,app,1,0
900,88.9,9,222.5,0,38.2,0,bajo,web,0,0
901,31.9,4,65.3,0,61.3,0,bajo,web,1,0
902,61.74,23,100.8,1,1.0,1,bajo,app,0,0
903,260.8,7,81.7,0,37.4,0,medio,pos,1,0
904,156.57,8,22.6,1,40.3,0,alto,web,0,0
905,38.28,13,34.6,4,26.3,0,medio,telefono,0,0
906,38.86,1,77.2,1,5.4,1,medio,app,2,1
907,73.31,9,612.5,0,45.1,0,bajo,app,0,0
908,118.02,6,16.7,2,54.2,0,bajo,web,0,0
909,84.54,23,195.7,1,26.5,0,medio,web,0,0
910,49.01,20,47.1,1,10.0,0,medio,app,1,1
911,29.97,6,2.2,2,17.1,0,bajo,web,1,0
912,201.03,16,169.9,2,20.0,1,medio,web,0,0
913,20.12,14,28.0,1,14.4,0,bajo,web,0,0
914,37.16,5,296.0,2,38.0,1,bajo,web,1,0
915,34.05,7,20.6,2,40.2,0,bajo,app,0,0
916,51.59,1,62.4,2,54.4,0,bajo,pos,1,0
917,61.67,14,67.1,1,28.9,0,bajo,web,0,0
918,195.94,0,153.3,2,70.8,0,medio,app,1,0
919,120.98,15,208.3,2,44.0,0,bajo,app,0,0
920,3.15,7,3.4,1,40.6,0,bajo,app,0,0
921,86.2,8,56.3,2,2.0,0,bajo,web,0,0
922,,15,82.8,4,36.9,0,medio,web,0,0
923,28.71,16,10.4,0,54.2,0,bajo,telefono,0,0
924,169.78,3,76.8,0,1.0,1,bajo,web,0,0
925,8.41,20,26.0,2,1.0,0,medio,pos,0,0
926,69.42,2,194.8,1,95.9,0,medio,app,0,0
927,139.59,22,103.4,2,86.3,0,bajo,app,1,0
928,133.85,3,22.2,2,54.3,0,bajo,app,0,0
929,159.23,8,196.1,0,36.2,0,bajo,web,1,0
930,50.64,14,27.9,0,37.0,0,alto,app,0,0
931,50.62,9,117.8,4,35.8,0,medio,app,0,1
932,165.34,13,7.5,1,26.7,1,medio,app,1,0
933,43.34,1,10.1,0,69.9,0,alto,app,1,0
934,102.88,11,46.0,2,12.7,0,medio,app,1,0
935,121.6,23,100.7,0,7.6,0,bajo,app,0,0
936,65.39,1,6.2,2,76.0,0,medio,web,0,0
937,17.23,18,118.0,1,53.0,0,bajo,app,1,0
938,18.2,1,200.1,2,60.6,0,bajo,web,1,0
939,58.08,21,17.3,0,62.1,0,bajo,pos,0,0
940,21.93,12,65.8,2,1.0,1,bajo,web,3,1
941,19.18,15,23.2,0,91.1,1,medio,app,0,0
942,63.86,22,104.3,0,28.9,0,medio,pos,1,0
943,77.59,13,4.7,3,35.4,0,medio,telefono,0,0
944,63.21,16,250.2,2,21.6,0,medio,app,0,0
945,95.83,8,32.9,1,27.9,1,medio,app,0,0
946,154.56,16,13.7,0,66.2,0,bajo,web,1,0
947,32.32,7,21.7,0,27.1,1,bajo,web,1,0
948,53.87,16,516.2,0,29.1,0,bajo,web,0,0
949,30.63,11,282.8,1,14.4,0,bajo,app,0,0
950,167.43,19,27.5,1,39.9,0,bajo,app,1,0
951,125.4,11,152.9,2,30.9,0,medio,pos,0,0
952,242.86,8,90.4,1,82.6,0,bajo,web,0,0
953,310.3,15,41.2,0,33.2,0,bajo,app,0,0
954,94.67,4,289.1,0,24.3,0,bajo,pos,1,0
955,103.46,12,52.8,1,1.0,0,bajo,app,1,0
956,29.4,19,102.7,2,23.5,0,bajo,app,0,0
957,167.55,0,62.1,0,89.4,0,alto,app,0,0
958,10.87,14,78.2,2,41.0,1,bajo,app,0,0
959,68.43,21,12.8,1,20.9,0,medio,web,0,0
960,105.99,14,30.4,0,26.6,0,alto,web,0,0
961,202.04,17,184.1,1,7.7,0,bajo,pos,1,0
962,20.54,15,26.1,0,30.5,0,medio,web,0,0
963,103.59,20,6.3,2,16.6,0,bajo,app,0,0
964,46.6,6,61.9,0,48.1,0,bajo,web,0,0
965,19.29,7,161.0,1,42.3,0,bajo,app,0,0
966,11.65,8,79.9,3,36.9,0,alto,web,1,1
967,74.02,23,162.2,3,33.7,0,bajo,app,1,0
968,110.04,20,204.1,1,50.9,0,bajo,pos,0,0
969,31.62,22,305.3,2,2.1,0,bajo,app,0,0
970,102.21,7,57.5,2,71.3,0,bajo,web,0,0
971,68.14,8,198.6,0,42.1,0,medio,telefono,0,0
972,43.72,22,17.3,2,41.8,1,bajo,telefono,0,0
973,138.03,1,113.5,1,56.9,0,bajo,app,1,0
974,124.56,0,407.6,1,70.2,0,bajo,app,1,0
975,44.01,21,33.9,1,42.8,0,bajo,pos,0,0
976,117.92,15,184.1,1,8.2,0,bajo,web,1,0
977,53.11,18,35.8,0,15.0,0,medio,app,0,0
978,61.03,2,6.3,1,53.5,0,bajo,web,1,0
979,588.21,21,103.3,0,40.6,0,bajo,web,0,0
980,263.32,17,146.5,2,53.3,0,bajo,web,0,0
981,41.23,16,,2,54.1,1,bajo,web,0,0
982,68.23,16,1.3,1,47.5,1,medio,pos,0,0
983,77.9,12,398.6,0,37.3,0,bajo,web,0,0
984,167.36,14,125.5,2,49.0,0,bajo,app,0,0
985,435.53,10,166.2,4,13.2,0,alto,telefono,1,1
986,81.32,2,318.8,1,31.4,0,medio,telefono,0,0
987,70.41,11,203.5,0,40.9,0,bajo,pos,0,0
988,234.47,13,87.6,0,23.6,0,bajo,app,0,0
989,28.39,4,3.2,1,26.6,0,bajo,web,0,0
990,70.95,5,35.5,2,19.8,0,bajo,web,0,0
991,111.71,21,196.4,1,61.2,0,alto,web,0,0
992,108.38,3,57.3,1,34.0,0,medio,app,0,0
993,247.34,12,31.7,0,78.8,0,bajo,pos,0,0
994,175.71,22,297.0,1,60.6,0,alto,pos,0,0
995,57.71,5,75.1,0,61.5,0,bajo,web,1,0
996,16.04,1,513.2,1,54.7,1,bajo,app,0,0
997,214.33,15,68.8,0,1.0,0,bajo,app,1,0
998,222.74,18,234.7,1,89.0,0,medio,app,0,0
999,101.69,20,168.0,0,56.3,0,bajo,app,1,0
1000,232.62,3,132.2,0,51.1,0,medio,pos,0,0
1001,,10,225.7,1,7.5,0,bajo,web,0,0
1002,51.27,17,150.2,0,12.3,0,bajo,web,0,0
1003,452.98,0,260.9,0,40.8,0,bajo,web,0,0
1004,112.27,7,7.0,0,48.3,0,bajo,web,1,0
1005,114.6,20,37.4,0,39.9,0,bajo,app,0,0
1006,18.36,16,199.1,3,36.4,0,bajo,web,0,0
1007,87.03,3,57.4,1,8.1,0,medio,app,1,0
1008,35.3,0,65.3,1,47.0,0,medio,pos,0,0
1009,36.68,8,30.6,0,38.4,0,medio,pos,0,0
1010,17.8,10,189.6,1,7.1,1,medio,app,0,0
1011,116.37,2,131.0,4,24.3,0,bajo,web,0,0
1012,21.83,7,49.6,1,8.3,0,bajo,app,0,0
1013,4.87,10,93.7,0,51.8,0,medio,web,2,0
1014,24.23,10,105.6,1,20.2,0,medio,app,0,0
1015,57.65,9,36.4,3,26.1,1,medio,pos,0,0
1016,26.44,18,218.3,1,35.4,0,bajo,web,1,0
1017,52.84,6,409.0,0,1.0,0,bajo,web,2,0
1018,166.71,10,230.6,4,49.7,0,bajo,web,1,0
1019,61.45,16,71.3,2,45.4,0,bajo,web,0,0
1020,153.8,19,388.1,0,115.4,0,alto,app,1,0
1021,27.46,20,53.9,2,55.9,0,bajo,app,0,0
1022,147.17,13,23.0,4,57.6,0,bajo,app,0,0
1023,41.55,16,28.5,1,13.5,0,bajo,web,2,0
1024,30.58,2,76.8,2,60.1,0,bajo,pos,0,0
1025,77.28,0,2.0,3,36.7,0,bajo,web,0,0
1026,76.19,18,197.5,1,63.2,0,bajo,web,0,0
1027,482.5,22,12.7,1,14.4,1,bajo,web,0,0
1028,32.49,8,30.9,1,60.5,0,alto,app,0,0
1029,11.97,17,191.8,1,26.1,0,medio,app,0,0
1030,244.33,22,22.8,0,36.5,1,bajo,web,0,0
1031,110.27,16,12.7,2,19.9,0,bajo,app,0,0
1032,85.73,10,26.4,1,57.4,0,bajo,pos,1,0
1033,159.79,13,264.2,0,39.7,0,bajo,app,0,0
1034,15.45,17,70.9,0,89.8,1,bajo,pos,0,0
1035,5.91,6,514.6,1,47.2,0,medio,web,0,0
1036,96.71,15,177.8,1,18.2,0,bajo,web,1,0
1037,31.79,22,105.3,3,71.9,1,bajo,app,0,0
1038,81.57,19,17.0,2,10.4,0,bajo,app,2,1
1039,39.89,11,70.6,0,41.3,0,bajo,pos,0,0
1040,436.58,5,99.4,3,31.9,0,medio,app,0,0
1041,39.16,20,94.8,1,74.5,0,bajo,app,0,0
1042,18.45,14,205.6,1,2.0,0,bajo,app,0,0
1043,63.61,0,551.5,1,35.4,0,medio,web,0,0
1044,78.57,12,,1,34.5,0,medio,web,0,0
1045,7.17,21,27.3,0,34.2,0,medio,app,1,0
1046,68.11,1,164.0,3,16.7,0,bajo,web,1,1
1047,217.6,0,8.2,2,10.6,0,bajo,web,0,1
1048,18.75,11,,0,34.6,0,bajo,pos,0,0
1049,68.38,22,196.0,0,1.0,0,medio,app,1,0
1050,287.85,3,56.7,4,50.9,0,bajo,app,0,0
1051,69.29,23,247.6,0,45.9,0,medio,app,0,0
1052,32.79,20,0.2,2,57.7,0,medio,app,0,0
1053,81.55,5,20.4,1,32.4,1,bajo,app,0,0
1054,49.2,8,3.1,2,7.0,0,medio,web,0,0
1055,42.6,12,131.4,3,41.7,0,bajo,web,1,0
1056,315.86,17,109.7,2,46.2,0,bajo,web,0,0
1057,22.51,1,28.0,2,23.8,0,medio,app,1,1
1058,73.1,12,111.4,1,1.0,0,bajo,web,0,0
1059,61.41,3,365.0,3,17.4,0,bajo,web,0,0
1060,29.39,4,15.1,1,24.3,0,bajo,pos,0,0
1061,24.88,2,33.9,2,13.4,0,bajo,web,1,0
1062,41.93,23,71.4,1,22.9,1,bajo,web,1,0
1063,77.04,7,323.3,1,22.4,0,bajo,web,0,0
1064,21.12,23,3.5,1,64.7,1,bajo,app,1,0
1065,38.08,0,467.3,0,37.7,0,bajo,web,0,0
1066,18.47,17,18.1,3,26.2,0,bajo,web,0,0
1067,87.57,9,137.0,1,38.4,0,bajo,app,0,0
1068,28.21,22,24.2,2,38.2,0,medio,web,0,0
1069,62.99,4,77.9,1,22.5,0,bajo,app,0,0
1070,185.24,13,60.5,0,43.1,0,bajo,app,0,0
1071,272.52,2,60.0,1,10.5,0,bajo,telefono,0,0
1072,30.25,18,120.4,4,48.9,0,bajo,app,0,0
1073,93.52,21,105.6,1,11.7,0,bajo,web,0,0
1074,61.98,10,146.5,3,14.8,1,medio,app,0,0
1075,83.91,3,117.9,2,17.1,0,bajo,app,0,0
1076,237.69,15,162.4,1,46.5,0,bajo,app,0,1
1077,190.36,2,141.2,2,36.2,0,medio,web,1,0
1078,116.63,9,20.4,2,61.3,0,medio,app,0,0
1079,399.38,2,89.6,1,42.4,0,bajo,app,0,0
1080,156.11,20,104.3,1,16.0,0,bajo,web,0,0
1081,132.52,6,19.8,0,15.6,0,bajo,pos,0,0
1082,1038.27,15,63.5,0,19.4,0,bajo,pos,0,0
1083,23.64,5,31.4,0,36.9,1,bajo,app,0,0
1084,63.06,2,269.6,1,1.0,0,bajo,app,0,0
1085,38.77,11,243.5,2,49.9,0,alto,pos,0,0
1086,207.33,7,426.0,0,4.1,1,bajo,app,0,0
1087,17.24,5,102.5,3,47.8,0,bajo,app,0,0
1088,17.96,18,10.9,0,49.5,0,alto,app,0,0
1089,173.48,2,121.0,2,5.6,0,bajo,web,0,0
1090,17.2,23,111.0,1,17.5,0,bajo,app,0,0
1091,109.1,6,759.5,0,43.4,0,bajo,web,0,0
1092,171.65,11,125.6,4,57.5,0,bajo,app,0,0
1093,13.94,1,60.0,3,54.6,0,bajo,app,0,0
1094,173.54,2,21.1,0,12.6,1,bajo,web,0,0
1095,243.35,0,404.2,1,14.3,0,alto,web,0,0
1096,26.7,10,37.2,1,40.6,0,medio,app,1,0
1097,150.4,10,225.5,2,1.0,1,bajo,pos,0,0
1098,17.25,1,54.1,1,52.0,0,bajo,web,0,0
1099,137.91,15,65.3,0,35.7,0,bajo,app,0,0
1100,39.66,5,42.5,0,42.5,0,bajo,web,1,0
1101,47.92,22,17.4,1,45.0,0,medio,app,0,0
1102,46.98,5,16.5,3,31.1,0,bajo,app,0,0
1103,35.82,8,0.8,0,6.6,0,medio,web,1,0
1104,51.66,16,28.1,1,26.8,0,bajo,app,0,0
1105,121.61,21,120.2,0,8.1,0,bajo,app,0,0
1106,123.53,7,174.6,0,62.8,0,bajo,web,0,0
1107,44.32,21,154.3,1,45.7,0,bajo,web,1,0
1108,,1,119.4,2,27.0,1,medio,app,0,0
1109,120.39,15,13.8,2,14.6,0,bajo,app,0,0
1110,379.68,2,34.6,0,63.0,0,medio,telefono,1,0
1111,80.0,18,80.0,1,25.2,0,bajo,web,0,0
1112,23.05,1,37.7,1,27.4,1,bajo,pos,0,0
1113,90.33,3,165.2,0,57.2,0,bajo,app,1,0
1114,24.42,10,340.1,1,1.0,1,bajo,pos,1,0
1115,232.09,2,89.1,0,30.3,1,alto,web,0,1
1116,278.9,21,260.2,1,13.8,0,bajo,web,0,0
1117,10.84,16,50.3,1,17.6,1,medio,web,0,0
1118,199.67,21,2.1,2,43.7,0,bajo,web,0,0
1119,32.51,23,172.6,2,28.1,0,bajo,pos,0,0
1120,38.06,17,157.0,1,64.4,0,bajo,web,0,0
1121,20.21,13,283.4,2,54.9,0,bajo,web,0,0
1122,60.69,12,74.2,1,16.4,0,medio,pos,0,0
1123,23.49,20,15.9,0,53.8,0,alto,web,0,0
1124,31.11,19,48.1,1,29.0,0,bajo,app,1,0
1125,29.23,13,1.9,2,28.0,0,bajo,web,0,0
1126,177.69,6,119.0,1,78.6,0,bajo,web,0,0
1127,114.5,7,30.2,0,33.8,0,bajo,web,0,0
1128,30.15,2,37.4,0,36.8,0,medio,pos,0,0
1129,86.53,5,344.2,0,59.5,1,bajo,pos,0,0
1130,21.49,7,6.4,4,55.2,0,medio,pos,1,0
1131,82.57,10,35.3,0,50.3,0,alto,web,0,0
1132,23.96,11,155.2,2,41.8,0,bajo,web,0,0
1133,71.4,6,40.2,1,62.2,0,bajo,app,0,0
1134,208.36,20,40.0,0,40.7,0,medio,web,0,0
1135,485.51,3,319.0,0,40.4,0,medio,app,2,0
1136,144.04,15,136.0,0,76.5,0,bajo,app,0,0
1137,7.55,19,257.4,3,58.0,0,bajo,app,0,0
1138,394.41,18,163.7,2,6.1,0,bajo,web,1,0
1139,75.02,2,80.0,2,23.0,0,bajo,app,0,0
1140,49.73,19,74.4,0,53.3,0,bajo,app,1,0
1141,256.76,12,182.1,0,40.4,0,bajo,app,0,0
1142,172.04,19,786.1,1,11.6,0,bajo,web,0,1
1143,63.78,4,39.6,1,83.3,0,alto,pos,0,0
1144,38.74,10,121.5,6,39.7,0,bajo,app,1,0
1145,74.43,5,171.6,0,42.0,0,bajo,web,0,0
1146,829.13,3,87.3,1,45.9,0,medio,app,0,0
1147,108.19,12,32.4,2,35.3,0,medio,web,0,0
1148,86.81,14,30.6,3,38.7,1,bajo,app,1,1
1149,99.34,7,15.2,4,37.7,0,bajo,app,1,0
1150,76.51,1,109.5,3,5.8,0,bajo,app,1,0
1151,184.03,8,191.0,1,36.3,0,bajo,app,0,0
1152,303.11,14,4.9,1,46.5,0,bajo,app,0,0
1153,42.55,8,268.8,3,57.5,0,bajo,app,0,0
1154,19.46,0,22.7,1,19.5,0,medio,web,0,0
1155,119.39,3,169.1,0,5.7,0,bajo,web,0,0
1156,34.75,0,175.4,0,17.0,0,bajo,app,2,0
1157,15.41,5,380.8,2,32.1,0,bajo,web,0,1
1158,37.28,16,49.3,1,29.1,1,bajo,app,0,0
1159,27.17,16,58.2,3,13.9,1,bajo,web,0,1
1160,47.82,8,107.9,0,25.5,1,bajo,web,0,0
1161,53.71,0,199.5,0,49.7,0,bajo,pos,0,0
1162,32.72,17,1.5,0,21.9,1,alto,app,0,0
1163,91.41,23,50.4,0,13.0,0,bajo,app,0,0
1164,270.63,22,41.6,1,27.9,1,bajo,pos,0,0
1165,89.14,16,44.0,1,17.0,0,bajo,app,0,0
1166,33.69,13,24.5,0,31.6,1,bajo,app,1,0
1167,15.58,7,241.9,0,23.8,0,bajo,app,0,0
1168,63.17,17,159.8,1,1.0,0,alto,app,0,0
1169,235.77,22,108.2,0,7.7,0,bajo,web,0,0
1170,40.2,0,49.5,3,1.1,0,bajo,web,2,0
1171,64.56,5,156.0,2,42.5,0,bajo,telefono,0,0
1172,83.89,3,37.6,4,48.1,0,medio,web,0,0
1173,21.92,10,37.5,0,36.8,0,alto,app,0,0
1174,71.21,14,43.2,0,20.4,0,bajo,app,0,0
1175,66.85,11,5.5,0,23.0,0,bajo,web,0,0
1176,329.52,7,84.3,3,25.3,0,bajo,web,0,0
1177,634.64,10,402.6,0,22.4,0,medio,telefono,0,0
1178,83.92,13,160.4,2,35.1,0,medio,web,1,0
1179,319.41,17,571.8,0,53.8,0,medio,web,1,0
1180,123.73,23,500.6,1,58.7,0,bajo,app,2,1
1181,62.77,18,180.2,1,76.1,1,bajo,app,1,0
1182,50.95,18,72.5,2,47.6,0,bajo,web,0,0
1183,52.13,11,117.3,1,39.3,0,bajo,web,1,0
1184,38.25,10,0.1,2,5.6,0,bajo,app,1,0
1185,162.28,7,25.3,1,26.4,0,bajo,telefono,0,0
1186,48.71,13,122.6,1,38.6,0,bajo,app,0,0
1187,8.77,4,37.8,1,24.5,0,bajo,web,0,0
1188,73.91,12,159.6,0,68.5,1,alto,web,0,0
1189,,2,107.4,1,22.1,0,bajo,app,2,0
1190,130.66,5,160.1,0,13.2,0,bajo,app,1,0
1191,,19,40.6,1,13.2,0,bajo,telefono,0,0
1192,123.86,6,53.2,2,54.9,1,alto,app,2,1
1193,22.97,5,11.1,1,53.3,0,medio,app,1,0
1194,81.01,23,128.8,0,12.4,1,bajo,web,1,0
1195,89.49,15,345.1,0,63.5,0,bajo,app,1,0
1196,239.01,8,256.1,3,66.5,1,bajo,app,0,0
1197,54.7,11,39.1,0,27.7,0,medio,web,0,0
1198,51.35,9,55.9,1,31.5,1,bajo,pos,2,0
1199,75.67,9,72.3,1,42.4,0,bajo,pos,0,0
1200,23.37,23,155.7,3,33.2,0,bajo,web,1,0
1201,17.1,11,10.1,1,59.1,0,bajo,web,0,0
1202,38.83,2,49.1,2,1.0,0,bajo,web,0,0
1203,157.49,4,106.7,1,45.2,0,medio,web,0,0
1204,107.57,17,101.9,2,40.3,0,bajo,app,0,0
1205,968.26,21,49.8,0,33.3,0,bajo,web,0,0
1206,128.05,8,252.5,1,5.0,0,bajo,web,1,0
1207,44.38,14,63.0,1,6.1,0,medio,web,0,0
1208,216.95,23,129.5,1,37.1,0,bajo,web,0,1
1209,394.36,4,12.3,2,27.0,0,bajo,telefono,1,1
1210,65.44,18,419.0,2,47.5,0,bajo,web,0,0
1211,148.76,22,143.6,1,47.2,0,bajo,web,0,0
1212,22.63,3,53.2,0,5.3,0,bajo,app,0,0
1213,14.73,21,118.1,1,70.4,1,alto,app,0,1
1214,80.75,12,70.2,0,27.7,0,alto,app,0,0
1215,108.09,8,21.7,0,17.8,0,bajo,app,0,0
1216,58.73,20,270.5,0,31.7,0,medio,app,1,0
1217,97.57,6,142.0,1,7.4,0,medio,app,1,0
1218,25.09,13,40.0,2,52.7,0,bajo,app,0,0
1219,143.21,19,151.8,1,1.0,0,medio,web,0,0
1220,60.37,1,0.7,1,53.5,0,alto,web,0,0
1221,47.87,7,238.1,1,23.4,0,bajo,web,0,0
1222,57.23,8,104.7,2,32.3,0,medio,web,0,0
1223,363.99,20,19.6,2,103.1,0,bajo,app,0,0
1224,274.03,15,85.1,1,24.1,0,bajo,app,0,0
1225,54.7,1,3.0,3,74.4,1,bajo,app,0,0
1226,76.49,1,202.8,0,30.4,0,bajo,app,0,0
1227,38.1,4,113.2,0,1.0,0,bajo,web,0,0
1228,22.93,10,430.2,1,35.1,0,medio,pos,1,1
1229,359.41,12,25.3,4,41.2,1,bajo,app,1,0
1230,32.74,3,11.5,0,4.2,0,medio,pos,0,0
1231,46.65,21,19.9,0,16.2,0,bajo,web,0,0
1232,103.95,1,39.2,0,36.8,0,bajo,app,0,0
1233,57.64,17,27.9,2,42.5,0,bajo,app,1,1
1234,418.18,19,34.5,3,31.5,0,medio,web,0,0
1235,108.38,9,197.5,4,25.1,0,bajo,app,0,0
1236,50.62,16,153.4,3,88.0,1,bajo,pos,0,0
1237,18.89,23,10.2,0,49.1,1,bajo,web,1,0
1238,220.93,21,288.6,3,40.7,0,bajo,app,0,0
1239,57.18,8,51.4,0,11.6,0,bajo,web,0,0
1240,34.35,16,8.9,0,11.2,0,alto,web,0,0
1241,17.56,19,12.5,1,57.4,0,bajo,web,0,0
1242,42.04,12,213.8,0,52.4,0,bajo,app,0,0
1243,256.42,4,28.2,2,9.7,1,medio,app,0,1
1244,67.11,7,354.4,1,28.8,0,medio,app,0,0
1245,21.8,4,0.5,2,41.2,0,bajo,app,0,0
1246,54.51,1,184.7,1,87.1,1,bajo,telefono,1,0
1247,352.34,20,92.6,0,31.0,0,bajo,web,0,0
1248,90.88,11,76.0,0,26.6,0,bajo,pos,0,0
1249,38.14,11,415.5,0,42.5,0,bajo,web,0,0
1250,120.06,17,111.5,0,22.4,0,medio,app,0,0
1251,24.57,0,203.5,1,37.1,0,bajo,web,1,0
1252,23.49,9,95.9,0,44.4,0,medio,pos,1,0
1253,38.57,6,100.7,2,40.4,0,bajo,web,0,0
1254,44.7,6,366.4,1,18.1,1,bajo,app,0,0
1255,23.87,23,154.7,2,28.2,0,bajo,pos,0,0
1256,123.56,14,135.1,0,24.9,0,bajo,app,0,0
1257,285.05,11,37.7,1,41.5,0,bajo,pos,1,0
1258,,17,53.9,2,34.0,0,bajo,telefono,1,0
1259,63.08,14,7.4,2,34.0,0,bajo,web,0,0
1260,234.21,3,89.5,0,38.5,0,bajo,pos,0,0
1261,78.53,5,53.8,0,35.9,0,medio,app,0,0
1262,23.91,11,24.8,1,28.9,0,bajo,app,0,0
1263,183.55,13,26.9,3,32.4,0,bajo,app,0,0
1264,62.29,6,139.8,1,29.1,1,medio,pos,0,0
1265,42.3,12,11.7,0,21.7,0,medio,web,0,0
1266,40.68,22,66.7,1,54.1,0,bajo,web,0,0
1267,50.74,20,23.6,2,17.2,0,bajo,app,0,0
1268,43.29,4,55.1,2,33.8,0,bajo,pos,0,0
1269,21.57,1,241.9,0,29.0,1,bajo,web,0,0
1270,120.66,9,145.5,2,37.1,0,bajo,app,2,0
1271,119.37,22,157.7,1,19.4,0,alto,web,1,0
1272,87.34,10,82.2,1,32.3,0,bajo,web,0,0
1273,33.38,5,12.8,5,38.8,1,bajo,web,1,1
1274,346.18,20,162.9,0,9.7,1,alto,web,0,1
1275,10.93,11,72.2,3,60.2,0,medio,app,0,0
1276,14.39,1,43.3,0,50.6,0,medio,telefono,0,0
1277,57.19,12,136.3,0,16.5,0,medio,app,0,0
1278,243.66,3,21.9,1,47.0,0,bajo,app,0,0
1279,33.22,14,2.9,2,18.4,0,bajo,pos,0,0
1280,52.55,7,12.1,2,85.7,0,alto,app,1,0
1281,69.06,22,19.0,2,1.0,0,bajo,pos,2,0
1282,60.72,15,112.3,0,16.0,0,bajo,web,0,0
1283,136.02,12,241.4,2,51.1,0,bajo,app,0,0
1284,168.24,10,253.0,0,88.7,1,medio,web,0,0
1285,361.08,17,113.8,0,39.1,0,bajo,pos,0,0
1286,111.2,4,113.9,3,63.5,0,bajo,app,0,0
1287,48.37,14,74.4,0,40.9,0,medio,app,0,0
1288,196.37,8,39.2,2,48.1,1,medio,web,0,0
1289,110.75,12,42.3,1,41.0,0,bajo,app,0,0
1290,103.03,13,139.9,1,8.5,0,bajo,web,1,0
1291,129.21,19,70.0,1,15.6,0,bajo,pos,1,0
1292,561.95,23,83.9,1,1.0,0,bajo,app,0,0
1293,327.15,12,6.5,0,45.1,0,medio,web,0,0
1294,40.67,0,220.8,0,80.9,0,bajo,app,1,0
1295,22.08,10,0.0,1,26.1,0,bajo,web,0,0
1296,105.62,23,112.6,1,70.6,0,bajo,web,0,0
1297,8.25,7,115.7,0,39.7,0,medio,pos,0,0
1298,71.3,10,162.9,1,26.6,0,bajo,pos,1,0
1299,56.25,13,1.8,3,2.6,0,bajo,app,0,0
1300,99.08,19,53.0,2,61.0,0,alto,telefono,0,0
1301,55.3,0,72.7,1,22.8,0,bajo,pos,0,0
1302,71.09,2,374.1,0,43.8,1,bajo,web,1,0
1303,59.1,12,15.9,2,31.5,0,bajo,app,0,0
1304,51.89,1,196.6,1,23.9,0,alto,app,0,0
1305,20.26,3,126.9,0,26.0,1,bajo,web,0,0
1306,64.34,11,166.0,1,47.8,0,bajo,app,0,0
1307,29.27,9,252.8,0,1.0,0,bajo,web,1,0
1308,114.76,17,17.5,0,24.0,0,alto,app,1,0
1309,21.6,23,9.3,3,38.7,0,bajo,app,1,0
1310,48.09,11,46.1,1,14.2,0,bajo,web,0,0
1311,281.2,4,251.0,0,39.5,1,bajo,web,0,0
1312,28.12,19,54.9,1,1.4,1,bajo,app,0,1
1313,17.91,16,6.1,2,62.8,0,bajo,app,0,0
1314,116.71,4,259.7,3,8.4,0,bajo,web,1,1
1315,20.36,13,75.4,0,40.5,0,alto,pos,1,0
1316,228.91,8,30.6,0,48.1,0,bajo,app,0,0
1317,,10,2.7,2,43.4,0,medio,web,0,0
1318,75.31,3,118.4,1,36.4,0,bajo,pos,0,0
1319,154.11,12,25.3,1,1.0,0,alto,app,0,0
1320,43.84,6,175.7,2,51.5,0,bajo,app,1,0
1321,94.47,5,7.1,1,61.7,0,alto,web,0,0
1322,51.55,1,9.8,0,58.2,1,medio,pos,1,0
1323,52.8,7,124.9,2,38.7,0,medio,web,0,1
1324,22.75,7,74.3,0,21.3,0,bajo,app,0,0
1325,320.81,1,305.7,2,7.4,0,bajo,web,0,0
1326,70.34,21,107.3,3,84.8,0,bajo,app,0,0
1327,117.7,5,213.5,2,42.4,0,bajo,web,0,0
1328,30.3,9,141.1,1,23.3,1,bajo,app,1,0
1329,226.56,7,67.6,2,38.8,0,bajo,web,0,0
1330,41.98,16,40.4,1,38.5,1,bajo,pos,0,0
1331,122.89,7,68.1,0,30.2,0,bajo,pos,0,0
1332,57.68,8,20.0,2,1.0,0,alto,web,1,0
1333,131.59,20,36.9,0,63.3,0,bajo,web,0,0
1334,57.64,7,419.1,0,77.6,0,alto,app,0,0
1335,37.28,8,22.9,0,7.5,0,bajo,app,0,0
1336,60.11,21,135.4,1,72.0,0,bajo,pos,0,0
1337,60.37,6,34.3,3,65.5,0,alto,app,0,0
1338,13.26,12,33.8,0,27.0,0,bajo,app,1,0
1339,133.01,1,223.6,4,67.6,0,bajo,app,1,0
1340,38.33,14,95.7,4,22.5,0,alto,web,0,1
1341,19.96,11,44.8,1,52.1,0,bajo,app,1,0
1342,112.24,23,49.1,2,1.4,0,bajo,web,0,0
1343,85.44,19,9.8,3,3.7,0,bajo,web,0,0
1344,56.98,18,125.7,0,69.0,0,bajo,app,0,0
1345,66.69,11,308.9,0,33.7,0,bajo,web,0,0
1346,133.41,8,29.9,2,12.9,0,medio,pos,1,0
1347,433.13,4,38.2,1,11.4,0,bajo,telefono,0,0
1348,20.22,4,222.8,0,40.5,0,bajo,app,0,0
1349,90.84,15,198.6,0,15.7,0,bajo,app,0,0
1350,67.43,3,79.2,3,29.6,0,bajo,app,0,0
1351,66.76,12,274.7,1,19.5,0,bajo,app,0,0
1352,235.53,20,52.5,0,19.6,0,bajo,pos,0,0
1353,58.49,13,181.4,1,52.1,0,bajo,app,0,0
1354,26.33,2,69.5,2,83.2,0,bajo,pos,0,0
1355,54.41,18,30.1,2,67.3,1,bajo,pos,0,0
1356,12.14,6,320.7,1,24.8,0,bajo,app,0,0
1357,17.68,19,61.0,2,56.0,1,bajo,app,0,1
1358,18.84,14,6.3,0,65.3,0,bajo,app,0,0
1359,7.71,13,7.8,1,31.6,0,bajo,pos,0,0
1360,171.86,7,91.6,1,10.5,0,alto,telefono,0,1
1361,82.88,6,134.8,1,38.3,0,alto,pos,0,0
1362,29.16,19,81.2,1,10.3,0,bajo,pos,0,0
1363,274.54,16,202.2,0,60.6,0,bajo,telefono,0,0
1364,338.19,0,210.5,2,14.6,0,medio,app,0,1
1365,62.39,3,338.2,4,26.9,0,bajo,pos,0,0
1366,27.59,0,17.0,1,20.5,0,bajo,app,0,0
1367,147.81,10,44.7,0,43.2,0,medio,web,0,0
1368,177.1,3,98.5,0,38.9,0,bajo,web,0,0
1369,105.69,7,76.3,0,50.2,1,bajo,web,0,0
1370,27.21,0,96.2,2,33.4,0,alto,app,0,0
1371,23.9,8,94.4,1,40.1,0,medio,pos,1,0
1372,157.76,4,188.0,0,80.7,1,bajo,web,0,0
1373,17.02,9,340.5,1,45.0,0,bajo,app,0,0
1374,66.09,9,42.6,1,48.4,0,bajo,web,0,0
1375,86.69,1,34.5,1,60.6,0,bajo,app,0,0
1376,692.21,9,117.4,0,22.6,0,medio,web,1,0
1377,429.43,2,152.2,2,42.4,0,bajo,app,2,0
1378,50.75,14,206.1,2,61.1,1,alto,telefono,0,1
1379,137.94,7,12.8,0,70.6,0,bajo,pos,1,0
1380,38.75,22,71.3,0,45.2,0,medio,app,0,0
1381,142.89,15,189.7,0,18.4,0,bajo,app,1,0
1382,126.15,0,109.2,1,35.2,0,bajo,web,0,0
1383,169.99,6,152.1,1,66.1,0,bajo,app,1,0
1384,94.18,17,176.4,3,53.5,1,bajo,web,2,0
1385,66.65,3,90.7,1,64.6,1,bajo,app,0,0
1386,37.89,3,47.5,1,63.9,0,medio,app,0,0
1387,83.63,11,29.9,2,14.2,1,bajo,app,1,0
1388,429.92,9,165.8,1,48.7,1,bajo,web,0,0
1389,34.92,22,98.0,0,41.9,1,medio,app,0,0
1390,118.77,10,38.3,1,47.1,0,medio,web,0,0
1391,57.46,12,12.6,0,38.2,0,bajo,app,1,0
1392,35.6,20,68.8,1,38.4,0,medio,pos,0,0
1393,88.24,13,151.2,0,1.0,0,bajo,app,1,0
1394,109.71,17,10.3,0,23.5,0,bajo,web,0,0
1395,54.23,17,84.8,2,34.1,0,bajo,web,0,0
1396,120.6,20,276.9,3,32.2,0,bajo,app,0,0
1397,46.6,22,210.7,1,10.2,0,medio,web,1,0
1398,3.31,19,18.5,0,36.1,0,bajo,app,0,0
1399,43.45,22,193.2,0,14.9,1,bajo,telefono,0,0
1400,41.24,11,17.8,2,30.9,0,bajo,pos,0,0
1401,37.97,2,61.6,1,49.1,0,bajo,app,1,0
1402,37.44,15,0.2,3,18.9,0,bajo,pos,0,0
1403,28.75,20,189.1,0,17.1,0,medio,app,0,0
1404,122.59,3,51.9,0,71.2,0,alto,app,0,0
1405,59.37,16,25.6,1,38.7,0,medio,pos,0,0
1406,194.23,16,233.0,1,33.7,1,alto,telefono,0,0
1407,140.81,19,360.6,1,46.3,0,bajo,app,1,0
1408,21.73,16,5.5,1,45.2,1,bajo,web,2,1
1409,157.9,12,163.0,0,50.6,0,medio,web,1,0
1410,45.86,19,,2,32.7,0,bajo,app,0,0
1411,92.87,0,8.4,0,46.3,1,bajo,web,1,0
1412,56.78,11,272.8,3,13.5,0,bajo,pos,0,0
1413,11.75,16,368.8,1,74.8,0,bajo,web,0,0
1414,5.51,15,244.6,0,70.7,1,bajo,web,0,0
1415,64.14,22,207.7,4,28.1,1,medio,pos,0,0
1416,39.15,3,352.5,0,14.9,1,alto,app,1,0
1417,169.02,22,11.6,1,43.3,0,bajo,app,1,0
1418,316.07,15,5.5,2,51.3,0,bajo,web,0,0
1419,96.78,9,653.9,0,19.7,1,bajo,telefono,0,0
1420,120.68,5,2.2,2,27.0,0,bajo,app,0,0
1421,19.43,11,178.2,0,6.6,1,bajo,app,0,0
1422,170.47,5,43.3,2,46.8,0,bajo,app,0,0
1423,26.59,5,18.5,0,23.2,0,medio,web,1,0
1424,19.67,22,14.9,1,1.0,0,alto,web,0,0
1425,14.78,12,125.4,0,34.3,0,bajo,app,0,0
1426,62.25,11,190.6,2,1.0,0,medio,app,0,0
1427,191.15,7,138.9,5,57.3,0,bajo,app,0,0
1428,24.95,21,27.8,0,41.0,0,alto,web,0,0
1429,52.9,11,14.0,2,50.9,1,bajo,app,0,0
1430,54.07,13,351.8,3,39.0,0,bajo,app,0,0
1431,142.83,11,279.7,1,1.0,1,medio,app,1,0
1432,444.17,17,38.9,1,23.3,0,bajo,pos,1,0
1433,157.37,23,54.5,2,59.7,0,bajo,web,0,0
1434,18.99,23,33.7,2,11.7,0,bajo,app,0,0
1435,11.98,23,75.5,0,11.4,0,bajo,app,1,0
1436,12.79,3,61.2,1,56.7,0,medio,app,0,0
1437,25.19,16,174.5,5,27.2,0,bajo,app,0,0
1438,23.16,7,,3,40.2,0,bajo,app,0,0
1439,52.11,11,121.8,1,75.7,0,medio,app,1,0
1440,25.87,17,126.4,0,18.5,0,medio,app,0,0
1441,104.71,10,46.1,1,29.7,1,medio,pos,0,0
1442,13.11,11,107.1,0,16.3,0,medio,app,0,0
1443,82.01,22,250.6,1,20.4,0,medio,app,1,0
1444,25.97,8,340.3,1,82.0,0,bajo,web,1,0
1445,110.11,15,283.0,1,26.5,0,bajo,pos,0,0
1446,80.6,17,75.2,2,12.5,0,bajo,web,0,0
1447,25.58,15,,2,24.8,0,bajo,app,1,0
1448,138.05,16,7.2,1,45.0,0,bajo,web,0,0
1449,23.78,12,133.1,1,82.1,0,bajo,app,2,0
1450,69.53,9,35.5,1,18.2,1,bajo,app,0,0
1451,382.64,8,80.4,4,71.5,0,medio,app,0,0
1452,65.64,14,75.1,1,24.4,0,bajo,pos,0,0
1453,40.12,17,128.4,0,60.6,1,bajo,app,0,0
1454,69.2,21,162.9,0,6.8,0,bajo,web,1,0
1455,113.0,22,220.0,2,29.3,0,bajo,app,0,0
1456,281.0,10,27.0,1,42.9,0,bajo,app,0,0
1457,38.4,11,53.3,1,43.0,1,bajo,web,0,0
1458,21.56,11,81.1,2,4.4,0,medio,app,0,0
1459,83.5,2,67.5,1,57.2,0,alto,web,1,0
1460,80.94,6,160.1,2,19.1,0,bajo,app,1,0
1461,26.63,10,75.6,1,78.8,0,bajo,app,2,0
1462,83.27,15,283.5,0,39.8,0,medio,app,0,0
1463,92.82,15,258.5,0,33.9,0,bajo,web,0,0
1464,29.7,12,63.9,1,18.9,1,bajo,web,0,0
1465,,15,139.1,1,21.4,1,bajo,web,0,0
1466,22.39,20,270.8,0,30.8,0,alto,web,0,0
1467,27.91,13,185.4,1,31.5,0,bajo,app,0,0
1468,50.6,18,214.4,1,37.2,0,bajo,app,1,0
1469,20.37,7,14.0,2,27.3,0,bajo,app,0,0
1470,9.71,20,141.1,3,14.7,0,alto,app,0,0
1471,18.03,16,104.7,1,15.6,0,bajo,web,0,0
1472,61.53,18,135.1,2,26.9,1,medio,web,0,1
1473,97.78,3,253.5,0,57.4,0,bajo,web,0,0
1474,23.97,18,94.3,1,35.5,1,medio,pos,0,0
1475,5.95,11,116.3,3,5.7,0,bajo,app,0,0
1476,43.4,15,21.1,2,20.2,1,bajo,app,0,0
1477,140.05,1,229.5,1,39.5,0,bajo,app,0,0
1478,90.98,10,328.8,2,60.1,0,bajo,app,0,0
1479,132.91,5,169.3,0,61.6,0,alto,pos,0,0
1480,3.0,23,35.3,0,51.2,1,medio,web,0,0
1481,51.49,11,69.5,0,74.6,1,bajo,app,0,0
1482,48.88,11,73.6,0,47.2,1,medio,web,0,0
1483,34.93,19,136.0,1,39.0,0,bajo,app,0,0
1484,82.38,16,156.9,1,65.7,0,medio,web,0,0
1485,128.83,13,202.9,0,53.2,0,bajo,app,0,0
1486,50.57,11,141.0,0,75.3,0,bajo,web,1,0
1487,40.48,5,40.0,0,23.2,0,alto,web,0,0
1488,31.26,5,41.5,0,40.5,0,bajo,app,0,0
1489,119.83,16,2.9,1,26.5,1,bajo,pos,0,0
1490,49.51,1,76.2,1,57.0,0,bajo,web,0,0
1491,123.25,19,9.9,2,57.6,1,alto,web,0,0
1492,48.06,21,51.3,1,35.8,0,bajo,pos,0,0
1493,74.47,20,414.1,1,57.0,0,medio,web,1,0
1494,121.82,20,9.4,0,53.4,0,bajo,web,0,0
1495,190.7,9,4.2,0,72.3,0,bajo,pos,0,0
1496,238.98,14,57.9,1,42.4,0,medio,app,2,0
1497,19.28,18,154.5,2,15.1,0,bajo,app,0,0
1498,244.82,0,31.7,0,9.3,0,medio,web,0,0
1499,82.2,8,204.8,0,25.7,0,bajo,app,1,0
1500,19.14,9,244.0,1,69.3,1,bajo,telefono,0,0
1501,21.11,2,39.9,0,1.0,1,medio,web,0,1
1502,108.75,5,91.0,2,60.5,0,alto,app,0,1
1503,380.04,0,11.0,1,20.8,0,bajo,web,1,0
1504,182.83,5,43.7,2,51.5,0,bajo,pos,0,0
1505,36.77,21,104.2,1,27.8,0,bajo,app,0,0
1506,70.52,15,115.5,4,23.6,0,bajo,web,0,0
1507,429.17,8,76.7,2,37.3,0,medio,pos,1,0
1508,42.73,23,49.2,1,35.6,0,medio,app,0,0
1509,47.73,11,179.8,3,21.9,0,medio,web,0,0
1510,11.98,4,151.3,2,46.2,0,bajo,app,0,0
1511,132.3,13,32.3,2,45.1,0,bajo,web,1,0
1512,15.17,1,21.2,1,41.4,0,bajo,web,1,0
1513,23.06,1,13.6,2,59.7,1,bajo,app,1,1
1514,68.75,12,30.5,1,25.7,0,bajo,pos,0,0
1515,490.7,16,76.8,0,6.0,0,bajo,app,0,0
1516,32.06,12,41.8,2,48.5,0,bajo,app,0,0
1517,1351.2,12,104.4,0,14.8,0,medio,web,1,0
1518,,6,47.7,0,41.3,0,medio,web,1,0
1519,189.06,12,180.8,0,44.0,0,bajo,web,0,0
1520,7.2,14,14.5,0,49.2,0,bajo,web,1,0
1521,37.35,8,82.0,1,20.9,0,alto,web,0,0
1522,39.38,22,253.2,0,29.5,0,bajo,web,0,0
1523,88.71,13,169.9,0,45.4,0,medio,pos,1,0
1524,34.69,9,23.2,2,42.4,0,bajo,web,1,0
1525,94.35,18,47.5,3,56.9,0,medio,app,0,0
1526,53.82,23,78.0,2,31.2,0,bajo,web,1,0
1527,22.17,9,125.4,1,25.1,0,medio,app,0,0
1528,391.12,2,461.6,1,17.5,1,bajo,app,1,1
1529,51.11,22,30.9,2,68.6,0,bajo,app,1,0
1530,24.99,12,185.8,1,21.7,0,bajo,web,0,0
1531,127.86,20,47.7,1,29.4,0,bajo,app,0,0
1532,103.08,1,33.2,1,16.1,1,bajo,web,0,1
1533,124.04,22,258.2,1,76.6,0,bajo,app,0,0
1534,19.83,17,66.1,1,46.1,0,bajo,web,0,0
1535,135.97,12,210.8,0,37.6,0,bajo,pos,0,0
1536,89.11,12,45.6,4,90.4,0,bajo,web,0,0
1537,10.97,23,90.9,2,1.0,1,bajo,web,0,0
1538,19.53,7,79.8,1,10.1,0,bajo,web,1,0
1539,82.39,9,268.1,0,58.9,0,bajo,web,1,0
1540,154.47,12,22.0,2,9.5,0,bajo,web,0,0
1541,85.13,3,27.5,1,27.8,1,bajo,web,0,0
1542,53.14,13,78.3,2,50.0,0,bajo,app,0,0
1543,148.51,20,229.7,6,52.3,1,bajo,web,0,0
1544,28.06,19,123.9,0,15.3,0,bajo,web,0,0
1545,119.24,15,181.2,1,46.6,0,bajo,app,1,0
1546,9.76,7,32.2,0,45.9,0,bajo,web,0,0
1547,358.78,3,5.5,3,4.1,1,bajo,app,0,1
1548,307.27,18,426.0,1,63.2,1,medio,web,1,0
1549,87.64,0,95.5,1,60.3,0,bajo,pos,0,0
1550,23.38,19,19.2,0,1.0,1,bajo,telefono,1,1
1551,23.39,17,72.1,0,49.5,0,bajo,app,0,0
1552,133.94,10,28.0,1,37.8,0,bajo,app,1,0
1553,155.86,8,201.5,1,43.9,0,bajo,app,0,0
1554,13.39,17,73.3,0,43.7,1,bajo,pos,0,0
1555,103.91,15,262.4,1,10.6,0,alto,pos,0,0
1556,134.41,11,57.8,1,96.9,0,medio,app,1,0
1557,112.63,22,301.2,2,39.6,1,bajo,app,0,0
1558,15.48,18,404.0,0,9.2,0,bajo,web,1,0
1559,32.92,15,116.8,2,25.0,1,bajo,web,0,0
1560,70.36,8,109.1,2,24.9,0,medio,web,0,0
1561,57.15,20,6.9,1,36.1,0,bajo,pos,0,0
1562,230.48,15,12.2,2,32.0,0,medio,web,0,0
1563,202.99,1,170.5,2,39.3,1,bajo,pos,0,0
1564,128.25,14,76.1,0,37.0,0,bajo,app,0,0
1565,88.48,12,67.8,3,2.0,0,bajo,web,0,0
1566,124.79,21,129.6,3,27.1,1,bajo,telefono,0,0
1567,40.15,22,31.8,0,49.3,0,bajo,web,0,0
1568,310.19,16,13.0,0,46.2,0,bajo,web,0,0
1569,111.05,4,130.6,3,86.5,0,bajo,app,0,0
1570,146.22,19,15.1,3,34.8,1,alto,app,1,0
1571,29.7,12,58.7,0,53.1,0,bajo,app,1,0
1572,26.77,4,320.2,0,42.0,0,medio,app,0,0
1573,25.38,7,28.3,2,25.8,0,bajo,web,0,0
1574,87.12,1,11.6,0,36.9,0,bajo,app,0,0
1575,7.93,3,,0,79.5,0,medio,pos,0,0
1576,69.13,17,22.1,1,57.0,0,bajo,app,0,0
1577,75.57,10,33.7,1,15.7,0,medio,app,0,0
1578,69.46,18,58.8,1,44.2,0,bajo,web,1,0
1579,23.13,12,123.5,0,51.1,1,bajo,pos,0,0
1580,17.63,14,342.3,2,55.4,0,bajo,app,2,0
1581,37.82,16,82.0,0,8.0,0,bajo,web,0,0
1582,190.72,2,41.5,0,82.7,0,bajo,app,0,0
1583,92.98,20,20.3,0,18.8,0,medio,app,2,0
1584,10.16,1,4.0,1,52.5,0,bajo,app,1,0
1585,19.37,17,0.3,1,25.4,0,medio,web,0,0
1586,60.11,12,98.9,2,82.9,0,bajo,pos,0,0
1587,58.29,20,182.5,1,47.2,0,medio,telefono,1,1
1588,53.45,2,23.8,2,13.4,0,medio,web,1,0
1589,66.75,4,27.0,1,41.2,0,bajo,app,1,0
1590,84.96,17,360.1,4,48.4,1,bajo,web,0,1
1591,48.52,11,262.7,0,25.4,0,bajo,web,0,0
1592,76.29,19,25.1,1,86.4,0,bajo,app,0,0
1593,302.61,4,47.9,1,39.3,0,bajo,web,0,0
1594,98.87,2,112.0,2,11.7,0,bajo,pos,0,0
1595,190.34,14,188.6,0,21.3,0,bajo,web,0,0
1596,29.19,5,88.3,0,31.2,0,bajo,app,0,0
1597,25.01,11,95.6,3,56.9,1,bajo,web,0,0
1598,91.52,11,10.9,1,40.2,0,bajo,app,0,0
1599,152.41,8,119.3,0,25.7,0,bajo,app,0,0
1600,44.27,9,182.5,0,11.1,0,bajo,web,0,0
1601,160.76,0,29.5,0,22.4,0,medio,app,0,0
1602,128.59,7,246.3,1,40.4,0,bajo,web,0,0
1603,9.82,5,340.1,0,40.0,0,bajo,pos,0,0
1604,75.4,4,0.2,2,14.4,0,medio,app,0,0
1605,15.83,18,7.9,3,30.2,0,bajo,web,0,0
1606,76.02,13,68.5,1,67.9,1,bajo,web,1,0
1607,34.45,19,46.6,1,46.0,0,bajo,pos,1,0
1608,142.76,16,4.5,3,33.5,1,bajo,web,0,0
1609,197.37,6,152.5,0,25.9,0,bajo,app,1,0
1610,279.72,13,82.8,3,41.8,0,bajo,app,1,0
1611,29.12,13,468.1,2,21.4,0,alto,web,0,0
1612,67.4,21,136.1,1,50.7,0,bajo,web,0,0
1613,46.55,18,240.5,4,49.7,0,bajo,app,0,0
1614,210.16,2,100.5,0,19.9,0,bajo,pos,0,0
1615,104.28,9,157.3,0,17.8,0,bajo,app,1,0
1616,147.96,22,15.3,1,76.2,0,medio,web,1,0
1617,26.45,2,89.9,2,14.5,1,bajo,web,1,1
1618,139.56,4,401.8,1,44.2,0,bajo,app,0,0
1619,94.98,0,250.7,2,38.7,0,bajo,app,1,0
1620,36.61,14,83.8,2,36.8,0,medio,pos,0,0
1621,9.4,20,81.5,1,38.2,0,bajo,pos,0,0
1622,26.19,10,42.0,0,36.2,0,bajo,app,1,0
1623,226.41,23,24.6,0,35.9,0,bajo,web,0,0
1624,36.32,21,132.0,1,39.5,1,medio,app,0,0
1625,41.38,4,70.3,1,26.6,0,alto,web,0,1
1626,41.23,16,21.9,0,49.7,0,bajo,web,0,0
1627,15.3,5,154.7,0,58.1,0,bajo,web,0,0
1628,58.15,21,186.8,0,47.8,0,medio,app,0,0
1629,78.08,17,338.1,1,13.4,0,bajo,web,0,0
1630,39.97,18,17.0,0,1.0,0,bajo,web,0,0
1631,49.68,0,194.2,3,15.4,1,medio,web,0,1
1632,23.07,7,355.7,2,117.7,0,medio,app,0,0
1633,99.68,3,113.6,1,67.4,0,bajo,web,1,0
1634,152.45,12,6.8,3,60.4,0,medio,web,0,0
1635,22.26,4,0.0,2,1.0,0,alto,pos,1,0
1636,42.06,16,223.0,2,26.8,0,bajo,pos,1,0
1637,151.88,9,35.2,1,52.5,0,alto,web,0,0
1638,77.61,11,86.4,2,27.5,0,alto,app,0,0
1639,14.81,20,234.2,0,10.9,0,bajo,web,0,0
1640,183.6,13,104.4,0,6.9,0,medio,web,0,0
1641,9.49,4,277.4,1,14.5,0,bajo,app,0,0
1642,63.08,7,25.1,2,5.1,0,medio,pos,0,0
1643,13.87,15,44.3,0,1.0,0,bajo,pos,0,0
1644,281.07,2,258.9,1,78.3,0,bajo,web,0,0
1645,16.74,22,161.0,1,30.8,0,medio,web,0,0
1646,592.32,15,29.2,3,35.9,0,bajo,pos,0,0
1647,33.79,17,12.3,1,17.6,0,medio,web,0,0
1648,257.83,12,4.3,1,1.0,0,bajo,app,0,0
1649,100.88,21,81.3,3,66.3,0,bajo,app,0,0
1650,204.76,4,34.3,1,36.3,0,medio,app,1,0
1651,22.38,23,274.9,2,36.6,0,bajo,app,0,0
1652,19.28,1,32.8,2,41.1,0,alto,app,1,1
1653,72.35,20,104.7,1,1.0,0,bajo,app,0,0
1654,656.93,9,278.0,1,40.2,0,bajo,app,0,0
1655,307.56,21,172.5,2,16.5,0,bajo,app,0,0
1656,104.0,1,18.6,1,17.2,0,bajo,web,0,0
1657,228.94,20,25.0,3,75.5,0,bajo,web,0,0
1658,27.16,12,85.0,1,65.3,0,medio,app,0,0
1659,83.19,17,36.7,2,49.5,0,alto,app,0,0
1660,38.21,15,36.5,1,26.4,0,bajo,app,0,0
1661,43.16,10,63.6,2,37.9,1,bajo,app,0,0
1662,47.54,16,497.6,1,44.3,0,bajo,app,0,0
1663,231.92,1,12.4,0,21.9,0,bajo,app,0,0
1664,57.15,5,169.2,1,54.5,0,medio,app,0,0
1665,352.65,13,188.9,3,1.0,0,bajo,app,0,0
1666,201.63,5,58.5,1,49.6,0,bajo,pos,2,0
1667,46.49,12,60.9,1,1.0,0,bajo,app,2,0
1668,70.4,5,201.3,1,15.6,0,medio,web,0,0
1669,294.74,20,203.1,2,26.7,0,bajo,app,1,0
1670,449.59,6,4.8,1,29.9,0,bajo,app,0,0
1671,34.85,7,58.6,3,1.0,1,bajo,pos,1,1
1672,43.34,23,509.0,4,111.2,0,bajo,web,0,0
1673,76.83,4,44.8,0,26.0,0,bajo,web,0,0
1674,11.69,13,318.8,2,43.8,0,bajo,telefono,0,0
1675,71.34,13,82.0,0,20.9,0,bajo,app,0,0
1676,52.89,5,60.0,2,80.5,0,bajo,app,0,0
1677,135.69,12,75.2,2,22.8,0,bajo,web,0,0
1678,20.87,12,130.2,4,31.5,0,medio,app,0,1
1679,310.0,20,6.4,1,78.9,0,medio,web,0,0
1680,120.87,13,49.9,2,63.7,1,bajo,web,0,0
1681,48.41,11,439.3,0,1.0,0,bajo,pos,0,1
1682,69.52,7,177.8,2,93.8,0,bajo,app,0,0
1683,35.26,2,225.9,1,101.0,0,bajo,telefono,1,0
1684,18.66,17,420.5,0,14.3,1,bajo,app,0,0
1685,257.87,10,13.3,1,40.9,0,medio,app,1,0
1686,40.4,9,218.9,0,40.9,0,bajo,pos,0,0
1687,233.12,22,50.1,1,12.9,0,bajo,app,0,0
1688,35.09,10,263.0,1,29.9,0,medio,pos,1,0
1689,34.45,22,140.1,0,19.5,0,bajo,pos,0,0
1690,61.2,5,110.8,2,38.6,0,alto,pos,0,0
1691,53.68,13,43.0,0,54.3,0,bajo,telefono,0,0
1692,34.83,1,125.7,0,6.1,1,bajo,web,0,0
1693,102.62,15,226.8,1,31.3,0,bajo,web,0,0
1694,12.97,10,62.1,1,31.7,0,bajo,pos,0,0
1695,39.57,16,231.9,0,62.4,0,alto,web,1,0
1696,20.71,4,21.3,2,65.7,0,bajo,app,0,0
1697,246.01,22,213.5,1,53.8,0,bajo,web,0,0
1698,11.66,13,58.9,1,48.8,0,bajo,web,0,0
1699,180.08,11,71.0,2,56.3,0,bajo,web,0,0
1700,191.01,5,40.0,1,82.2,0,bajo,web,0,0
1701,2518.04,5,7.7,0,13.8,0,bajo,app,0,0
1702,21.19,18,31.5,4,40.3,0,bajo,app,1,0
1703,24.62,17,16.5,0,48.7,0,medio,pos,1,0
1704,120.33,21,53.2,2,44.5,1,bajo,app,1,0
1705,44.17,16,755.3,2,39.9,1,bajo,telefono,0,0
1706,84.77,19,903.6,2,39.6,0,bajo,app,1,1
1707,63.14,19,0.2,2,55.8,0,bajo,app,0,0
1708,22.87,13,26.2,2,21.6,0,bajo,web,1,0
1709,481.38,0,43.7,1,63.8,0,bajo,web,0,0
1710,85.12,9,206.1,1,65.2,1,bajo,app,1,0
1711,126.62,16,137.9,0,19.9,0,bajo,web,0,0
1712,49.11,20,413.4,0,42.8,0,bajo,web,0,0
1713,390.09,7,472.1,1,24.7,0,bajo,web,2,0
1714,24.44,3,171.6,3,42.6,0,bajo,web,0,0
1715,37.46,21,369.4,0,77.5,0,bajo,app,0,0
1716,163.01,18,81.3,0,12.6,0,bajo,web,0,0
1717,37.76,1,149.4,1,56.0,0,alto,web,0,0
1718,75.56,13,80.5,0,73.9,0,bajo,app,2,0
1719,117.99,22,273.1,0,55.9,0,bajo,app,0,0
1720,31.94,16,16.5,2,70.6,0,bajo,app,2,0
1721,74.89,18,28.0,2,57.1,0,medio,web,0,0
1722,307.56,2,443.7,2,63.9,0,bajo,app,1,0
1723,55.65,17,263.7,4,33.0,0,bajo,app,1,1
1724,61.36,15,108.4,1,18.7,0,bajo,pos,0,0
1725,63.81,15,56.6,1,61.8,0,medio,telefono,0,0
1726,40.36,11,4.0,3,1.0,0,bajo,app,0,0
1727,26.09,7,59.6,3,63.5,0,bajo,pos,0,0
1728,221.11,8,34.8,3,44.7,0,medio,app,1,0
1729,75.39,17,20.1,2,20.1,1,bajo,app,0,0
1730,96.91,1,38.9,2,60.2,0,medio,app,0,0
1731,6.64,11,130.3,0,13.1,0,bajo,web,1,0
1732,37.35,8,199.2,3,14.0,0,bajo,pos,0,0
1733,140.39,12,14.8,1,58.7,0,bajo,app,1,0
1734,41.29,17,255.3,0,46.9,1,alto,app,0,0
1735,69.15,1,23.4,0,1.0,0,medio,app,1,0
1736,8.04,8,2.9,1,17.7,1,medio,pos,0,0
1737,28.02,11,30.5,3,15.3,0,bajo,app,0,0
1738,363.81,4,232.7,2,30.9,1,bajo,app,0,0
1739,21.35,14,37.7,0,26.6,1,medio,web,0,0
1740,168.43,23,66.5,3,17.9,0,bajo,app,1,0
1741,151.97,16,24.6,1,36.0,0,medio,app,0,0
1742,57.59,3,186.0,1,54.8,0,bajo,pos,1,1
1743,69.56,15,289.2,0,20.8,1,bajo,app,0,0
1744,71.06,23,5.0,0,18.3,0,bajo,app,1,0
1745,116.56,14,266.0,2,52.2,0,bajo,telefono,0,0
1746,35.22,18,65.7,1,7.6,1,bajo,app,0,0
1747,63.64,18,86.2,2,46.8,0,medio,app,0,0
1748,352.03,8,143.0,2,1.0,1,bajo,web,0,0
1749,157.14,4,134.9,2,26.6,1,bajo,pos,0,0
1750,,10,57.4,1,49.0,0,bajo,app,0,0
1751,115.43,4,16.5,1,21.3,0,bajo,web,0,1
1752,407.42,11,24.1,3,58.4,0,bajo,app,1,0
1753,103.13,4,35.7,1,58.1,1,bajo,pos,0,0
1754,21.11,13,201.4,0,66.7,0,bajo,web,0,0
1755,46.17,3,84.3,1,15.6,0,bajo,app,0,0
1756,164.7,16,124.3,1,82.4,0,medio,web,3,0
1757,37.98,2,289.9,1,1.0,0,bajo,web,0,0
1758,119.11,2,68.3,0,8.5,1,bajo,app,0,0
1759,266.13,22,199.8,0,68.2,1,alto,app,1,1
1760,259.56,10,67.1,1,27.7,0,bajo,app,0,0
1761,70.72,23,89.0,2,20.5,0,bajo,web,1,0
1762,21.79,1,228.8,2,5.9,0,medio,web,0,0
1763,115.16,16,158.4,2,13.3,1,bajo,pos,0,0
1764,63.25,18,10.5,2,1.0,0,alto,web,2,1
1765,127.37,6,16.3,1,74.1,0,bajo,web,1,0
1766,39.0,11,18.9,2,55.3,0,medio,web,0,0
1767,288.55,9,58.9,1,1.0,0,bajo,web,0,0
1768,84.16,2,5.8,0,35.7,1,medio,web,0,0
1769,43.41,1,63.9,1,98.0,0,bajo,web,0,0
1770,8.73,9,33.8,1,19.7,0,bajo,web,1,0
1771,35.6,13,171.0,1,14.9,0,medio,web,0,0
1772,28.39,19,84.5,1,10.1,0,medio,app,0,0
1773,193.81,7,28.8,0,57.7,0,medio,web,0,0
1774,319.74,10,93.9,2,70.7,1,medio,pos,1,0
1775,94.6,0,15.0,2,46.7,0,alto,app,0,0
1776,29.99,21,96.3,1,46.7,0,bajo,app,0,0
1777,151.68,17,288.4,0,46.6,0,bajo,app,1,0
1778,117.7,6,532.2,2,61.5,0,medio,pos,0,0
1779,94.61,16,28.4,0,46.2,0,bajo,app,0,0
1780,68.62,22,171.8,0,45.2,0,bajo,web,0,0
1781,19.73,12,129.5,0,46.9,0,bajo,app,0,0
1782,105.08,6,29.2,1,30.3,1,bajo,telefono,2,0
1783,65.02,14,3.8,2,30.5,0,bajo,app,2,0
1784,73.09,21,44.8,2,29.2,1,bajo,web,0,0
1785,22.93,8,161.2,1,32.4,1,medio,pos,1,0
1786,73.18,6,33.9,0,16.2,0,medio,app,0,0
1787,298.81,10,41.1,2,38.3,0,bajo,app,1,0
1788,18.88,23,113.8,0,1.0,0,bajo,pos,0,0
1789,78.3,20,160.9,1,12.0,1,bajo,pos,0,0
1790,75.98,1,,0,37.2,0,alto,web,0,0
1791,203.07,4,188.9,2,52.7,0,medio,pos,0,0
1792,113.82,3,654.4,2,46.4,0,bajo,web,1,0
1793,63.37,10,17.3,0,57.5,0,medio,app,0,0
1794,144.38,21,31.3,3,23.6,0,bajo,pos,0,0
1795,13.99,22,137.1,4,23.9,0,bajo,web,0,0
1796,73.47,21,5.3,0,57.0,1,bajo,web,0,0
1797,86.89,20,299.8,0,66.7,1,bajo,web,0,0
1798,125.98,9,29.3,2,8.8,0,bajo,app,1,0
1799,217.95,6,86.7,1,32.2,0,medio,web,1,0
1800,57.24,20,75.2,1,31.1,1,bajo,web,0,0
1801,64.23,3,684.2,2,21.1,0,medio,web,0,0
1802,125.96,2,73.6,1,6.7,0,alto,app,0,1
1803,23.68,20,191.6,1,49.7,0,bajo,app,0,0
1804,291.57,16,63.1,3,33.7,0,bajo,web,0,0
1805,134.87,15,161.5,3,47.0,0,bajo,web,1,0
1806,28.47,11,67.4,0,26.4,1,medio,app,0,0
1807,63.15,21,482.4,1,59.1,0,medio,app,1,0
1808,15.6,3,61.0,1,16.2,0,alto,pos,0,0
1809,152.07,15,375.2,0,10.7,0,bajo,web,1,0
1810,64.64,19,95.0,3,57.6,1,medio,telefono,0,0
1811,85.76,9,64.0,4,46.6,0,medio,web,1,0
1812,49.93,10,2.6,0,65.7,1,alto,web,0,0
1813,424.13,2,28.6,2,5.4,0,bajo,pos,1,1
1814,155.1,6,61.2,4,94.9,0,bajo,app,0,0
1815,120.76,16,5.7,1,40.2,0,medio,web,0,0
1816,39.33,6,87.6,1,23.9,0,bajo,web,0,0
1817,81.52,2,237.1,0,5.6,1,medio,app,0,0
1818,76.9,7,54.8,1,18.4,0,bajo,pos,0,0
1819,26.7,20,77.0,0,24.9,0,bajo,web,0,0
1820,541.7,16,52.4,1,23.6,0,bajo,pos,0,0
1821,46.14,7,123.9,1,50.3,1,bajo,web,0,0
1822,271.14,16,146.5,1,45.2,0,medio,app,1,0
1823,34.44,19,41.4,2,6.2,0,bajo,app,0,0
1824,8.67,4,136.8,1,49.6,0,bajo,web,0,0
1825,395.4,14,113.4,1,17.5,0,medio,web,0,0
1826,9.23,11,97.2,1,47.0,0,bajo,app,1,0
1827,73.07,2,45.0,0,35.7,0,bajo,app,0,0
1828,18.35,16,0.8,4,51.7,0,bajo,web,0,0
1829,30.09,19,72.0,0,13.8,0,medio,app,0,0
1830,114.34,14,182.6,2,37.7,0,bajo,web,0,0
1831,383.54,22,62.3,1,58.2,1,bajo,web,1,0
1832,18.4,13,375.2,0,1.0,0,medio,app,0,0
1833,61.91,1,78.6,0,37.8,0,bajo,app,1,0
1834,174.69,5,36.5,0,39.2,0,bajo,web,1,0
1835,39.18,16,90.8,1,12.9,0,bajo,pos,0,0
1836,287.45,3,48.8,1,1.0,0,bajo,web,1,0
1837,115.79,21,27.2,2,27.2,0,bajo,web,1,0
1838,109.37,17,21.6,1,42.2,1,bajo,pos,0,1
1839,57.08,1,1.3,1,18.2,0,alto,app,2,0
1840,235.43,22,18.8,2,26.4,1,bajo,app,0,0
1841,69.49,2,73.1,0,4.3,0,bajo,web,1,0
1842,56.67,8,6.0,0,57.6,0,bajo,web,0,0
1843,38.7,3,56.3,0,32.3,1,bajo,app,1,0
1844,24.49,14,3.5,0,24.6,0,medio,web,1,0
1845,,14,156.6,0,30.9,0,bajo,web,0,0
1846,50.05,9,239.0,0,55.2,0,bajo,app,0,0
1847,33.95,16,254.1,1,61.2,0,medio,telefono,0,0
1848,88.21,6,158.6,0,42.1,0,bajo,web,0,0
1849,139.37,18,288.6,2,51.9,0,medio,web,0,0
1850,290.84,11,58.6,0,35.1,0,bajo,pos,0,0
1851,52.33,14,256.0,0,53.6,0,medio,web,0,0
1852,52.89,0,132.6,1,1.0,0,medio,web,1,0
1853,74.35,11,23.7,1,42.9,0,bajo,app,0,0
1854,73.16,15,88.8,0,4.1,0,bajo,web,0,0
1855,114.12,16,254.7,2,27.3,0,medio,pos,0,0
1856,206.29,10,18.7,0,73.1,0,bajo,pos,0,0
1857,101.18,20,131.7,1,34.1,1,bajo,pos,0,0
1858,627.57,12,11.1,0,66.1,0,bajo,app,0,0
1859,337.79,0,288.7,2,62.9,0,bajo,app,0,0
1860,66.05,0,15.5,2,72.6,0,medio,web,0,0
1861,59.01,23,57.6,0,51.3,0,bajo,web,0,0
1862,65.15,0,265.7,0,37.4,0,bajo,web,0,0
1863,38.42,22,348.3,2,1.0,0,bajo,app,0,0
1864,42.96,13,125.8,2,40.2,0,bajo,app,1,0
1865,,19,185.9,1,44.2,0,bajo,web,0,0
1866,295.74,19,30.9,1,23.6,0,medio,app,0,0
1867,84.96,23,79.9,1,74.1,1,bajo,web,1,0
1868,45.72,18,56.7,5,27.1,0,medio,app,0,0
1869,17.55,9,168.9,0,28.6,0,bajo,pos,1,0
1870,124.42,19,184.8,0,31.4,0,alto,app,0,0
1871,126.11,10,140.2,3,1.0,0,bajo,app,0,1
1872,63.39,2,129.2,0,39.3,0,bajo,app,0,0
1873,75.85,21,22.0,2,79.4,1,bajo,web,0,0
1874,163.79,11,318.7,0,23.7,0,bajo,web,0,0
1875,543.64,4,12.5,3,32.7,0,bajo,app,0,0
1876,129.79,6,234.9,0,73.8,0,bajo,app,0,0
1877,172.03,3,62.5,1,16.5,0,alto,web,0,0
1878,60.72,18,112.9,0,1.0,0,bajo,web,0,0
1879,17.01,8,156.3,0,97.2,0,bajo,app,0,0
1880,127.51,2,40.1,1,16.7,1,bajo,telefono,0,0
1881,49.66,14,35.2,0,33.3,0,bajo,app,1,0
1882,37.41,16,176.8,0,63.3,0,medio,web,1,0
1883,33.54,0,3.3,0,31.1,0,bajo,web,0,0
1884,369.97,0,362.3,0,12.1,1,alto,pos,0,1
1885,319.6,20,89.7,1,27.1,1,bajo,web,0,0
1886,15.39,0,3.4,0,25.3,0,bajo,pos,0,0
1887,30.44,3,7.8,0,65.3,0,bajo,app,1,0
1888,7.99,2,70.7,1,4.3,0,bajo,web,0,0
1889,40.2,19,39.2,0,43.4,0,bajo,web,0,0
1890,69.61,23,299.7,2,1.0,1,bajo,web,0,0
1891,11.49,10,72.5,1,40.0,0,medio,app,0,0
1892,90.05,15,12.4,2,63.1,0,bajo,web,0,0
1893,52.6,5,59.4,1,58.9,0,bajo,web,0,0
1894,83.6,9,18.9,0,39.5,0,medio,pos,1,0
1895,254.85,13,94.5,2,40.7,1,bajo,app,0,0
1896,29.97,4,285.9,1,31.9,0,medio,app,0,0
1897,18.49,11,29.4,1,28.1,0,bajo,app,0,0
1898,9.67,14,56.9,2,65.9,0,medio,app,1,0
1899,40.38,18,5.3,1,13.0,0,bajo,app,1,0
1900,45.82,18,116.6,0,33.0,0,bajo,web,0,0
1901,37.52,5,39.7,1,1.0,0,medio,app,0,0
1902,141.21,19,107.7,0,79.5,0,bajo,pos,0,0
1903,535.96,16,36.4,0,53.4,0,bajo,app,0,0
1904,19.66,2,224.4,1,20.6,1,bajo,web,0,1
1905,139.93,12,30.4,1,14.5,0,bajo,app,0,0
1906,126.18,6,105.0,1,80.7,0,bajo,web,0,0
1907,80.14,21,39.8,1,32.4,0,alto,app,0,0
1908,147.09,10,58.9,0,69.7,0,alto,app,0,0
1909,10.91,13,9.8,3,45.5,0,medio,app,1,0
1910,109.1,9,13.8,1,15.9,0,bajo,web,2,0
1911,23.93,20,126.6,0,42.7,0,medio,app,1,0
1912,9.06,5,65.4,0,43.2,0,bajo,app,0,0
1913,328.94,5,8.6,2,36.5,0,medio,pos,1,0
1914,40.38,16,27.0,2,41.7,0,bajo,pos,0,0
1915,34.03,2,137.3,0,44.8,1,bajo,app,2,0
1916,149.0,5,2.6,1,31.2,0,bajo,web,0,0
1917,104.63,20,22.9,0,1.0,0,medio,app,0,0
1918,20.82,13,95.6,1,29.6,0,bajo,web,0,0
1919,88.23,3,25.1,1,14.8,0,bajo,app,1,0
1920,133.47,13,51.3,0,45.9,0,bajo,pos,0,0
1921,108.92,23,56.5,1,46.2,0,bajo,web,0,0
1922,269.84,9,5.0,2,26.3,0,medio,web,2,0
1923,33.91,13,408.0,0,2.5,0,bajo,app,0,0
1924,24.41,22,82.9,2,12.4,0,bajo,web,0,0
1925,21.94,12,96.7,2,22.8,1,bajo,web,0,1
1926,158.56,22,315.8,2,32.3,0,bajo,web,0,0
1927,15.77,5,113.9,1,24.4,0,bajo,web,0,0
1928,61.04,19,3.2,2,30.9,0,bajo,pos,0,0
1929,137.71,18,76.2,1,43.0,0,alto,telefono,0,0
1930,88.46,12,295.3,0,87.5,0,bajo,app,0,0
1931,322.57,16,,0,14.3,0,bajo,web,0,0
1932,70.73,10,70.5,0,39.1,0,bajo,pos,0,0
1933,42.43,18,30.2,2,18.9,0,medio,pos,0,0
1934,454.68,17,316.8,2,39.1,0,bajo,app,1,0
1935,51.88,5,123.1,2,25.6,0,medio,app,1,0
1936,81.21,11,250.3,5,39.7,0,bajo,app,0,1
1937,127.88,23,79.9,1,60.9,0,alto,web,0,0
1938,40.65,17,390.3,2,49.2,0,bajo,app,0,0
1939,353.46,6,48.9,1,34.9,0,bajo,app,1,0
1940,29.8,20,,1,1.0,0,bajo,app,0,0
1941,14.39,17,16.7,2,55.7,0,bajo,web,0,0
1942,34.62,9,56.6,2,8.4,0,bajo,pos,0,0
1943,406.54,14,28.5,0,71.4,0,bajo,web,0,0
1944,28.8,9,3.0,0,35.8,0,medio,web,3,0
1945,28.4,20,50.0,1,83.9,0,bajo,web,2,0
1946,38.54,7,22.8,5,53.3,1,medio,app,1,0
1947,41.45,14,196.7,1,28.0,0,medio,app,0,0
1948,90.09,18,50.1,1,38.3,0,bajo,pos,0,0
1949,8.55,23,137.1,0,63.0,0,bajo,web,1,0
1950,58.94,13,1.7,2,56.9,1,medio,app,0,0
1951,117.19,7,15.1,0,31.2,0,bajo,app,2,1
1952,308.86,2,103.2,0,70.7,0,bajo,web,0,0
1953,114.41,3,6.7,1,44.7,0,bajo,app,0,0
1954,65.11,21,157.8,2,1.2,1,bajo,web,0,0
1955,95.1,22,266.5,1,16.4,0,bajo,web,0,0
1956,75.42,21,100.9,0,52.1,0,medio,web,1,0
1957,119.34,22,7.8,2,24.8,0,bajo,app,0,0
1958,147.63,0,258.6,1,43.7,0,medio,web,1,0
1959,58.46,2,70.3,2,52.8,0,alto,app,0,0
1960,72.58,13,410.6,1,60.8,0,medio,pos,0,0
1961,8.32,23,205.9,0,37.5,0,medio,web,1,0
1962,47.14,8,9.1,1,35.3,1,bajo,pos,1,0
1963,27.31,5,156.9,1,29.8,0,bajo,web,0,0
1964,54.37,16,94.8,1,65.2,0,medio,pos,0,0
1965,41.12,14,16.5,1,43.7,1,bajo,pos,0,0
1966,24.14,8,80.3,1,20.2,1,bajo,pos,0,0
1967,44.79,4,51.5,3,5.6,1,bajo,web,0,1
1968,21.39,1,60.2,0,66.9,0,medio,app,0,0
1969,97.25,17,17.8,0,53.7,0,bajo,web,0,0
1970,84.08,18,51.8,0,32.8,0,bajo,web,0,0
1971,108.92,0,39.3,1,54.9,1,bajo,web,0,0
1972,30.43,4,20.4,4,67.5,0,bajo,web,0,0
1973,34.38,6,242.4,2,27.0,0,bajo,app,0,0
1974,25.18,7,238.7,1,48.5,0,bajo,web,0,0
1975,38.96,1,81.0,0,34.0,0,bajo,app,0,0
1976,20.45,21,382.2,0,48.2,0,medio,web,0,0
1977,36.7,6,26.0,0,57.0,0,bajo,app,0,0
1978,21.39,15,63.3,1,49.1,0,bajo,web,0,0
1979,14.36,23,234.1,1,67.2,0,bajo,pos,0,0
1980,32.26,1,34.5,0,36.1,0,bajo,app,0,0
1981,17.27,1,95.9,0,38.2,0,medio,web,0,0
1982,43.97,12,545.1,1,33.6,1,bajo,pos,0,0
1983,91.11,3,52.1,1,61.2,0,bajo,web,1,0
1984,20.4,23,117.1,2,63.8,0,bajo,app,0,0
1985,213.11,5,30.2,2,47.5,0,medio,pos,1,0
1986,255.4,20,70.6,2,32.0,0,bajo,web,1,0
1987,165.56,1,65.6,4,35.5,0,bajo,app,0,0
1988,22.5,4,86.9,3,38.7,0,medio,app,0,0
1989,191.24,17,41.7,4,41.1,0,bajo,web,1,0
1990,29.93,19,84.9,3,13.4,0,medio,app,0,0
1991,86.65,5,6.4,1,64.0,0,medio,web,0,0
1992,164.81,15,184.7,0,7.4,0,bajo,app,0,0
1993,64.9,3,24.8,2,53.4,0,bajo,web,0,0
1994,15.35,9,263.1,2,58.7,0,bajo,app,0,0
1995,132.56,7,311.7,0,41.1,0,bajo,app,0,0
1996,133.44,20,332.0,1,43.3,0,alto,pos,1,0
1997,91.22,15,17.8,1,25.0,0,bajo,web,0,0
1998,42.78,17,198.5,0,66.8,0,bajo,web,0,0
1999,39.56,4,19.3,0,1.0,0,bajo,web,0,0
2000,105.53,18,98.8,1,38.4,0,bajo,app,0,0
2001,330.77,0,291.4,4,35.2,0,bajo,web,0,0
2002,72.26,6,41.7,1,65.9,0,bajo,telefono,1,0
2003,15.43,23,0.0,2,1.0,0,bajo,web,0,0
2004,194.78,21,13.8,2,14.8,0,bajo,pos,0,0
2005,68.24,20,202.9,1,47.8,1,alto,pos,0,1
2006,114.81,13,204.7,0,35.7,0,bajo,app,0,0
2007,35.45,4,21.7,4,57.2,0,bajo,app,0,0
2008,92.62,18,5.9,1,48.8,0,bajo,app,0,0
2009,16.81,15,129.4,3,23.4,0,medio,app,0,0
2010,86.85,1,185.5,6,65.6,0,bajo,pos,1,1
2011,30.89,0,109.5,3,81.0,0,bajo,web,0,0
2012,51.73,2,18.2,1,1.0,0,bajo,app,0,0
2013,61.84,6,93.2,3,28.7,0,bajo,web,0,0
2014,52.92,10,0.5,1,9.1,0,bajo,app,0,0
2015,34.02,22,76.4,1,34.8,0,bajo,web,0,0
2016,87.24,2,23.1,3,53.5,0,alto,web,0,1
2017,155.56,10,4.9,0,4.0,1,bajo,pos,0,0
2018,43.01,19,130.9,1,59.0,1,bajo,app,0,0
2019,8.21,9,74.2,1,1.0,0,bajo,app,0,0
2020,245.02,17,12.7,4,18.9,0,medio,app,0,0
2021,41.49,2,131.5,1,52.4,0,alto,app,1,0
2022,224.29,19,112.7,1,19.9,1,bajo,web,0,0
2023,10.36,2,268.1,1,25.3,0,bajo,web,0,0
2024,104.91,1,224.1,1,68.0,0,bajo,app,0,0
2025,49.98,6,227.6,4,19.8,0,bajo,web,0,0
2026,99.79,23,37.2,1,17.4,0,bajo,web,0,0
2027,205.77,23,51.0,1,56.6,0,bajo,pos,0,0
2028,38.45,18,,5,29.6,0,bajo,app,0,0
2029,34.79,23,3.1,1,37.9,0,bajo,app,0,0
2030,65.16,19,118.6,1,41.7,0,bajo,web,0,0
2031,60.4,4,48.3,1,20.5,0,bajo,web,0,0
2032,28.57,19,180.4,0,27.0,1,bajo,web,0,0
2033,24.02,5,35.1,0,26.6,0,medio,web,0,0
2034,128.92,16,520.4,3,40.8,1,bajo,web,1,0
2035,123.2,3,49.0,4,42.9,0,medio,web,2,1
2036,33.56,8,53.3,0,66.3,0,bajo,web,0,0
2037,52.75,16,12.2,1,32.4,0,bajo,web,1,0
2038,349.93,8,80.5,1,16.2,0,bajo,pos,1,0
2039,74.26,1,40.6,2,42.5,1,bajo,pos,0,0
2040,145.7,17,135.3,4,36.5,0,bajo,app,0,0
2041,186.86,22,12.3,1,36.6,0,bajo,web,0,0
2042,51.21,12,89.6,0,44.2,0,medio,web,0,0
2043,55.6,5,125.7,2,17.6,0,bajo,web,1,0
2044,186.77,16,41.3,1,24.0,1,bajo,web,1,0
2045,92.48,7,41.2,4,69.3,0,bajo,app,0,0
2046,203.35,13,46.8,1,47.9,1,bajo,app,1,0
2047,80.98,22,80.3,1,14.3,0,medio,pos,0,0
2048,7.2,11,84.7,0,28.9,0,bajo,web,0,0
2049,18.54,16,83.0,2,38.3,0,alto,app,0,0
2050,70.15,22,102.9,0,57.7,1,alto,pos,0,0
2051,222.29,4,134.6,2,9.9,1,bajo,app,0,1
2052,39.23,14,30.5,2,51.3,0,bajo,app,0,0
2053,17.79,21,61.9,0,48.8,1,bajo,app,0,0
2054,162.14,6,348.4,0,66.0,0,bajo,pos,0,0
2055,42.17,9,12.0,0,39.4,0,bajo,app,1,0
2056,68.23,11,31.1,1,34.2,0,bajo,app,0,0
2057,23.64,8,150.6,0,33.0,0,bajo,web,0,0
2058,23.29,1,2.9,1,25.8,1,bajo,web,0,0
2059,30.62,2,65.2,2,56.5,0,medio,app,0,0
2060,82.97,14,18.7,1,42.6,0,medio,app,0,0
2061,43.79,18,65.3,0,34.6,0,medio,web,0,0
2062,117.47,22,433.9,1,54.4,0,bajo,app,1,0
2063,133.86,16,28.8,1,42.1,0,bajo,web,0,0
2064,80.76,8,371.8,4,52.6,0,bajo,pos,0,0
2065,97.86,23,86.1,0,44.0,0,bajo,app,1,0
2066,58.57,9,337.1,1,82.1,0,bajo,web,0,0
2067,278.73,12,236.9,2,40.8,0,medio,web,0,0
2068,58.05,12,101.5,1,57.6,0,medio,app,0,0
2069,190.63,19,32.5,1,64.6,0,bajo,web,0,0
2070,206.59,0,116.1,1,26.1,0,bajo,app,0,0
2071,25.42,1,98.0,1,27.3,1,medio,pos,0,1
2072,104.17,20,95.9,0,41.8,0,bajo,app,0,0
2073,133.05,21,25.2,2,67.0,0,bajo,app,1,0
2074,23.92,21,24.7,3,92.8,0,bajo,web,2,0
2075,191.26,11,160.2,2,73.0,0,bajo,pos,0,0
2076,20.47,10,180.9,4,59.9,0,bajo,app,1,0
2077,144.87,9,12.4,2,25.8,0,medio,app,0,0
2078,14.45,12,31.4,2,1.3,0,bajo,app,0,0
2079,214.2,23,128.9,1,5.8,0,bajo,app,1,0
2080,41.38,8,20.3,2,27.2,0,medio,app,1,1
2081,184.75,20,81.5,0,1.0,0,alto,web,0,1
2082,95.24,5,75.9,1,33.9,1,medio,web,0,0
2083,8.03,13,165.0,0,12.6,0,bajo,app,0,0
2084,39.65,0,49.7,1,30.3,0,medio,web,0,0
2085,146.85,14,62.5,1,36.4,0,bajo,pos,1,0
2086,56.51,15,35.7,2,18.9,0,bajo,telefono,0,0
2087,79.01,17,174.6,0,24.9,1,bajo,app,2,0
2088,16.09,22,92.9,1,59.5,0,bajo,pos,1,0
2089,137.44,11,16.9,1,53.8,0,bajo,app,1,0
2090,153.06,5,36.7,1,45.2,0,medio,app,2,0
2091,9.58,11,4.8,1,12.7,0,bajo,app,1,0
2092,26.21,12,6.5,2,23.1,1,medio,app,0,0
2093,120.57,14,50.2,0,52.1,0,medio,web,2,0
2094,128.55,22,220.0,1,21.6,1,bajo,app,1,0
2095,18.23,15,12.8,3,43.3,0,bajo,web,0,0
2096,31.45,11,34.3,0,44.6,0,bajo,app,1,0
2097,205.27,23,62.6,0,22.7,0,alto,app,1,0
2098,71.64,15,123.3,2,37.6,0,bajo,app,1,0
2099,161.29,6,194.9,0,29.7,0,medio,web,0,0
2100,6.01,13,25.6,0,38.6,0,bajo,web,1,0
2101,43.62,15,713.5,2,31.6,1,medio,app,0,0
2102,632.49,19,84.1,1,55.4,0,medio,app,0,0
2103,13.47,14,12.2,2,50.2,1,bajo,app,0,0
2104,56.15,18,330.8,1,60.6,0,bajo,pos,0,0
2105,77.54,5,19.2,1,7.1,0,bajo,app,0,0
2106,76.61,1,211.8,3,43.0,0,alto,web,2,1
2107,16.57,9,16.7,1,35.4,0,medio,app,0,0
2108,67.96,9,8.1,1,19.3,0,bajo,app,0,0
2109,40.32,16,,1,54.4,0,bajo,app,0,0
2110,216.02,21,137.9,2,19.9,1,alto,web,0,1
2111,12.47,4,13.7,1,25.9,0,bajo,pos,1,0
2112,41.06,5,76.0,2,19.8,0,bajo,app,0,0
2113,12.14,5,4.7,0,30.9,1,bajo,web,0,0
2114,229.87,12,162.2,0,15.8,0,bajo,web,0,0
2115,82.17,2,449.5,1,45.7,0,bajo,web,0,0
2116,44.57,6,52.2,1,18.5,1,bajo,app,0,0
2117,50.13,21,224.3,1,30.6,0,bajo,web,1,0
2118,134.4,1,9.3,1,35.8,0,medio,web,0,0
2119,30.88,1,95.8,1,47.0,0,medio,app,0,0
2120,21.85,14,66.6,0,23.8,0,bajo,app,0,0
2121,254.82,4,218.6,1,52.8,0,bajo,app,0,0
2122,50.87,7,66.8,2,74.0,0,alto,web,1,0
2123,61.23,0,59.8,0,35.3,0,bajo,web,0,0
2124,26.65,14,18.6,1,18.1,1,bajo,app,0,0
2125,30.3,14,55.4,1,32.5,0,bajo,web,0,0
2126,179.28,17,45.9,0,35.6,0,alto,web,0,0
2127,31.96,13,206.7,0,9.0,0,bajo,pos,1,0
2128,153.54,4,78.3,1,39.5,0,bajo,web,0,0
2129,175.76,19,153.9,3,28.3,0,bajo,web,0,0
2130,14.26,11,73.9,0,16.4,0,bajo,web,0,0
2131,88.97,12,214.1,2,61.5,0,bajo,app,0,0
2132,50.8,5,33.7,2,62.7,0,medio,web,0,0
2133,19.6,13,67.7,3,73.3,0,bajo,app,0,0
2134,111.2,4,6.5,2,16.4,0,medio,web,0,0
2135,184.67,21,91.6,1,100.9,0,bajo,pos,1,0
2136,83.62,0,208.5,1,37.1,1,bajo,app,0,1
2137,86.4,15,791.9,2,37.1,0,medio,web,2,0
2138,28.15,19,40.0,0,22.0,0,bajo,web,0,0
2139,43.85,13,272.2,1,1.0,0,bajo,app,0,0
2140,117.07,9,10.0,3,13.6,0,bajo,app,0,0
2141,135.4,20,5.1,0,61.6,1,bajo,app,0,0
2142,185.33,0,276.9,1,25.0,0,medio,pos,0,0
2143,106.77,9,167.5,1,17.6,0,bajo,app,1,0
2144,519.74,3,66.5,0,32.3,0,bajo,web,0,0
2145,25.98,3,44.4,1,21.2,0,medio,app,0,0
2146,36.32,2,280.8,1,60.7,0,bajo,telefono,0,0
2147,120.13,23,42.9,0,22.1,0,medio,web,0,0
2148,120.48,13,37.0,2,41.5,0,bajo,app,0,0
2149,38.22,3,58.2,1,61.1,0,bajo,app,1,0
2150,157.94,16,62.1,1,46.9,0,bajo,pos,0,0
2151,137.09,22,64.1,0,3.3,0,bajo,web,1,0
2152,18.12,1,121.4,2,19.9,0,bajo,app,0,0
2153,46.19,11,38.9,2,33.1,0,medio,app,0,0
2154,30.92,4,63.9,0,44.6,0,bajo,app,0,0
2155,30.76,7,44.2,3,56.2,0,bajo,app,0,0
2156,38.55,2,163.8,1,40.0,0,medio,app,0,0
2157,379.25,7,28.6,1,46.0,0,bajo,web,0,0
2158,247.96,2,145.3,2,30.1,0,bajo,telefono,0,0
2159,43.28,0,124.8,2,17.7,0,medio,pos,0,0
2160,53.23,0,99.4,1,30.1,0,bajo,web,1,0
2161,43.71,20,444.1,3,51.1,0,bajo,app,0,0
2162,3.0,23,10.7,0,20.9,0,bajo,app,0,0
2163,136.15,17,432.6,1,51.0,1,bajo,web,1,0
2164,31.68,7,2.1,2,29.2,0,bajo,pos,0,0
2165,184.65,13,20.7,1,44.3,0,medio,web,0,0
2166,443.56,18,245.7,1,57.6,0,bajo,app,0,0
2167,216.98,15,110.7,2,82.8,0,bajo,app,0,0
2168,72.23,13,96.9,1,61.2,0,bajo,web,0,0
2169,156.32,16,13.6,1,47.8,1,bajo,app,2,0
2170,20.95,2,1.7,3,60.9,0,bajo,app,0,0
2171,39.5,7,304.2,0,43.0,0,bajo,pos,0,0
2172,131.17,7,116.3,1,33.6,0,bajo,app,1,0
2173,68.12,20,55.7,0,51.7,0,bajo,app,0,0
2174,,18,282.9,0,32.6,0,bajo,app,0,0
2175,95.82,7,18.2,1,36.1,1,bajo,app,1,0
2176,249.95,22,59.8,2,26.0,0,bajo,telefono,1,0
2177,63.44,13,11.5,1,21.7,0,bajo,web,0,0
2178,94.1,5,222.8,3,64.2,0,medio,app,0,0
2179,42.54,6,13.4,2,47.0,0,medio,telefono,1,0
2180,46.78,12,176.9,0,37.1,0,bajo,telefono,1,0
2181,194.8,21,48.8,3,4.0,0,medio,web,0,0
2182,133.46,5,126.7,2,65.2,0,medio,web,0,0
2183,60.52,23,86.8,1,31.8,0,bajo,web,0,0
2184,29.83,13,81.6,1,35.5,0,medio,web,0,0
2185,36.02,6,114.1,2,18.8,0,medio,web,0,0
2186,90.07,6,126.9,1,20.6,0,medio,app,0,0
2187,156.03,1,21.8,0,31.4,0,alto,pos,0,0
2188,16.08,17,238.0,1,77.0,0,medio,pos,0,0
2189,27.85,8,308.3,2,19.9,0,bajo,web,1,0
2190,61.08,20,51.6,2,1.0,0,medio,app,0,0
2191,28.9,22,80.3,0,32.0,0,bajo,web,2,0
2192,26.48,21,179.1,1,17.1,1,bajo,app,0,0
2193,29.07,17,41.6,0,31.4,1,bajo,app,0,0
2194,30.57,17,138.2,0,26.4,0,bajo,pos,0,0
2195,107.72,19,7.3,0,14.9,1,bajo,app,0,0
2196,197.59,3,2.0,0,11.1,1,medio,web,0,1
2197,5.17,18,38.0,0,45.1,0,medio,app,2,0
2198,57.1,1,37.3,3,15.5,0,medio,web,1,0
2199,9.76,1,172.4,1,10.6,0,medio,web,0,0
2200,316.81,13,784.2,1,1.0,0,bajo,web,0,1
