id_estudiante,edad,asistencia_pct,horas_estudio_semana,tareas_entregadas_pct,promedio_previo,atrasos_mes,participa_clase,uso_plataforma_horas,jornada,area_carrera,target_riesgo_academico
1,31,94.2,6.0,44.2,5.1,1,0,4.7,vespertina,ingenieria,0
2,20,76.5,7.3,73.3,4.78,1,1,3.1,diurna,educacion,0
3,20,80.5,5.2,76.4,5.81,2,0,8.6,diurna,educacion,0
4,26,89.1,8.6,77.4,5.54,1,1,4.5,diurna,ingenieria,0
5,27,75.2,4.4,74.7,4.42,4,0,9.3,diurna,educacion,1
6,24,84.8,5.1,93.9,6.46,3,0,8.6,diurna,ingenieria,0
7,26,93.4,1.5,92.8,4.71,2,0,7.9,diurna,ingenieria,0
8,29,55.8,4.1,66.1,5.25,2,1,3.6,diurna,administracion,1
9,27,66.7,4.1,83.4,5.25,0,1,5.8,online,ingenieria,0
10,43,80.3,3.9,100.0,4.97,2,0,3.3,diurna,salud,0
11,23,64.8,12.9,82.3,4.53,0,1,4.2,online,salud,0
12,32,72.0,4.7,98.9,3.39,3,1,5.0,vespertina,educacion,1
13,21,100.0,1.0,44.3,5.56,3,1,3.2,diurna,educacion,0
14,27,74.0,6.3,56.2,4.9,2,0,6.4,vespertina,administracion,1
15,38,48.4,3.1,75.7,4.7,2,0,3.7,diurna,ingenieria,1
16,32,83.9,8.3,100.0,5.97,3,1,5.5,diurna,administracion,0
17,23,54.6,5.7,82.2,6.72,2,0,0.0,diurna,educacion,0
18,42,79.7,7.5,71.9,5.42,3,0,7.2,diurna,administracion,0
19,31,55.3,2.2,43.8,6.15,0,0,3.0,vespertina,administracion,1
20,27,77.3,5.0,59.4,7.0,1,0,2.2,online,administracion,0
21,24,91.9,5.1,74.7,4.3,1,1,7.5,diurna,ingenieria,0
22,39,75.9,11.2,77.5,3.85,3,0,0.9,diurna,ingenieria,0
23,25,85.1,12.1,68.3,4.09,1,0,5.4,vespertina,educacion,0
24,22,50.4,4.1,58.1,4.96,0,0,8.3,diurna,administracion,1
25,25,77.8,14.8,69.3,5.03,0,0,8.7,vespertina,administracion,0
26,42,82.5,1.5,58.4,5.29,1,1,5.5,diurna,ingenieria,0
27,21,68.4,12.4,69.2,5.53,4,0,3.3,online,ingenieria,0
28,24,70.3,9.1,65.2,4.55,2,1,8.3,online,educacion,0
29,31,81.8,4.0,59.1,5.43,2,1,0.5,online,salud,1
30,24,71.0,6.1,58.3,4.47,3,0,6.3,diurna,ingenieria,1
31,32,70.3,3.0,100.0,5.41,3,0,4.3,diurna,ingenieria,0
32,23,67.4,2.4,100.0,5.92,5,1,10.5,diurna,ingenieria,0
33,38,78.6,3.5,63.6,4.17,1,1,0.0,diurna,educacion,0
34,38,100.0,2.6,61.4,3.81,2,1,0.0,online,ingenieria,1
35,20,80.3,9.2,68.7,6.08,1,0,8.9,diurna,ingenieria,0
36,20,100.0,6.8,66.5,4.62,0,0,6.2,vespertina,salud,0
37,23,60.2,4.9,97.4,7.0,2,0,1.6,diurna,salud,0
38,27,86.3,10.7,56.4,5.19,2,0,4.0,diurna,salud,0
39,27,73.3,5.1,68.6,6.8,3,0,6.3,diurna,salud,0
40,36,77.8,7.8,86.8,3.07,3,0,6.4,diurna,ingenieria,0
41,30,100.0,19.5,91.1,4.73,4,0,2.1,diurna,administracion,0
42,40,56.9,10.4,79.9,4.33,1,0,5.4,vespertina,administracion,1
43,42,68.3,8.3,44.0,4.25,0,0,5.1,diurna,ingenieria,1
44,34,100.0,6.1,36.8,6.05,0,1,7.1,vespertina,administracion,0
45,44,71.3,4.9,76.6,5.64,5,0,6.5,diurna,educacion,0
46,25,77.5,3.6,43.8,6.44,2,0,2.6,vespertina,administracion,1
47,22,67.9,5.3,59.2,3.82,3,1,9.1,diurna,salud,1
48,19,79.0,3.7,100.0,5.48,1,0,7.1,diurna,educacion,0
49,37,79.0,14.0,59.2,5.28,0,1,5.9,diurna,ingenieria,0
50,28,68.5,4.2,79.4,4.19,2,0,3.4,diurna,ingenieria,0
51,40,100.0,2.7,87.9,4.56,0,0,6.1,diurna,salud,0
52,27,57.1,8.5,90.4,4.81,5,1,8.1,diurna,administracion,1
53,38,88.0,8.4,55.8,4.53,1,1,3.2,vespertina,educacion,0
54,21,100.0,20.0,58.6,5.69,0,1,7.8,diurna,ingenieria,0
55,31,77.3,8.0,86.3,4.76,0,1,3.5,online,salud,0
56,31,100.0,4.4,55.9,4.55,2,1,4.2,online,ingenieria,0
57,36,52.2,4.3,85.5,5.94,2,1,0.0,vespertina,educacion,0
58,20,78.8,6.1,67.0,4.53,2,0,4.8,vespertina,ingenieria,0
59,33,67.8,3.1,96.6,6.04,0,1,7.1,diurna,administracion,0
60,25,57.7,4.2,100.0,,2,0,0.0,vespertina,ingenieria,1
61,35,80.7,3.4,97.0,,3,1,5.8,online,administracion,0
62,20,65.2,9.2,80.4,5.39,2,0,9.0,diurna,salud,0
63,22,54.7,4.8,73.5,3.99,1,0,7.0,diurna,ingenieria,0
64,32,100.0,4.0,64.3,4.15,2,1,11.2,diurna,salud,0
65,29,84.4,9.7,85.4,5.9,2,0,10.8,diurna,ingenieria,0
66,42,83.7,9.3,78.0,5.53,0,1,8.9,vespertina,educacion,0
67,29,61.5,2.3,44.0,6.18,2,1,2.5,diurna,salud,1
68,32,78.3,9.4,64.3,5.2,1,0,1.2,diurna,educacion,0
69,44,96.3,2.3,68.8,4.63,3,1,7.7,vespertina,educacion,0
70,33,89.9,3.0,32.9,5.56,2,1,2.5,diurna,ingenieria,0
71,31,65.6,19.2,84.7,4.08,3,0,0.0,vespertina,administracion,0
72,30,82.6,11.0,33.5,7.0,2,0,0.0,diurna,administracion,0
73,24,52.8,4.1,70.6,4.15,1,1,9.3,diurna,administracion,1
74,22,100.0,8.2,58.4,6.43,0,1,0.0,diurna,educacion,0
75,18,79.7,10.2,65.3,4.19,2,0,2.6,vespertina,educacion,1
76,41,100.0,9.1,51.2,5.94,1,0,7.1,online,salud,0
77,32,71.1,3.0,70.2,3.59,2,0,8.1,diurna,salud,1
78,43,90.5,1.2,70.2,5.12,5,1,6.1,diurna,administracion,0
79,39,95.5,4.3,87.7,4.83,0,0,6.5,diurna,administracion,0
80,27,78.3,6.2,72.2,5.7,0,1,6.0,vespertina,salud,0
81,28,68.8,4.1,98.6,6.37,0,1,14.9,diurna,salud,0
82,26,79.1,7.2,98.9,5.75,2,0,7.0,diurna,administracion,0
83,21,82.7,11.3,96.3,5.27,1,0,8.7,vespertina,salud,0
84,35,70.4,6.6,88.8,4.14,1,0,6.3,diurna,ingenieria,0
85,34,58.6,4.7,71.8,6.03,1,1,4.7,vespertina,administracion,0
86,31,73.3,3.9,71.9,3.54,2,1,3.2,diurna,ingenieria,1
87,24,62.2,5.7,94.2,4.39,1,0,2.8,online,ingenieria,0
88,39,98.4,15.8,84.4,5.35,0,1,3.1,vespertina,educacion,0
89,34,67.1,3.1,95.1,4.82,3,0,3.5,diurna,administracion,1
90,38,78.3,11.6,71.7,4.7,2,1,3.4,diurna,educacion,0
91,22,64.1,5.0,76.1,4.59,1,1,4.6,vespertina,salud,0
92,31,83.2,7.2,64.6,6.4,0,0,7.5,diurna,educacion,0
93,20,86.2,3.0,46.3,3.38,2,1,3.9,diurna,ingenieria,1
94,25,79.9,3.2,63.2,5.72,1,0,5.0,vespertina,salud,1
95,22,71.5,1.7,57.3,4.47,2,1,13.6,diurna,salud,0
96,21,83.3,5.3,77.7,4.75,2,1,5.2,vespertina,administracion,0
97,32,81.0,7.4,98.8,4.18,1,0,8.0,vespertina,ingenieria,0
98,25,83.9,7.6,79.0,3.65,2,1,6.8,diurna,ingenieria,0
99,30,72.2,,43.3,4.43,2,1,7.0,vespertina,salud,0
100,23,67.7,8.6,96.3,5.23,2,1,6.4,vespertina,ingenieria,0
101,36,66.4,12.5,52.9,4.57,3,1,0.0,vespertina,educacion,0
102,19,68.1,4.8,68.0,4.39,0,0,7.9,vespertina,salud,0
103,19,72.5,10.1,87.7,5.88,1,1,4.8,vespertina,administracion,0
104,30,71.6,4.3,100.0,4.13,3,1,8.7,vespertina,salud,0
105,18,94.3,0.7,62.4,5.01,4,1,5.1,online,administracion,1
106,40,91.1,4.2,68.1,4.44,1,1,2.1,online,salud,0
107,26,71.6,8.0,94.4,4.87,2,0,4.8,diurna,salud,0
108,37,45.9,10.2,81.6,5.24,0,0,0.0,online,administracion,1
109,31,83.5,9.4,96.7,4.87,1,0,0.0,diurna,ingenieria,0
110,38,75.9,13.9,50.3,5.59,2,0,0.0,diurna,administracion,0
111,41,95.5,6.4,100.0,4.16,0,0,4.5,diurna,ingenieria,0
112,28,65.8,1.0,84.7,5.98,4,0,2.6,vespertina,salud,1
113,27,,2.2,65.7,4.63,9,1,8.5,vespertina,educacion,1
114,22,69.4,2.9,67.9,4.55,4,1,3.4,diurna,ingenieria,1
115,23,97.7,4.5,88.3,5.25,1,1,6.5,diurna,educacion,0
116,20,57.9,,28.4,3.78,0,1,8.8,diurna,educacion,1
117,39,71.3,9.0,75.6,3.19,5,1,3.2,diurna,administracion,1
118,30,89.1,5.8,62.4,5.84,2,1,6.2,vespertina,salud,0
119,24,94.2,5.5,81.1,4.25,3,1,5.3,vespertina,administracion,0
120,36,72.4,5.4,97.2,,1,1,0.6,diurna,educacion,0
121,21,79.7,10.1,93.3,4.26,4,1,12.7,vespertina,salud,0
122,40,74.3,12.1,79.6,4.2,1,0,10.3,diurna,educacion,0
123,21,78.1,4.8,88.8,6.86,1,1,2.5,online,administracion,0
124,37,76.0,4.4,64.8,7.0,2,1,4.9,vespertina,salud,0
125,41,84.9,11.2,64.1,4.13,0,1,10.0,vespertina,ingenieria,0
126,20,74.8,3.3,80.3,4.57,0,0,6.7,diurna,ingenieria,0
127,23,69.8,3.7,100.0,5.35,1,0,7.4,vespertina,ingenieria,0
128,39,69.0,9.0,100.0,4.51,1,0,12.1,diurna,administracion,0
129,43,100.0,14.5,62.3,4.92,2,1,6.4,online,ingenieria,0
130,35,53.7,4.0,58.5,4.51,0,1,2.8,vespertina,ingenieria,1
131,44,,5.7,99.8,5.45,2,1,8.4,diurna,ingenieria,0
132,27,82.1,10.3,60.8,5.0,0,1,7.3,diurna,administracion,0
133,34,62.9,9.2,53.5,3.36,1,1,7.0,diurna,salud,0
134,27,79.2,7.1,85.5,5.21,1,1,5.1,online,administracion,0
135,30,78.9,2.1,87.8,4.28,4,0,7.3,online,ingenieria,1
136,26,64.0,8.9,69.6,3.29,5,0,3.9,vespertina,ingenieria,1
137,40,79.4,8.3,62.5,6.38,2,0,5.0,online,educacion,0
138,19,93.8,7.4,80.1,6.57,0,0,8.4,diurna,ingenieria,0
139,37,55.6,14.9,50.0,4.75,0,0,6.0,diurna,salud,0
140,36,89.4,8.2,85.7,4.54,2,1,6.9,vespertina,administracion,0
141,43,72.4,,100.0,4.23,3,1,8.8,diurna,administracion,0
142,21,79.1,8.9,80.7,4.09,1,1,7.0,vespertina,salud,0
143,40,75.9,15.6,78.3,6.41,2,1,1.0,diurna,ingenieria,0
144,28,49.8,8.6,78.9,4.44,3,1,2.6,diurna,salud,0
145,37,67.6,6.1,75.0,5.04,0,1,10.0,diurna,ingenieria,0
146,27,49.7,4.6,100.0,5.36,3,0,7.4,diurna,salud,0
147,36,67.7,12.2,47.9,4.14,1,1,2.0,online,administracion,1
148,40,84.7,13.6,74.8,4.13,1,1,5.5,diurna,administracion,0
149,39,75.5,4.2,81.3,5.25,2,0,6.4,vespertina,ingenieria,0
150,36,79.9,2.9,67.5,3.15,1,1,7.0,diurna,salud,1
151,30,60.8,18.4,100.0,5.67,4,0,8.9,vespertina,administracion,0
152,19,96.9,1.8,52.8,4.73,2,1,7.1,diurna,administracion,0
153,28,83.7,2.2,87.9,5.49,2,1,4.8,vespertina,salud,0
154,30,95.6,9.0,100.0,3.93,4,1,11.4,diurna,ingenieria,0
155,18,84.8,6.2,67.6,4.61,2,1,5.3,diurna,ingenieria,0
156,44,77.5,9.5,99.9,3.5,5,1,6.0,diurna,ingenieria,0
157,44,,4.6,83.4,5.96,2,1,3.9,vespertina,administracion,0
158,26,72.0,13.4,75.5,5.31,3,1,7.1,diurna,educacion,0
159,34,81.2,12.3,87.7,5.0,0,0,10.2,diurna,salud,0
160,28,65.1,5.8,100.0,5.44,3,0,6.1,diurna,educacion,0
161,22,95.8,11.7,93.4,5.13,3,1,6.8,diurna,ingenieria,0
162,25,73.4,4.0,61.8,4.39,1,1,6.0,diurna,educacion,0
163,38,78.6,5.7,61.3,4.84,3,1,8.0,diurna,educacion,0
164,44,85.1,20.8,90.2,4.03,1,0,1.0,diurna,administracion,0
165,29,77.8,5.7,55.9,,1,0,7.1,diurna,salud,0
166,23,88.8,8.4,96.3,4.89,4,1,10.1,diurna,ingenieria,0
167,18,100.0,2.2,84.2,6.66,2,1,7.0,vespertina,educacion,0
168,26,85.7,2.2,79.5,5.38,1,1,3.6,online,educacion,0
169,37,49.2,11.3,60.8,6.18,2,1,5.4,diurna,salud,0
170,40,77.2,5.6,44.0,3.81,2,0,3.7,vespertina,administracion,1
171,35,74.6,2.4,85.0,5.99,3,0,4.5,online,salud,0
172,29,89.5,6.0,42.3,5.17,4,0,4.3,online,ingenieria,1
173,22,80.3,6.7,63.9,3.64,1,0,10.5,diurna,educacion,0
174,19,75.6,15.0,98.0,6.33,1,0,3.6,diurna,salud,0
175,19,70.9,3.1,91.2,5.4,1,0,5.8,online,administracion,0
176,31,62.7,,73.7,6.43,2,1,8.2,vespertina,salud,0
177,31,49.3,3.7,69.3,5.09,3,1,1.6,vespertina,salud,1
178,32,100.0,10.8,60.3,4.62,1,0,7.1,diurna,ingenieria,0
179,33,100.0,6.9,98.4,6.06,1,1,5.9,diurna,educacion,0
180,30,57.1,7.7,89.2,5.99,2,1,3.0,diurna,ingenieria,0
181,40,100.0,16.5,90.0,3.22,4,1,6.6,vespertina,administracion,0
182,35,63.2,3.6,71.1,5.73,1,0,3.5,diurna,administracion,1
183,38,56.0,8.4,66.9,4.13,3,1,9.5,online,educacion,1
184,38,77.0,11.6,71.4,,1,0,1.7,diurna,ingenieria,0
185,19,59.1,5.8,88.7,6.03,2,1,3.1,online,salud,0
186,18,68.2,7.4,72.1,4.04,5,1,6.3,online,administracion,1
187,39,58.1,4.5,97.9,4.53,3,1,4.1,online,ingenieria,0
188,27,57.6,5.7,69.4,4.17,0,1,13.8,diurna,ingenieria,0
189,23,78.7,8.0,79.5,4.39,1,1,5.1,diurna,educacion,0
190,37,71.2,6.6,84.5,4.76,1,1,5.6,online,ingenieria,0
191,40,92.5,13.5,66.2,4.86,3,0,7.6,diurna,ingenieria,0
192,30,100.0,10.6,63.6,3.92,2,0,6.0,vespertina,educacion,0
193,33,60.6,3.7,81.3,5.76,1,1,4.3,diurna,ingenieria,0
194,35,62.0,3.1,71.8,5.39,1,0,3.2,diurna,salud,0
195,42,77.9,14.4,100.0,4.9,1,1,6.8,diurna,ingenieria,0
196,18,73.4,0.2,84.9,6.21,2,0,8.9,diurna,ingenieria,0
197,39,76.2,4.4,50.8,5.32,3,1,1.6,diurna,educacion,1
198,43,81.9,2.6,58.0,3.05,1,0,4.9,diurna,administracion,1
199,20,64.7,3.9,100.0,4.18,7,1,2.9,diurna,educacion,1
200,27,75.3,4.0,71.1,5.26,1,1,6.7,online,educacion,0
201,37,78.9,12.0,85.5,5.37,3,1,4.0,diurna,salud,0
202,30,74.5,13.0,33.8,5.09,4,0,5.0,diurna,salud,0
203,30,88.1,5.5,92.5,5.74,0,1,4.6,diurna,salud,0
204,23,94.1,6.3,69.7,4.01,6,1,9.0,diurna,salud,0
205,44,88.0,13.0,100.0,5.97,1,1,10.0,online,salud,0
206,31,93.9,14.5,100.0,4.32,4,1,3.4,online,ingenieria,0
207,34,66.5,6.5,82.8,4.86,0,1,2.8,diurna,educacion,0
208,24,85.3,3.8,60.7,4.29,3,0,6.2,diurna,ingenieria,0
209,44,81.8,4.3,81.1,5.36,2,0,8.8,diurna,administracion,0
210,25,66.5,1.9,100.0,7.0,1,0,3.8,online,ingenieria,0
211,21,88.7,2.8,88.9,,1,1,6.7,vespertina,salud,0
212,21,95.7,3.8,56.3,4.01,1,1,5.5,online,ingenieria,0
213,26,77.2,6.5,100.0,4.11,1,1,2.1,diurna,ingenieria,0
214,26,81.6,7.3,34.9,5.51,2,1,11.5,diurna,administracion,1
215,43,64.7,10.9,52.8,6.28,2,1,6.3,vespertina,ingenieria,0
216,38,63.4,1.2,100.0,5.48,0,0,12.6,diurna,salud,0
217,22,71.1,9.9,48.2,5.7,5,1,7.6,online,ingenieria,1
218,35,78.7,5.9,89.2,3.61,0,1,6.2,vespertina,administracion,0
219,40,98.0,15.9,98.3,3.74,2,0,0.9,diurna,ingenieria,0
220,32,83.2,1.6,58.1,6.08,3,0,5.8,diurna,administracion,0
221,42,84.1,6.9,47.3,5.61,0,1,4.1,diurna,ingenieria,0
222,27,69.8,8.6,87.4,4.56,1,1,8.9,diurna,administracion,0
223,40,82.9,8.3,66.5,6.52,1,1,5.0,online,salud,0
224,32,71.7,6.7,73.2,5.27,0,0,0.9,online,ingenieria,0
225,21,63.2,3.5,69.6,4.83,2,0,3.8,diurna,ingenieria,0
226,32,100.0,11.5,65.0,6.41,1,1,11.5,diurna,educacion,0
227,44,32.4,6.8,68.5,5.21,2,1,5.4,diurna,ingenieria,1
228,41,71.8,11.4,98.0,6.53,1,0,5.3,diurna,ingenieria,0
229,21,71.7,7.0,92.8,4.72,1,1,5.6,diurna,salud,0
230,33,60.2,1.4,64.3,5.41,2,0,5.3,vespertina,ingenieria,1
231,19,74.3,4.2,98.6,3.89,2,0,1.2,diurna,administracion,0
232,43,100.0,9.7,68.3,4.76,0,1,10.9,diurna,administracion,0
233,22,99.3,8.5,100.0,5.14,1,1,6.2,diurna,educacion,0
234,18,62.0,9.4,52.2,5.53,2,0,6.9,diurna,administracion,1
235,43,82.7,6.3,100.0,5.09,3,0,3.2,diurna,ingenieria,0
236,21,46.8,3.7,94.4,4.18,1,1,2.4,diurna,salud,1
237,43,75.9,7.9,76.7,5.14,3,1,6.4,diurna,administracion,0
238,18,56.9,12.4,46.7,5.32,2,1,2.3,vespertina,ingenieria,1
239,22,81.2,8.1,43.4,4.99,1,1,4.1,online,educacion,1
240,19,54.8,8.6,89.8,6.11,3,1,4.2,diurna,salud,0
241,27,100.0,8.1,83.9,5.42,2,1,3.3,diurna,educacion,0
242,23,82.8,4.1,66.2,,1,0,1.7,diurna,ingenieria,0
243,23,87.9,,99.8,5.03,2,1,3.6,diurna,educacion,0
244,20,64.8,2.1,79.6,4.32,5,0,3.3,diurna,educacion,1
245,30,99.6,8.3,82.3,5.67,5,1,11.7,vespertina,salud,0
246,34,58.1,6.8,99.3,4.46,0,1,6.6,diurna,salud,0
247,30,76.3,8.4,96.8,4.83,3,0,5.1,diurna,salud,0
248,26,79.3,3.1,78.8,4.6,0,0,1.0,diurna,educacion,0
249,41,60.5,8.8,37.7,3.67,2,0,2.5,diurna,ingenieria,1
250,44,67.0,2.8,95.3,4.31,5,0,8.7,vespertina,ingenieria,1
251,32,100.0,5.4,59.4,6.07,0,1,5.1,diurna,administracion,0
252,22,68.4,2.2,79.4,6.05,2,1,4.1,online,administracion,0
253,43,77.7,2.7,81.3,5.22,3,0,8.5,diurna,ingenieria,0
254,29,100.0,3.1,91.1,5.54,1,0,0.0,diurna,educacion,0
255,33,66.4,15.2,100.0,4.1,2,1,5.0,vespertina,educacion,0
256,32,53.2,7.3,58.2,5.88,3,1,8.2,diurna,ingenieria,1
257,34,76.7,7.1,85.4,6.23,1,1,3.7,diurna,ingenieria,0
258,20,69.8,8.6,92.6,6.27,3,0,5.2,vespertina,ingenieria,0
259,42,69.0,7.6,80.5,5.98,3,1,4.4,vespertina,ingenieria,0
260,34,68.7,10.7,70.1,4.61,1,1,6.0,vespertina,educacion,0
261,38,100.0,5.3,97.4,6.18,3,1,1.6,diurna,salud,0
262,18,62.3,3.3,62.7,6.37,1,0,8.3,diurna,ingenieria,0
263,31,98.2,8.9,88.6,4.42,4,0,4.7,diurna,educacion,0
264,24,75.1,6.5,32.4,6.56,1,1,7.8,vespertina,salud,0
265,34,55.8,6.2,62.4,4.47,4,1,7.6,online,salud,1
266,22,65.9,12.8,56.1,5.86,2,0,7.6,diurna,salud,0
267,28,68.0,7.6,67.2,,1,1,6.3,online,administracion,0
268,38,70.2,13.4,49.2,4.8,2,1,8.3,online,salud,0
269,24,66.9,8.5,55.1,4.74,4,1,6.2,diurna,administracion,0
270,38,53.9,8.8,59.2,5.18,1,0,7.4,diurna,educacion,1
271,33,,3.1,92.9,4.91,3,0,4.7,vespertina,administracion,0
272,34,57.3,5.8,98.8,4.71,3,0,7.6,diurna,ingenieria,0
273,42,60.9,7.8,94.7,3.81,1,1,3.8,diurna,ingenieria,0
274,33,99.9,3.3,34.8,4.39,1,1,4.3,vespertina,ingenieria,1
275,43,88.0,5.2,69.8,5.43,3,0,7.7,diurna,ingenieria,0
276,25,90.7,11.5,64.9,6.21,2,0,3.8,vespertina,salud,0
277,20,96.3,8.8,58.1,5.53,2,1,4.1,diurna,ingenieria,0
278,32,84.2,7.8,66.6,6.38,2,0,3.7,diurna,educacion,0
279,20,81.5,8.0,88.3,3.17,1,1,0.2,diurna,ingenieria,0
280,23,89.5,9.2,95.1,5.63,2,1,7.6,diurna,salud,0
281,39,90.4,6.5,46.0,5.77,2,0,6.5,vespertina,educacion,0
282,31,89.2,8.0,63.4,5.58,2,0,6.4,diurna,administracion,0
283,21,69.7,2.1,84.5,4.96,1,1,6.1,online,administracion,0
284,30,48.1,6.3,45.9,5.23,2,1,5.1,online,educacion,1
285,21,84.2,17.8,79.0,4.86,0,1,8.9,online,ingenieria,0
286,41,71.5,8.5,96.2,4.55,0,0,3.2,vespertina,ingenieria,0
287,28,83.2,5.9,64.0,3.76,1,1,6.3,diurna,salud,0
288,22,90.2,9.5,56.6,4.15,2,1,7.7,diurna,ingenieria,0
289,23,,4.5,100.0,7.0,0,0,3.8,diurna,ingenieria,0
290,37,86.0,1.2,66.8,5.2,4,0,0.7,diurna,ingenieria,1
291,25,52.0,3.7,41.0,4.26,2,0,4.9,vespertina,administracion,1
292,31,85.4,8.4,63.9,5.3,3,0,0.0,online,administracion,0
293,36,72.7,5.5,82.3,5.57,4,1,9.3,vespertina,administracion,0
294,29,75.8,3.9,100.0,6.96,3,0,0.0,online,ingenieria,0
295,18,67.1,3.9,94.4,4.85,2,1,0.0,diurna,administracion,0
296,18,63.0,7.0,65.2,5.07,1,0,7.4,diurna,salud,1
297,38,53.8,3.7,47.8,5.42,0,0,0.0,diurna,educacion,1
298,21,71.7,9.5,79.9,5.59,3,1,13.4,diurna,salud,0
299,21,79.5,14.9,33.4,4.74,3,1,2.3,diurna,educacion,0
300,18,64.5,3.4,61.7,5.46,4,1,6.6,online,salud,1
301,24,90.8,5.2,85.6,5.89,2,0,6.8,online,ingenieria,0
302,31,66.9,7.5,74.8,5.01,1,1,7.0,diurna,ingenieria,0
303,23,65.0,16.5,54.4,4.94,0,0,8.0,vespertina,salud,0
304,18,45.4,4.8,60.5,6.46,5,1,5.8,vespertina,ingenieria,1
305,22,80.1,7.8,38.8,4.8,1,1,6.7,diurna,ingenieria,0
306,18,58.0,16.2,92.3,5.71,4,0,9.6,vespertina,salud,0
307,31,35.5,7.3,87.2,5.19,2,0,6.2,diurna,salud,0
308,44,70.6,9.8,86.7,4.4,1,1,4.6,vespertina,ingenieria,0
309,37,89.6,3.1,100.0,4.78,4,0,0.0,diurna,ingenieria,0
310,43,63.1,13.8,45.2,5.66,5,0,2.8,vespertina,ingenieria,1
311,33,85.0,10.6,98.9,3.94,0,0,8.8,diurna,administracion,0
312,41,69.2,24.7,99.1,4.13,2,0,9.0,diurna,educacion,0
313,26,59.5,6.8,77.0,5.82,5,1,4.0,online,ingenieria,1
314,44,76.4,6.5,65.0,6.08,2,0,5.7,vespertina,salud,0
315,32,29.8,8.6,42.9,5.57,4,0,8.1,diurna,administracion,1
316,38,100.0,10.8,50.0,5.96,7,0,9.4,diurna,salud,0
317,30,83.8,5.0,56.6,5.81,0,1,5.6,vespertina,educacion,0
318,27,89.0,12.6,60.9,3.39,2,0,6.6,diurna,administracion,0
319,35,82.7,7.8,55.9,3.67,2,0,6.8,diurna,administracion,0
320,31,81.2,3.9,100.0,4.59,2,0,5.4,diurna,salud,0
321,42,86.9,18.0,95.6,6.14,1,1,9.0,vespertina,educacion,0
322,44,46.7,8.1,67.7,4.79,1,1,5.3,diurna,salud,0
323,39,100.0,8.0,85.7,5.71,1,1,1.1,online,ingenieria,0
324,20,97.6,12.5,92.9,5.98,1,1,5.4,online,ingenieria,0
325,36,63.8,5.6,75.2,4.79,0,0,5.9,online,administracion,1
326,43,88.5,8.4,86.7,4.84,0,1,3.7,vespertina,ingenieria,0
327,19,73.3,3.6,80.7,4.74,2,0,4.2,online,administracion,1
328,27,94.0,13.8,54.7,5.14,1,1,3.6,online,administracion,0
329,42,73.0,8.3,83.6,5.97,0,1,8.3,online,educacion,0
330,44,89.5,12.4,54.9,5.95,2,0,2.7,diurna,educacion,0
331,22,78.6,10.4,68.0,4.64,2,0,6.2,online,ingenieria,0
332,33,66.2,3.2,76.3,4.08,1,1,7.7,vespertina,administracion,0
333,31,72.5,2.8,73.2,4.35,4,1,0.5,diurna,salud,1
334,22,64.6,8.3,68.6,7.0,0,0,3.7,online,ingenieria,0
335,23,49.7,11.1,61.0,5.69,2,1,0.0,diurna,educacion,0
336,24,78.5,12.2,76.4,4.11,0,0,8.4,vespertina,ingenieria,0
337,30,85.9,7.7,96.4,4.32,2,0,3.7,diurna,ingenieria,0
338,23,100.0,7.3,77.8,5.33,2,1,4.4,diurna,ingenieria,0
339,42,37.9,12.8,72.6,4.91,0,1,8.6,diurna,salud,0
340,21,64.9,4.5,91.4,4.46,3,1,12.8,diurna,ingenieria,0
341,39,67.6,9.6,73.8,3.96,4,1,7.6,online,salud,0
342,28,53.3,7.6,45.1,4.74,3,1,5.8,diurna,administracion,1
343,36,61.2,4.8,71.7,6.39,2,1,8.8,diurna,ingenieria,0
344,33,99.6,3.4,73.2,,1,1,3.0,online,ingenieria,0
345,26,,2.7,48.0,5.37,3,1,4.2,vespertina,ingenieria,1
346,39,,8.7,64.4,2.56,2,1,9.3,diurna,ingenieria,1
347,30,100.0,4.5,95.8,3.58,1,0,6.4,online,salud,0
348,29,74.8,10.0,74.4,6.18,2,1,5.2,diurna,ingenieria,0
349,32,67.8,8.9,76.4,5.5,7,0,9.2,online,administracion,1
350,40,80.2,2.2,41.2,4.54,2,0,8.0,vespertina,ingenieria,1
351,34,92.1,7.2,66.8,5.98,2,1,7.5,diurna,educacion,0
352,22,96.2,5.4,78.2,4.63,1,1,6.7,vespertina,ingenieria,0
353,33,59.3,1.8,88.3,2.81,1,0,12.5,diurna,ingenieria,1
354,18,63.6,6.5,66.3,4.29,3,0,5.9,online,ingenieria,1
355,25,77.5,12.9,68.7,4.48,4,0,11.8,diurna,administracion,0
356,23,76.8,8.4,77.8,4.27,4,1,1.4,diurna,ingenieria,0
357,31,99.5,3.3,84.3,5.06,1,0,5.8,diurna,educacion,0
358,27,100.0,19.6,66.2,4.14,1,1,6.0,vespertina,educacion,0
359,29,70.5,6.4,71.3,4.91,1,1,7.8,vespertina,administracion,1
360,39,90.5,8.0,69.4,4.89,4,0,3.2,vespertina,ingenieria,1
361,44,77.5,,65.9,4.59,1,0,6.5,online,salud,0
362,24,100.0,13.3,95.1,5.32,3,1,5.2,vespertina,educacion,0
363,25,100.0,3.3,84.0,6.1,5,0,7.6,vespertina,salud,0
364,19,87.4,3.9,56.2,5.14,3,1,1.7,diurna,ingenieria,1
365,18,83.8,9.5,61.8,4.12,2,1,4.8,online,administracion,0
366,26,75.8,11.5,64.1,6.11,1,0,11.2,diurna,administracion,0
367,35,73.9,5.7,86.4,5.24,0,0,5.3,online,educacion,0
368,18,91.6,6.8,69.0,,0,1,3.2,diurna,ingenieria,0
369,18,49.8,3.4,61.1,5.03,5,1,7.4,diurna,salud,1
370,23,72.9,6.7,62.7,5.02,2,0,8.0,diurna,administracion,0
371,33,77.2,7.1,96.0,6.64,2,0,5.3,vespertina,educacion,0
372,20,71.4,10.2,77.1,3.64,1,1,2.6,diurna,administracion,0
373,42,100.0,8.9,71.8,5.39,4,1,3.1,vespertina,ingenieria,0
374,42,74.9,4.3,71.4,5.74,2,1,0.0,vespertina,ingenieria,0
375,32,84.7,3.4,55.0,5.07,5,0,4.4,vespertina,administracion,1
376,26,93.5,2.6,64.4,5.1,4,1,5.7,diurna,ingenieria,0
377,31,84.8,2.2,75.5,5.85,8,1,5.6,vespertina,ingenieria,1
378,23,78.8,4.0,76.7,5.13,3,0,5.6,diurna,salud,1
379,39,67.7,10.7,74.8,4.77,0,1,5.9,vespertina,ingenieria,0
380,43,70.6,5.4,86.6,4.07,3,0,5.8,diurna,salud,1
381,39,73.7,5.6,49.6,3.86,2,1,2.0,online,administracion,1
382,34,100.0,3.8,75.5,4.81,4,1,6.0,diurna,salud,0
383,29,66.7,10.3,80.5,4.45,2,1,1.6,vespertina,administracion,0
384,41,99.1,8.7,64.6,5.34,1,0,5.4,diurna,ingenieria,0
385,25,100.0,6.1,64.8,5.92,1,1,7.1,diurna,salud,0
386,34,72.2,8.3,69.7,5.12,3,1,5.4,diurna,educacion,0
387,24,81.8,10.9,54.4,2.88,1,1,0.6,diurna,administracion,0
388,20,61.7,4.0,90.1,5.39,0,1,6.4,diurna,administracion,0
389,35,71.9,4.5,85.8,3.69,3,0,7.2,online,educacion,1
390,21,69.6,9.3,78.2,5.4,0,0,0.6,online,administracion,0
391,24,100.0,6.7,47.5,4.85,0,0,3.9,vespertina,salud,0
392,29,92.7,9.3,93.8,4.93,4,1,0.5,diurna,ingenieria,0
393,40,79.4,13.8,53.3,2.92,3,1,5.8,vespertina,administracion,1
394,19,86.2,,69.7,5.47,2,1,2.1,online,administracion,0
395,28,93.6,10.8,100.0,5.79,5,0,3.2,diurna,administracion,0
396,44,77.6,6.3,81.4,5.94,2,1,5.6,diurna,educacion,0
397,33,82.4,3.2,83.6,7.0,3,1,7.3,diurna,salud,0
398,19,61.9,7.1,77.7,5.46,3,0,9.8,vespertina,ingenieria,0
399,23,98.8,3.5,75.9,4.63,1,0,4.2,diurna,administracion,0
400,24,68.1,3.3,71.4,5.69,3,1,6.5,online,ingenieria,0
401,25,78.0,21.0,99.1,4.03,2,0,5.0,diurna,ingenieria,0
402,31,93.9,4.5,67.2,6.18,0,1,13.5,online,salud,0
403,36,74.1,2.9,78.8,3.85,1,0,5.2,online,educacion,1
404,23,53.9,3.2,43.5,5.55,3,0,1.7,diurna,administracion,1
405,39,97.9,5.8,58.5,5.23,1,0,12.1,diurna,ingenieria,0
406,28,88.8,5.2,62.5,5.83,3,0,5.3,diurna,ingenieria,0
407,38,84.4,6.1,84.0,4.48,4,1,2.3,vespertina,ingenieria,0
408,32,71.9,3.4,85.8,5.2,3,1,3.1,diurna,educacion,0
409,29,100.0,4.8,97.7,6.37,2,1,4.8,diurna,educacion,0
410,19,57.4,12.5,68.9,,1,1,4.5,vespertina,salud,0
411,20,93.8,5.2,87.3,5.84,3,1,6.2,diurna,ingenieria,0
412,32,84.9,13.0,66.2,4.08,3,1,3.4,vespertina,educacion,0
413,28,89.8,5.5,53.5,5.34,0,1,7.3,vespertina,educacion,0
414,39,100.0,7.7,63.4,3.92,4,0,4.3,vespertina,ingenieria,0
415,42,,6.5,99.1,4.6,1,1,2.6,diurna,administracion,0
416,32,76.6,5.0,98.1,4.67,0,1,3.3,diurna,administracion,0
417,20,67.7,8.8,94.1,3.58,0,1,7.5,diurna,administracion,0
418,20,93.4,3.2,36.8,4.16,2,0,4.9,online,educacion,1
419,33,,6.8,100.0,5.95,0,0,6.7,online,ingenieria,0
420,34,100.0,5.5,79.6,7.0,3,1,9.0,diurna,educacion,0
421,34,74.2,3.5,81.7,5.09,6,1,2.4,vespertina,administracion,1
422,36,78.6,6.5,67.1,4.68,2,0,4.3,diurna,educacion,1
423,37,46.2,12.8,100.0,4.26,5,1,3.9,online,ingenieria,1
424,35,60.5,10.4,40.7,5.39,2,0,4.4,diurna,salud,1
425,28,100.0,2.8,55.6,5.49,4,1,4.7,diurna,salud,0
426,39,86.8,3.2,55.6,5.35,2,1,6.9,diurna,educacion,0
427,35,47.4,1.3,75.2,5.19,2,0,2.0,online,salud,1
428,40,78.5,10.2,62.2,6.86,1,1,3.1,online,ingenieria,0
429,20,97.0,3.2,61.9,4.1,1,1,7.1,vespertina,salud,0
430,29,71.2,9.1,85.7,5.61,1,0,9.6,diurna,educacion,0
431,23,87.4,6.6,58.1,4.34,1,1,0.0,vespertina,salud,0
432,22,88.8,19.9,80.9,6.53,3,0,3.6,vespertina,salud,0
433,33,80.6,6.8,58.6,5.47,3,1,7.4,diurna,salud,0
434,37,52.5,8.4,98.0,4.61,4,1,5.5,diurna,salud,0
435,40,91.4,5.4,84.2,5.61,0,1,7.9,diurna,salud,0
436,40,75.9,1.8,31.9,5.04,3,1,9.3,diurna,salud,1
437,20,61.9,0.9,50.9,4.39,4,0,5.6,diurna,educacion,1
438,27,71.0,12.6,55.0,5.17,1,1,8.3,diurna,ingenieria,1
439,44,91.7,2.7,53.4,5.3,1,1,0.6,vespertina,ingenieria,0
440,19,79.4,7.1,72.3,3.86,4,0,5.1,diurna,educacion,1
441,25,94.1,4.7,69.8,4.07,1,0,3.6,diurna,educacion,0
442,23,72.8,2.6,65.8,5.83,4,0,10.9,vespertina,educacion,0
443,23,66.2,5.5,77.1,4.68,3,1,7.6,online,ingenieria,1
444,27,57.7,5.4,33.7,5.65,0,1,8.8,vespertina,administracion,0
445,26,67.8,2.9,93.0,5.09,1,1,1.8,diurna,ingenieria,0
446,23,81.8,1.8,71.1,5.32,0,1,3.6,online,salud,0
447,43,70.6,8.2,91.8,5.84,1,0,8.3,online,educacion,0
448,41,84.5,8.3,53.3,4.65,3,1,8.1,online,administracion,1
449,26,70.9,12.6,52.7,3.73,1,1,6.0,diurna,salud,0
450,32,100.0,1.7,56.0,4.71,3,0,8.5,diurna,ingenieria,0
451,24,94.5,2.7,73.9,3.78,4,1,6.6,diurna,administracion,0
452,34,79.6,4.1,66.9,4.79,1,1,11.6,diurna,ingenieria,0
453,39,71.8,7.1,66.0,4.53,2,1,4.6,vespertina,ingenieria,0
454,25,97.7,5.0,79.9,4.62,3,1,9.7,diurna,salud,0
455,19,85.4,5.4,84.3,4.62,0,0,9.9,vespertina,educacion,0
456,33,76.5,9.4,55.1,5.66,2,1,5.7,diurna,salud,0
457,35,75.7,7.7,89.7,6.87,1,0,8.9,vespertina,ingenieria,0
458,22,94.0,3.1,90.8,5.41,0,0,6.1,vespertina,ingenieria,0
459,27,80.3,2.6,71.8,5.23,1,0,5.5,vespertina,ingenieria,0
460,43,76.4,11.7,92.3,5.47,2,1,4.1,diurna,administracion,0
461,24,89.4,16.7,73.3,4.53,2,1,5.9,vespertina,administracion,0
462,25,91.6,7.3,73.6,5.34,2,0,3.5,diurna,ingenieria,0
463,26,61.4,13.5,60.6,6.64,1,1,7.4,vespertina,salud,0
464,33,77.5,9.5,82.3,6.36,1,0,3.7,diurna,administracion,0
465,33,68.0,11.3,67.8,5.15,1,1,5.6,diurna,administracion,0
466,38,100.0,4.4,86.1,4.59,1,1,10.5,diurna,administracion,0
467,24,60.1,7.5,72.3,3.61,1,0,6.2,online,administracion,1
468,27,57.8,2.8,40.3,4.84,3,0,8.3,vespertina,salud,1
469,42,49.0,13.3,52.9,4.53,2,1,10.3,vespertina,ingenieria,1
470,29,81.0,15.3,67.9,4.55,3,1,5.8,diurna,ingenieria,0
471,36,78.2,7.6,81.7,5.03,3,0,4.8,vespertina,administracion,0
472,18,74.9,3.5,97.5,5.42,4,1,5.9,online,ingenieria,0
473,28,100.0,4.6,58.2,3.38,4,1,5.0,vespertina,educacion,1
474,37,71.4,1.7,56.7,5.87,0,1,5.8,diurna,administracion,1
475,37,90.9,6.6,77.4,3.03,4,0,3.7,diurna,administracion,1
476,23,74.4,12.5,43.8,4.56,0,1,1.3,diurna,salud,0
477,29,100.0,1.5,100.0,5.37,1,1,5.5,diurna,ingenieria,0
478,20,93.3,16.5,29.3,5.31,1,0,5.0,vespertina,ingenieria,0
479,34,100.0,9.2,94.1,6.11,2,1,4.7,online,administracion,0
480,24,100.0,6.3,83.3,6.02,3,1,8.3,vespertina,ingenieria,0
481,40,66.1,9.1,67.5,5.66,1,1,2.2,diurna,ingenieria,0
482,37,77.4,13.7,66.7,2.87,4,1,0.1,diurna,ingenieria,0
483,31,78.0,2.5,53.8,5.77,7,0,6.7,diurna,administracion,1
484,35,,7.5,64.7,6.63,3,1,5.2,diurna,educacion,0
485,40,65.7,5.5,84.5,4.71,0,1,9.5,online,administracion,0
486,30,64.9,2.3,71.6,4.41,2,1,7.8,online,educacion,1
487,41,,9.5,71.8,5.59,2,1,9.1,vespertina,educacion,0
488,26,48.8,3.8,96.1,4.93,1,1,3.7,online,salud,1
489,43,100.0,,100.0,4.76,0,0,8.4,diurna,administracion,0
490,28,76.7,3.2,71.7,2.94,1,1,5.4,online,educacion,1
491,31,72.3,11.5,78.3,4.68,0,0,8.9,vespertina,ingenieria,0
492,27,96.9,6.6,69.7,5.16,4,1,5.1,diurna,administracion,0
493,41,55.8,10.2,54.7,5.79,1,0,2.0,diurna,administracion,0
494,33,61.6,12.5,100.0,4.6,3,1,8.5,diurna,ingenieria,0
495,26,76.1,2.7,79.6,3.09,1,0,3.1,vespertina,salud,1
496,18,89.2,5.4,82.2,4.33,3,1,3.1,vespertina,ingenieria,1
497,20,87.9,5.0,61.1,4.79,1,0,9.9,vespertina,educacion,0
498,35,,6.5,59.4,6.26,2,1,4.5,vespertina,salud,0
499,41,70.3,4.6,100.0,3.57,2,1,2.5,vespertina,administracion,0
500,19,69.5,5.1,86.9,6.1,2,1,6.1,vespertina,educacion,0
501,32,63.3,12.7,86.2,3.76,2,1,4.4,diurna,salud,0
502,19,100.0,7.2,82.0,4.58,1,1,10.5,vespertina,administracion,0
503,35,87.0,6.5,76.5,5.42,1,1,6.7,diurna,administracion,0
504,34,66.8,5.8,99.5,3.51,3,1,5.0,vespertina,administracion,0
505,27,86.5,3.5,72.8,5.05,1,1,7.3,online,salud,0
506,33,46.6,10.2,97.6,3.9,2,0,7.1,diurna,ingenieria,0
507,36,58.5,5.6,67.7,5.61,0,1,9.9,diurna,salud,0
508,23,100.0,8.2,60.0,3.57,3,1,7.2,vespertina,salud,0
509,28,72.4,13.2,78.0,6.71,1,0,3.1,diurna,administracion,0
510,27,68.9,8.0,77.4,4.72,2,1,8.7,vespertina,administracion,0
511,37,57.5,17.4,88.1,5.93,2,0,2.9,diurna,educacion,0
512,21,79.6,9.6,63.0,5.88,0,1,2.4,vespertina,educacion,0
513,36,,5.2,69.0,4.75,1,0,7.4,diurna,ingenieria,0
514,33,95.0,2.9,75.5,5.48,2,0,7.6,diurna,ingenieria,0
515,33,74.5,10.0,99.7,3.38,3,0,6.9,diurna,administracion,0
516,40,58.3,8.2,54.7,4.97,2,1,7.0,vespertina,ingenieria,1
517,34,85.0,6.2,63.3,5.37,4,1,2.3,vespertina,educacion,0
518,20,74.6,12.5,43.4,3.07,1,1,10.9,diurna,administracion,1
519,19,70.1,8.7,85.0,3.78,2,0,9.6,diurna,ingenieria,0
520,25,100.0,6.1,100.0,6.61,2,0,6.5,diurna,administracion,0
521,38,54.8,11.3,64.0,4.22,0,1,5.5,diurna,educacion,1
522,36,89.3,2.4,41.6,2.47,4,0,6.2,diurna,administracion,1
523,24,91.6,6.8,100.0,5.48,1,0,5.4,vespertina,ingenieria,0
524,19,67.2,8.7,81.6,2.81,0,1,7.4,diurna,salud,0
525,34,100.0,3.4,96.1,5.64,0,1,2.8,online,salud,0
526,41,83.8,7.1,91.5,6.54,7,1,8.6,diurna,salud,0
527,24,65.6,14.0,32.3,6.2,5,1,0.0,vespertina,ingenieria,1
528,37,71.5,8.0,87.1,6.18,4,1,7.9,vespertina,salud,0
529,37,69.4,4.8,66.8,4.05,2,0,8.7,online,administracion,0
530,20,59.7,7.9,75.0,7.0,1,1,2.2,diurna,salud,0
531,38,75.4,2.3,47.5,5.33,1,1,6.3,vespertina,salud,1
532,38,63.0,10.0,100.0,4.66,1,0,1.7,online,administracion,0
533,32,71.1,,75.0,6.35,1,0,2.8,vespertina,salud,0
534,22,72.3,3.6,96.5,5.94,2,0,8.8,diurna,ingenieria,0
535,29,68.0,11.1,57.2,6.65,3,1,6.2,diurna,administracion,0
536,43,100.0,2.9,72.3,3.54,4,0,8.8,diurna,administracion,0
537,20,84.6,0.7,75.6,2.98,3,0,5.8,diurna,ingenieria,1
538,21,75.9,11.8,78.2,5.72,1,0,4.4,diurna,ingenieria,0
539,24,56.0,10.5,47.5,5.68,3,0,11.0,diurna,salud,0
540,34,48.2,8.6,75.5,2.86,1,0,10.4,online,educacion,1
541,20,100.0,7.7,95.9,4.92,3,1,0.5,vespertina,ingenieria,0
542,39,59.2,7.6,82.2,6.72,0,1,3.6,vespertina,ingenieria,0
543,44,85.9,5.6,100.0,4.58,0,0,2.7,vespertina,ingenieria,0
544,18,71.0,5.0,78.9,7.0,5,0,2.2,vespertina,educacion,0
545,28,88.3,4.5,88.3,4.63,2,1,6.3,diurna,ingenieria,0
546,27,82.2,11.4,76.0,5.23,3,1,11.8,diurna,administracion,0
547,36,87.3,9.6,65.1,4.1,2,0,6.0,diurna,ingenieria,0
548,40,87.9,4.5,91.5,5.65,4,0,3.8,diurna,educacion,0
549,27,64.1,4.8,48.6,2.88,3,0,2.0,diurna,educacion,1
550,34,55.8,13.7,53.5,4.49,3,0,4.4,diurna,administracion,1
551,18,100.0,3.2,62.2,4.79,2,1,6.4,vespertina,administracion,1
552,23,42.7,9.7,64.6,5.09,4,1,3.0,diurna,salud,1
553,30,76.4,6.7,46.1,4.75,2,0,6.7,vespertina,ingenieria,1
554,42,83.2,6.5,65.2,6.31,3,1,12.2,vespertina,ingenieria,0
555,24,100.0,6.3,84.3,4.99,1,0,9.4,diurna,ingenieria,0
556,35,67.3,7.0,100.0,4.51,0,0,9.4,diurna,administracion,0
557,27,100.0,1.3,70.5,5.53,2,0,3.2,diurna,salud,0
558,33,56.5,6.2,83.4,4.98,3,1,2.2,vespertina,educacion,0
559,43,76.0,2.1,67.1,5.3,2,0,2.9,vespertina,educacion,0
560,36,67.8,12.5,66.9,4.3,0,0,3.4,diurna,administracion,0
561,36,95.1,4.6,84.5,5.86,1,1,2.4,vespertina,ingenieria,0
562,30,69.6,2.9,75.5,6.3,2,0,8.1,online,administracion,0
563,31,84.2,8.7,86.0,5.58,1,0,4.8,diurna,ingenieria,0
564,25,55.5,5.7,94.5,4.6,2,1,2.0,diurna,ingenieria,0
565,44,87.0,10.0,44.0,5.32,3,0,11.7,diurna,salud,0
566,44,82.7,8.1,79.0,4.89,2,0,4.6,diurna,administracion,0
567,44,85.7,5.4,68.1,3.08,0,0,2.1,vespertina,administracion,0
568,36,64.1,4.7,83.2,5.33,0,0,5.9,diurna,educacion,0
569,34,67.1,13.0,43.5,5.28,4,1,7.1,online,administracion,1
570,35,75.8,7.1,73.3,5.91,1,1,9.2,diurna,administracion,0
571,34,57.3,3.1,85.4,5.68,3,1,5.9,online,ingenieria,0
572,32,95.2,3.4,37.6,4.48,1,0,3.5,vespertina,administracion,1
573,32,96.3,10.3,100.0,4.97,4,0,8.8,diurna,salud,0
574,38,89.5,1.0,63.1,3.35,4,0,3.0,vespertina,ingenieria,1
575,20,73.2,7.2,94.4,5.18,2,0,1.4,vespertina,administracion,0
576,44,82.0,4.5,57.0,4.09,5,1,4.2,diurna,ingenieria,1
577,37,69.2,13.0,69.3,6.44,4,0,8.0,diurna,administracion,0
578,33,88.9,4.5,100.0,5.39,2,1,6.3,vespertina,educacion,0
579,35,76.9,5.7,37.3,5.96,1,1,4.6,diurna,educacion,1
580,22,75.1,3.2,87.1,4.11,4,0,3.6,diurna,salud,0
581,33,80.8,16.5,96.1,6.16,1,1,8.0,diurna,administracion,0
582,36,66.1,16.1,67.7,6.07,3,1,5.7,online,administracion,0
583,25,81.0,3.5,79.4,4.62,1,0,9.5,vespertina,ingenieria,0
584,29,81.9,11.1,57.0,6.28,0,0,6.9,diurna,ingenieria,0
585,36,72.2,3.6,66.1,5.19,3,0,5.6,diurna,salud,0
586,38,80.0,10.2,92.8,3.76,2,0,5.1,vespertina,administracion,0
587,27,61.7,2.2,64.4,4.14,3,1,6.2,online,educacion,1
588,19,97.9,9.1,86.8,4.89,3,1,6.3,vespertina,administracion,0
589,43,85.2,2.6,88.9,6.95,3,0,4.7,vespertina,educacion,0
590,40,89.1,6.4,70.7,6.29,2,1,6.2,vespertina,educacion,0
591,31,,9.9,38.8,5.82,0,1,8.8,vespertina,educacion,0
592,23,70.1,3.5,81.5,4.54,2,0,6.6,diurna,salud,0
593,19,99.9,11.6,73.8,5.25,3,1,11.6,diurna,salud,0
594,28,83.3,7.6,80.9,5.09,0,1,6.3,diurna,salud,0
595,21,81.5,5.0,90.4,6.13,1,0,5.8,diurna,salud,0
596,18,56.4,15.6,99.3,5.33,0,0,3.2,vespertina,ingenieria,0
597,24,72.6,5.5,66.7,6.4,3,0,9.4,online,salud,0
598,35,83.3,3.8,100.0,5.07,2,1,3.2,diurna,administracion,0
599,40,86.1,2.0,93.1,3.81,4,1,7.8,vespertina,administracion,0
600,34,71.9,12.7,89.2,5.54,5,0,0.0,diurna,educacion,0
601,38,78.2,6.3,59.9,6.24,4,1,2.4,diurna,administracion,0
602,26,73.6,4.7,75.0,5.32,7,1,0.4,vespertina,salud,1
603,36,100.0,8.4,65.5,5.34,1,0,5.1,diurna,ingenieria,0
604,26,75.3,1.9,81.8,2.58,4,1,10.5,diurna,salud,1
605,19,39.1,1.3,83.1,4.54,3,0,1.5,vespertina,administracion,1
606,34,83.7,10.8,97.5,6.85,6,1,2.0,diurna,ingenieria,0
607,21,75.8,11.3,55.2,6.6,4,0,3.3,diurna,salud,0
608,27,71.1,4.7,61.4,4.0,0,0,7.5,diurna,administracion,1
609,33,81.3,2.1,17.2,3.75,0,1,5.5,vespertina,salud,1
610,44,72.0,6.1,89.1,4.61,3,1,0.5,vespertina,educacion,0
611,37,75.9,5.3,72.3,5.99,0,0,12.2,online,educacion,0
612,31,83.7,14.2,44.0,4.62,3,1,3.7,diurna,ingenieria,0
613,28,48.7,10.0,85.3,5.45,3,0,7.1,diurna,ingenieria,0
614,36,74.2,8.8,75.4,3.95,5,1,9.8,online,administracion,0
615,22,71.9,3.0,100.0,3.59,0,0,3.0,diurna,ingenieria,0
616,31,62.6,4.8,83.0,4.18,1,1,10.2,diurna,administracion,0
617,19,69.6,3.4,71.6,5.17,1,0,4.3,diurna,ingenieria,0
618,22,75.2,1.5,59.3,6.45,6,0,4.8,vespertina,salud,1
619,27,81.3,5.7,94.5,4.05,0,1,8.5,online,educacion,0
620,39,84.5,2.5,80.7,5.99,4,1,8.4,online,ingenieria,0
621,43,82.7,7.4,80.8,5.56,3,1,8.3,diurna,salud,0
622,27,85.3,5.0,73.5,4.35,5,1,7.0,vespertina,educacion,1
623,20,57.2,6.5,71.0,4.74,1,1,6.8,diurna,ingenieria,1
624,36,68.1,10.2,84.6,4.84,0,1,2.0,diurna,ingenieria,0
625,42,52.1,9.0,68.0,5.94,2,1,4.8,diurna,administracion,0
626,26,70.3,11.9,55.4,6.39,2,0,4.5,vespertina,salud,0
627,18,80.7,5.3,68.2,5.86,1,0,8.7,diurna,ingenieria,0
628,37,43.2,4.8,100.0,5.13,0,1,7.0,vespertina,ingenieria,1
629,40,75.0,0.7,69.1,5.63,0,1,3.9,online,salud,0
630,20,76.3,8.3,82.5,,2,1,7.3,vespertina,educacion,0
631,21,88.0,12.5,50.5,5.68,3,1,6.2,diurna,administracion,0
632,24,80.6,12.7,100.0,4.09,3,0,6.0,online,salud,0
633,44,89.4,2.3,87.3,5.44,1,1,3.0,diurna,salud,0
634,31,72.7,11.7,86.7,4.9,2,1,7.1,vespertina,educacion,0
635,39,53.3,10.4,85.5,5.5,1,0,6.0,diurna,ingenieria,0
636,26,63.6,8.6,70.8,4.18,1,1,4.9,diurna,ingenieria,0
637,22,47.3,7.3,42.0,4.26,2,0,5.1,vespertina,salud,1
638,40,59.1,4.3,87.0,3.38,0,1,8.5,online,salud,1
639,23,57.1,4.7,61.3,4.14,2,0,0.0,diurna,ingenieria,1
640,39,67.3,6.0,86.2,4.84,1,1,9.8,diurna,educacion,0
641,29,56.5,4.2,84.5,5.14,1,0,3.6,vespertina,ingenieria,1
642,19,67.6,2.4,70.2,4.95,3,1,9.1,vespertina,ingenieria,1
643,18,63.0,6.1,67.7,5.04,3,1,4.7,diurna,ingenieria,1
644,25,100.0,8.6,62.9,4.15,4,1,5.7,diurna,administracion,0
645,34,64.5,1.9,46.3,5.07,2,0,2.6,online,ingenieria,1
646,41,66.4,16.4,77.1,5.28,0,1,0.7,diurna,educacion,0
647,37,88.7,6.4,70.6,3.65,3,0,3.8,vespertina,administracion,1
648,27,81.1,3.8,77.5,4.59,2,0,1.7,diurna,salud,0
649,24,91.0,6.5,67.0,5.69,1,0,2.8,diurna,administracion,0
650,38,72.1,2.8,74.6,4.41,0,1,4.6,vespertina,administracion,0
651,24,77.3,1.1,95.1,4.53,3,1,0.8,diurna,ingenieria,0
652,39,98.8,6.8,74.5,5.41,3,0,6.9,diurna,ingenieria,0
653,19,100.0,7.3,55.2,4.34,1,0,2.7,vespertina,educacion,0
654,33,51.4,2.3,86.2,5.61,0,1,4.7,vespertina,educacion,1
655,24,87.8,3.9,90.2,5.35,3,1,8.2,vespertina,educacion,0
656,21,71.2,7.2,81.1,3.48,3,0,7.8,diurna,administracion,1
657,34,56.8,3.0,67.7,4.68,3,0,7.0,vespertina,ingenieria,1
658,19,79.3,5.1,87.6,3.77,4,1,9.9,online,educacion,1
659,39,73.8,2.2,88.5,3.44,3,1,3.5,diurna,ingenieria,0
660,20,91.3,7.4,62.9,4.63,2,0,5.1,vespertina,ingenieria,0
661,26,100.0,7.6,96.7,5.53,1,0,2.7,diurna,ingenieria,0
662,18,65.5,11.0,56.1,4.5,3,1,2.3,diurna,administracion,0
663,34,95.8,15.1,76.4,6.24,2,1,7.0,diurna,ingenieria,0
664,19,93.1,17.0,30.9,6.0,0,1,8.0,vespertina,educacion,0
665,28,93.1,14.2,86.7,4.06,1,1,3.7,vespertina,educacion,0
666,43,100.0,1.4,92.5,6.23,4,0,7.9,diurna,ingenieria,0
667,40,63.7,6.6,67.5,4.61,2,1,1.1,vespertina,ingenieria,1
668,22,89.6,8.0,72.8,5.09,3,0,5.0,vespertina,salud,0
669,43,70.6,2.5,53.5,4.33,1,0,2.7,vespertina,administracion,1
670,33,,5.9,85.1,6.23,1,0,4.6,diurna,ingenieria,0
671,26,87.5,7.5,93.6,4.43,0,1,9.3,vespertina,educacion,0
672,40,82.7,2.8,57.0,4.04,2,0,6.9,diurna,ingenieria,0
673,33,82.6,1.1,48.0,5.43,3,0,4.7,vespertina,administracion,1
674,23,73.5,1.3,79.7,4.24,2,1,6.0,diurna,administracion,0
675,23,53.7,2.3,74.4,7.0,2,1,3.9,diurna,ingenieria,0
676,38,92.5,4.0,83.9,6.14,3,0,4.2,diurna,salud,0
677,42,77.4,8.1,100.0,5.47,3,0,4.2,diurna,ingenieria,0
678,27,43.8,1.3,58.9,5.69,1,1,6.2,vespertina,salud,1
679,38,64.2,2.7,78.3,5.39,3,1,7.8,diurna,ingenieria,0
680,19,100.0,13.5,80.1,4.45,1,1,10.1,vespertina,ingenieria,0
681,32,57.0,5.8,58.0,5.0,1,1,3.1,vespertina,salud,1
682,44,85.1,6.9,65.3,6.33,1,1,12.0,diurna,ingenieria,0
683,21,74.7,8.6,63.3,6.55,1,0,9.6,vespertina,ingenieria,0
684,18,76.4,9.2,87.6,4.7,4,1,5.9,diurna,salud,0
685,27,76.8,4.6,53.1,4.79,1,1,3.8,vespertina,salud,0
686,29,100.0,10.9,44.9,5.79,2,0,7.3,diurna,ingenieria,0
687,33,63.6,7.5,70.3,4.7,2,0,3.6,vespertina,educacion,1
688,36,79.3,1.7,98.9,5.18,1,1,5.6,diurna,ingenieria,0
689,21,98.6,5.2,68.2,6.58,3,0,11.4,vespertina,administracion,0
690,39,73.0,,32.5,5.24,1,1,3.4,online,educacion,1
691,40,68.4,15.1,100.0,4.7,2,1,7.8,diurna,salud,0
692,42,74.2,8.5,70.6,6.61,3,0,3.6,online,salud,0
693,23,65.6,9.6,97.7,5.28,2,0,5.4,vespertina,salud,0
694,32,72.4,9.1,88.1,,3,1,2.3,online,ingenieria,0
695,20,76.5,8.7,93.6,3.93,5,1,5.5,diurna,administracion,0
696,32,80.9,6.7,52.8,3.61,3,1,5.5,vespertina,educacion,1
697,29,56.1,1.9,96.9,4.91,2,0,9.5,diurna,salud,0
698,28,100.0,3.1,100.0,5.39,0,1,7.1,online,administracion,0
699,39,73.0,7.7,71.0,4.61,1,1,6.2,diurna,ingenieria,0
700,23,79.0,,86.0,5.35,3,1,13.2,diurna,ingenieria,0
701,19,91.3,20.8,73.7,5.34,2,0,3.2,diurna,ingenieria,0
702,26,48.8,6.1,63.4,4.07,0,1,4.8,diurna,educacion,0
703,18,90.3,0.9,59.4,3.89,2,1,11.2,vespertina,administracion,1
704,42,75.1,4.3,100.0,3.91,3,1,3.6,diurna,educacion,0
705,33,80.2,2.2,77.6,3.63,2,0,4.7,diurna,administracion,1
706,34,56.6,11.3,72.0,4.25,3,1,9.2,vespertina,administracion,1
707,32,75.6,3.6,54.0,6.5,1,1,7.1,diurna,ingenieria,0
708,25,60.5,5.0,77.8,4.9,0,1,4.3,diurna,administracion,0
709,27,83.0,4.9,56.3,3.57,0,1,0.0,vespertina,ingenieria,0
710,36,67.1,9.0,89.7,6.42,3,0,6.0,online,administracion,0
711,29,56.4,9.1,39.9,5.79,5,0,5.1,vespertina,administracion,1
712,41,72.8,8.4,60.3,3.67,1,1,1.4,diurna,administracion,0
713,40,99.1,6.7,83.9,5.98,4,1,4.8,online,ingenieria,0
714,41,65.8,4.0,88.5,,2,1,4.5,online,educacion,1
715,42,83.2,11.2,83.6,4.03,1,1,11.8,vespertina,salud,0
716,31,,5.7,87.4,5.9,1,1,3.0,vespertina,ingenieria,0
717,34,80.2,7.7,75.9,5.53,2,1,8.5,diurna,ingenieria,0
718,43,91.8,9.7,98.7,4.91,1,1,10.9,online,educacion,0
719,29,43.4,10.3,100.0,3.47,2,0,1.4,online,administracion,0
720,30,65.3,8.4,100.0,5.42,0,1,2.9,vespertina,ingenieria,0
721,35,67.7,6.7,100.0,3.79,2,1,1.4,diurna,salud,0
722,41,89.2,7.5,76.9,4.29,0,0,5.5,vespertina,ingenieria,0
723,40,92.1,13.7,54.9,5.15,2,0,7.8,diurna,educacion,0
724,19,58.5,8.9,68.2,4.03,3,0,5.9,diurna,educacion,1
725,21,90.6,4.3,70.0,5.56,1,0,1.2,diurna,educacion,0
726,28,73.8,2.8,68.8,6.06,2,1,5.2,diurna,ingenieria,0
727,34,92.6,15.4,100.0,5.37,1,1,5.0,diurna,ingenieria,0
728,27,78.8,5.0,100.0,5.24,2,0,3.8,diurna,educacion,0
729,30,81.7,1.8,80.5,5.59,2,1,4.0,diurna,administracion,0
730,28,86.5,4.4,95.7,4.01,3,0,6.3,vespertina,ingenieria,0
731,28,86.6,8.8,57.0,5.44,0,1,6.4,diurna,salud,0
732,22,85.6,6.7,75.9,5.58,2,1,5.6,diurna,administracion,0
733,27,94.0,1.6,46.7,5.37,0,0,5.7,vespertina,educacion,0
734,37,65.9,16.1,56.7,3.98,3,1,1.0,vespertina,administracion,1
735,43,,5.7,93.0,5.77,2,1,4.8,diurna,administracion,0
736,27,68.4,3.3,39.6,4.48,2,0,6.9,vespertina,salud,1
737,25,84.0,15.5,100.0,5.65,1,1,4.0,diurna,educacion,0
738,33,98.2,0.9,91.9,5.57,2,0,0.0,vespertina,salud,0
739,21,76.0,15.8,85.8,5.4,4,0,8.5,diurna,salud,0
740,41,85.6,5.0,69.0,,3,0,4.8,vespertina,administracion,0
741,34,84.9,2.9,77.8,4.82,2,0,10.5,diurna,salud,0
742,19,,8.4,83.2,6.53,3,0,7.0,diurna,ingenieria,0
743,23,47.9,10.3,81.8,5.05,1,1,10.3,diurna,ingenieria,0
744,23,89.9,5.7,100.0,4.46,0,0,13.4,vespertina,administracion,0
745,38,89.6,3.4,53.9,5.42,0,0,1.5,diurna,ingenieria,0
746,19,69.5,4.0,48.8,5.03,4,1,5.0,diurna,ingenieria,1
747,33,92.8,4.3,58.6,6.45,3,1,9.9,diurna,salud,0
748,22,79.7,6.7,76.4,3.22,4,0,11.8,diurna,educacion,0
749,41,68.6,12.1,88.9,6.23,4,0,1.9,diurna,salud,0
750,31,80.6,4.1,51.6,6.32,1,1,4.1,diurna,educacion,0
751,38,80.4,3.0,57.9,4.82,4,0,6.4,vespertina,salud,1
752,21,80.5,17.5,68.3,4.45,1,1,1.6,vespertina,ingenieria,0
753,26,86.7,13.1,73.7,6.68,3,0,10.4,vespertina,salud,0
754,19,67.7,6.9,82.3,4.6,3,1,10.2,diurna,ingenieria,0
755,33,73.1,8.3,48.6,5.71,1,0,5.9,online,salud,0
756,26,60.1,14.5,76.0,3.57,4,1,5.2,online,administracion,0
757,32,76.0,7.6,59.3,5.32,2,1,5.6,online,ingenieria,0
758,21,81.6,4.5,82.2,6.24,4,1,4.9,diurna,educacion,0
759,44,76.9,4.3,85.5,4.45,2,0,4.4,online,salud,0
760,36,90.4,4.1,75.6,3.05,2,0,5.2,online,administracion,0
761,33,73.4,5.2,51.2,5.55,1,1,7.6,diurna,ingenieria,0
762,42,100.0,5.1,84.5,4.29,3,0,6.8,diurna,salud,0
763,29,62.4,3.5,100.0,4.43,2,1,12.0,vespertina,administracion,0
764,27,93.7,13.4,79.1,5.48,1,1,10.7,diurna,ingenieria,0
765,36,74.9,8.1,100.0,6.39,0,1,11.4,diurna,administracion,0
766,41,85.3,5.6,63.9,4.37,3,0,2.9,vespertina,ingenieria,1
767,43,89.8,1.8,94.4,5.23,2,1,7.9,diurna,administracion,0
768,42,72.8,11.8,32.2,4.89,0,0,5.8,diurna,administracion,0
769,42,94.1,4.2,96.7,4.63,1,0,6.8,online,ingenieria,0
770,32,91.8,4.0,59.7,5.59,1,0,7.3,diurna,salud,0
771,37,100.0,4.9,74.5,5.67,3,1,3.5,vespertina,ingenieria,0
772,25,58.9,5.9,74.8,4.41,1,0,1.7,diurna,educacion,1
773,24,73.9,22.1,89.8,4.59,0,1,5.7,vespertina,administracion,0
774,39,87.8,5.5,100.0,6.02,1,0,0.8,vespertina,ingenieria,0
775,18,49.5,1.8,70.6,4.35,1,0,2.4,vespertina,administracion,1
776,35,70.6,13.0,79.2,3.6,3,1,8.7,diurna,educacion,0
777,42,67.9,9.1,81.0,4.48,1,1,4.2,diurna,salud,0
778,28,69.7,14.3,56.6,4.74,0,1,8.0,diurna,ingenieria,0
779,37,71.0,11.2,60.9,5.73,2,1,6.0,online,administracion,0
780,35,70.0,10.9,81.7,4.67,1,0,9.4,diurna,educacion,0
781,33,91.8,4.7,78.0,6.6,0,1,4.0,vespertina,ingenieria,0
782,35,66.8,4.0,77.6,4.77,1,0,6.5,diurna,administracion,0
783,35,100.0,3.5,100.0,4.47,2,0,9.0,online,administracion,0
784,23,75.8,10.2,73.9,5.92,2,1,11.1,diurna,administracion,0
785,40,86.5,11.2,77.3,6.07,1,1,3.5,diurna,salud,0
786,35,84.0,6.4,41.3,5.53,1,1,0.7,diurna,ingenieria,0
787,23,78.9,4.6,63.3,5.73,0,1,4.0,diurna,educacion,0
788,26,94.0,3.9,64.1,6.21,2,1,4.4,diurna,administracion,0
789,27,66.8,3.9,55.5,5.28,1,0,3.4,diurna,ingenieria,1
790,39,87.5,7.0,73.7,4.58,1,1,0.4,diurna,salud,0
791,33,75.0,15.0,80.7,5.99,2,1,3.8,vespertina,salud,0
792,30,76.0,9.7,69.1,5.18,1,1,13.4,diurna,ingenieria,0
793,35,65.2,14.3,80.1,4.6,1,0,4.1,online,administracion,0
794,21,79.2,9.5,57.2,4.15,4,1,4.1,vespertina,educacion,1
795,20,78.7,3.1,27.2,4.01,0,0,6.5,vespertina,ingenieria,1
796,40,70.8,3.0,79.4,4.83,4,1,5.0,diurna,salud,0
797,37,66.8,6.1,44.9,4.7,3,1,5.7,vespertina,educacion,1
798,19,79.3,4.0,59.3,5.7,5,1,2.7,online,administracion,1
799,44,70.0,6.8,90.3,7.0,2,1,3.7,diurna,educacion,0
800,26,87.0,6.0,66.1,5.34,2,1,5.2,diurna,salud,0
801,34,100.0,2.8,95.5,3.88,3,1,1.6,vespertina,ingenieria,0
802,43,65.6,9.6,75.4,3.33,3,1,3.7,diurna,salud,0
803,40,69.5,11.6,97.7,5.5,1,0,1.3,diurna,educacion,0
804,40,37.4,9.2,89.0,4.26,2,0,6.6,diurna,ingenieria,1
805,36,60.8,13.9,81.1,4.54,1,1,9.3,online,ingenieria,0
806,40,68.7,6.2,95.3,5.32,1,1,6.5,online,salud,0
807,38,78.6,9.5,50.4,3.55,0,0,8.5,vespertina,administracion,0
808,31,85.2,16.0,63.4,3.89,2,0,8.2,diurna,educacion,0
809,38,59.8,2.7,75.2,5.91,2,0,9.3,diurna,administracion,0
810,31,81.1,5.2,77.9,4.89,4,0,3.0,online,salud,1
811,27,81.6,5.9,64.0,4.28,2,1,3.5,vespertina,administracion,1
812,36,79.2,3.2,80.2,6.34,5,0,5.5,diurna,salud,0
813,31,100.0,2.6,54.4,4.49,2,0,5.9,diurna,ingenieria,0
814,34,69.1,2.7,70.9,3.83,2,1,11.8,diurna,administracion,0
815,40,77.2,5.5,90.9,6.03,2,0,4.7,vespertina,salud,0
816,18,96.9,5.1,40.6,4.57,2,0,8.7,diurna,administracion,1
817,41,73.7,3.9,79.6,4.09,2,0,0.0,online,ingenieria,1
818,41,60.8,11.4,89.0,5.18,2,0,10.5,diurna,administracion,0
819,33,75.9,8.4,73.3,5.52,0,1,4.7,online,ingenieria,0
820,40,73.6,18.6,67.9,4.6,2,0,5.9,diurna,administracion,0
821,24,86.1,7.3,72.4,5.0,3,1,7.3,vespertina,educacion,0
822,36,80.8,6.1,75.0,3.47,4,1,5.3,diurna,salud,1
823,44,61.2,4.2,47.7,4.9,1,0,2.2,vespertina,administracion,1
824,30,100.0,4.1,96.1,5.59,1,1,2.6,diurna,ingenieria,0
825,33,65.1,1.6,56.0,5.79,3,1,5.9,online,administracion,1
826,21,71.9,10.1,81.8,6.19,2,1,2.7,diurna,educacion,0
827,34,77.9,,84.3,5.18,1,1,7.3,diurna,administracion,0
828,44,69.2,4.8,60.3,5.05,2,1,6.1,vespertina,administracion,1
829,34,58.4,2.9,69.7,4.87,0,1,8.8,diurna,ingenieria,0
830,43,80.5,10.6,81.0,5.09,2,1,7.6,diurna,ingenieria,0
831,36,73.5,5.0,64.0,5.39,2,0,7.1,online,ingenieria,1
832,21,63.6,7.2,36.4,5.06,3,0,5.4,vespertina,administracion,1
833,35,90.3,2.6,74.8,4.45,3,0,0.0,diurna,educacion,0
834,28,64.9,7.3,100.0,4.28,4,0,4.4,diurna,ingenieria,1
835,30,73.9,3.6,76.3,,3,1,4.0,diurna,ingenieria,0
836,30,64.4,5.5,91.6,5.01,3,0,6.0,diurna,ingenieria,0
837,43,52.4,1.8,62.1,3.92,2,0,7.8,online,administracion,1
838,26,72.9,1.3,88.8,5.58,2,1,8.0,vespertina,salud,0
839,41,100.0,5.8,65.9,5.83,3,0,9.9,online,salud,0
840,36,81.8,2.6,75.3,5.63,1,1,0.0,diurna,ingenieria,0
841,44,64.0,6.2,93.5,5.17,1,1,5.9,vespertina,salud,0
842,35,49.3,7.8,84.8,6.99,3,1,4.1,vespertina,ingenieria,0
843,40,72.1,8.5,100.0,5.66,2,1,3.0,diurna,ingenieria,0
844,22,68.1,7.9,85.2,5.05,2,0,7.4,online,ingenieria,0
845,32,95.0,5.3,96.6,4.36,0,1,12.0,vespertina,administracion,0
846,28,63.9,9.3,79.0,6.18,2,1,6.7,online,ingenieria,0
847,27,92.3,4.1,75.1,4.17,0,1,6.4,diurna,educacion,0
848,22,81.5,7.7,56.1,4.24,2,0,3.2,diurna,salud,0
849,31,52.7,5.2,91.5,4.62,2,1,6.2,diurna,salud,0
850,29,76.8,11.6,60.9,5.73,0,0,1.2,vespertina,ingenieria,0
851,35,75.1,9.7,85.6,4.28,1,0,0.9,vespertina,administracion,0
852,21,68.7,,49.5,4.12,2,1,5.3,vespertina,salud,1
853,28,97.8,4.9,85.1,5.68,1,1,4.3,vespertina,administracion,0
854,22,78.8,8.5,100.0,5.75,1,0,3.7,online,educacion,0
855,23,59.9,10.7,74.6,5.19,0,0,0.8,diurna,ingenieria,0
856,43,63.2,5.8,56.6,4.85,2,0,10.2,online,educacion,1
857,26,63.9,13.7,79.6,3.72,4,1,9.5,diurna,ingenieria,0
858,40,69.1,0.8,52.5,6.0,1,1,14.8,diurna,ingenieria,0
859,37,51.8,4.5,61.6,4.62,1,0,10.5,diurna,salud,1
860,32,75.9,5.6,63.5,6.81,1,0,9.3,vespertina,salud,0
861,43,73.9,1.8,93.6,5.88,2,1,2.4,vespertina,educacion,0
862,20,71.4,7.3,53.2,3.27,3,1,7.4,vespertina,educacion,1
863,38,79.2,4.8,74.6,4.94,1,1,8.0,online,ingenieria,0
864,35,68.3,4.4,55.5,4.26,0,1,3.4,online,salud,0
865,30,91.6,7.6,40.4,5.88,2,1,1.6,diurna,administracion,0
866,18,69.3,9.6,62.4,5.02,2,1,2.8,diurna,ingenieria,1
867,23,71.2,8.8,95.7,,2,1,5.8,vespertina,salud,0
868,20,73.1,1.8,59.4,4.49,2,1,6.0,diurna,administracion,1
869,21,100.0,2.5,56.5,6.07,1,1,5.4,online,ingenieria,0
870,22,71.9,2.6,69.6,5.1,1,0,2.5,vespertina,salud,1
871,27,97.9,4.8,100.0,2.95,4,1,7.1,online,salud,0
872,23,88.3,7.9,48.8,6.35,6,1,3.6,diurna,ingenieria,0
873,29,100.0,4.0,69.7,4.88,0,1,7.7,diurna,educacion,0
874,24,69.3,5.5,22.5,4.86,1,0,8.9,diurna,salud,1
875,23,74.9,8.2,55.6,4.3,1,0,6.4,diurna,salud,0
876,28,75.3,9.9,79.3,5.1,0,1,1.6,diurna,ingenieria,0
877,31,67.2,3.4,91.2,5.41,1,0,1.8,vespertina,administracion,0
878,39,100.0,2.5,39.5,4.68,5,1,6.1,diurna,educacion,1
879,44,79.9,3.5,65.3,4.37,0,1,8.9,vespertina,educacion,0
880,26,77.1,5.1,87.5,5.27,3,1,2.8,online,ingenieria,0
881,44,94.8,2.1,93.9,6.07,0,0,6.5,vespertina,educacion,0
882,32,67.7,15.0,66.7,5.25,1,0,8.8,diurna,salud,0
883,25,71.0,8.1,74.9,,3,0,3.5,diurna,salud,0
884,41,50.3,6.5,82.9,3.77,0,0,2.4,online,salud,1
885,39,77.7,9.5,48.1,4.8,0,0,0.0,online,administracion,0
886,30,83.0,4.0,66.6,4.88,3,0,7.9,diurna,salud,0
887,21,32.1,1.4,60.6,5.16,0,0,5.8,diurna,educacion,1
888,26,79.4,19.5,80.7,4.88,3,0,6.3,diurna,ingenieria,0
889,19,44.7,5.7,89.8,5.33,2,1,3.2,vespertina,ingenieria,0
890,44,72.0,6.1,85.9,4.85,2,0,2.3,diurna,ingenieria,0
891,28,87.1,5.6,75.5,5.24,1,0,6.3,diurna,administracion,0
892,23,88.1,5.9,75.4,3.02,0,1,7.7,diurna,administracion,0
893,21,90.5,2.6,91.4,5.07,1,1,6.4,diurna,ingenieria,0
894,39,82.4,13.0,100.0,5.94,5,0,0.1,diurna,administracion,0
895,33,85.9,7.2,74.4,5.07,0,0,9.2,diurna,administracion,0
896,43,77.8,10.5,81.7,3.61,0,1,1.0,online,salud,0
897,32,89.3,2.8,82.7,3.46,1,1,3.8,online,ingenieria,0
898,21,94.0,8.9,62.3,5.18,1,1,5.1,diurna,administracion,0
899,29,77.5,13.1,83.0,5.41,2,0,8.9,diurna,salud,0
900,31,71.4,10.6,48.9,5.75,2,0,4.1,diurna,educacion,0
901,21,88.4,2.4,95.1,4.69,3,0,3.7,diurna,ingenieria,0
902,42,71.5,4.9,97.1,4.87,1,0,5.8,online,ingenieria,0
903,44,90.7,11.5,86.8,6.22,0,1,6.0,vespertina,educacion,0
904,22,50.1,13.2,95.6,5.06,0,0,9.3,diurna,ingenieria,0
905,27,89.2,9.1,100.0,5.43,2,1,7.9,diurna,ingenieria,0
906,19,87.7,4.7,80.0,4.55,2,0,9.1,online,educacion,0
907,36,68.8,3.6,78.8,4.29,1,0,5.8,online,ingenieria,1
908,27,63.3,4.2,44.0,4.17,1,0,6.1,diurna,educacion,1
909,31,46.5,5.0,54.5,3.34,2,1,6.9,diurna,administracion,1
910,40,78.3,5.2,100.0,3.14,2,0,5.8,vespertina,ingenieria,0
911,25,80.6,2.0,65.7,4.1,2,1,5.9,diurna,educacion,1
912,40,82.0,9.5,56.9,4.41,3,1,6.6,vespertina,administracion,1
913,27,92.4,2.0,84.7,4.77,2,1,8.4,online,ingenieria,0
914,25,87.1,11.3,76.2,5.36,2,0,3.6,online,administracion,0
915,40,92.0,4.0,71.6,5.1,2,1,4.3,diurna,administracion,0
916,27,87.2,5.0,69.7,5.29,1,1,0.8,vespertina,salud,0
917,22,63.3,1.7,86.2,4.17,1,0,7.5,vespertina,administracion,1
918,18,71.2,8.7,100.0,4.05,0,1,0.9,diurna,salud,0
919,40,93.0,5.2,62.3,5.88,3,1,2.2,vespertina,salud,0
920,24,82.5,4.2,60.8,4.39,1,1,1.0,vespertina,salud,0
921,39,88.2,4.3,77.1,6.51,0,1,7.2,diurna,administracion,0
922,21,73.5,3.3,56.2,4.04,2,0,7.3,diurna,ingenieria,1
923,19,60.1,10.1,69.7,5.94,2,0,1.5,vespertina,administracion,0
924,32,92.6,11.1,98.2,5.33,0,1,1.2,online,ingenieria,0
925,42,82.4,1.6,63.3,5.55,4,1,6.4,online,administracion,0
926,37,76.5,13.2,50.6,4.53,1,0,8.8,vespertina,ingenieria,0
927,20,75.0,0.9,88.5,6.09,0,0,4.4,diurna,ingenieria,0
928,41,76.8,4.4,53.0,4.32,1,1,6.8,diurna,administracion,0
929,33,83.1,2.4,80.7,5.61,1,1,10.4,diurna,ingenieria,0
930,37,100.0,4.8,70.8,5.43,1,0,1.0,online,salud,0
931,34,67.4,3.2,73.8,3.63,0,0,5.8,diurna,ingenieria,0
932,40,100.0,,79.6,2.94,3,1,3.2,diurna,ingenieria,0
933,44,81.9,5.4,99.1,4.18,3,1,10.9,vespertina,administracion,0
934,38,90.1,4.2,59.7,3.62,4,0,5.7,diurna,ingenieria,1
935,26,64.5,2.5,52.0,3.63,5,1,3.7,online,ingenieria,1
936,41,81.3,1.1,68.4,5.02,0,1,5.0,vespertina,administracion,0
937,37,72.5,9.6,90.1,6.61,2,0,8.8,online,salud,0
938,21,82.0,3.8,36.2,3.98,2,1,6.9,vespertina,educacion,1
939,36,61.4,9.6,80.7,4.78,2,0,4.3,online,salud,1
940,31,67.9,0.5,66.8,5.31,1,0,8.0,diurna,ingenieria,1
941,44,72.0,2.6,50.5,4.26,2,1,12.2,diurna,educacion,0
942,26,80.0,1.3,54.7,5.43,1,0,4.2,vespertina,salud,1
943,37,50.5,8.8,100.0,5.08,0,1,9.0,vespertina,ingenieria,0
944,25,79.1,9.3,68.0,4.69,3,0,2.6,vespertina,ingenieria,0
945,28,67.6,4.0,66.0,6.04,0,0,4.6,vespertina,educacion,0
946,22,53.8,18.1,64.7,3.98,2,1,12.2,diurna,ingenieria,0
947,22,73.1,3.6,57.6,3.51,1,1,9.5,vespertina,salud,1
948,40,79.2,0.7,25.1,4.46,3,1,11.3,diurna,administracion,1
949,29,56.7,13.7,83.2,7.0,5,0,7.2,diurna,administracion,0
950,34,81.9,4.9,74.7,5.27,5,0,6.9,online,educacion,0
951,27,99.7,5.5,42.8,4.72,1,1,4.3,vespertina,ingenieria,1
952,36,92.8,10.8,65.4,6.07,2,0,0.2,diurna,educacion,0
953,39,94.6,2.7,57.0,5.13,0,1,4.0,vespertina,ingenieria,0
954,23,77.8,7.6,77.4,4.59,2,1,3.5,vespertina,ingenieria,0
955,25,100.0,9.6,100.0,4.04,2,0,12.2,vespertina,ingenieria,0
956,36,70.5,7.8,89.2,,2,0,3.9,diurna,educacion,0
957,21,53.6,8.1,72.8,6.92,0,0,0.5,vespertina,ingenieria,0
958,29,100.0,7.7,53.0,3.53,4,0,8.5,diurna,salud,0
959,20,93.9,6.4,62.0,4.88,0,0,8.1,vespertina,ingenieria,0
960,44,61.1,5.2,93.0,3.75,2,1,4.1,diurna,salud,1
961,25,80.0,11.5,89.6,4.57,3,0,6.1,diurna,ingenieria,0
962,29,78.8,3.9,40.9,4.79,1,1,2.2,diurna,administracion,1
963,37,76.3,5.9,58.3,4.82,1,1,8.7,diurna,educacion,0
964,22,91.8,11.2,100.0,4.41,1,0,12.3,diurna,ingenieria,0
965,39,76.2,7.3,75.6,5.97,3,1,4.7,diurna,ingenieria,0
966,23,83.4,12.4,64.4,3.73,1,0,5.7,vespertina,ingenieria,0
967,24,75.9,3.2,59.0,5.41,4,0,0.0,online,salud,1
968,20,89.7,8.4,72.5,3.97,1,0,5.3,diurna,ingenieria,0
969,19,81.2,10.4,100.0,5.99,2,0,2.8,vespertina,ingenieria,0
970,41,97.5,13.3,49.2,5.54,1,0,6.2,diurna,educacion,0
971,21,100.0,6.5,82.6,3.25,2,1,7.0,diurna,ingenieria,0
972,20,84.1,2.2,83.8,3.76,0,0,7.5,diurna,ingenieria,0
973,25,82.8,4.2,82.1,4.86,4,0,5.5,diurna,educacion,1
974,32,61.1,4.2,73.4,5.27,4,1,6.4,online,ingenieria,1
975,42,72.5,1.9,48.8,6.64,1,0,0.8,diurna,salud,1
976,36,80.4,10.3,83.0,5.01,1,0,7.2,diurna,salud,0
977,42,68.9,4.2,74.4,3.42,1,0,4.1,online,administracion,1
978,33,73.8,5.2,75.0,3.67,0,0,6.5,diurna,educacion,0
979,30,63.5,4.9,68.7,5.9,1,0,7.7,diurna,ingenieria,0
980,28,64.8,5.2,72.9,5.4,2,0,5.6,diurna,salud,0
981,30,81.9,11.8,73.3,4.57,1,1,10.7,diurna,ingenieria,0
982,33,84.9,7.2,70.0,4.94,2,0,1.7,online,educacion,0
983,32,84.9,2.9,77.8,4.14,3,0,1.6,diurna,educacion,0
984,31,74.2,2.8,100.0,5.84,2,1,3.0,diurna,educacion,0
985,36,78.9,13.2,80.2,3.9,4,1,5.9,diurna,salud,0
986,36,70.2,3.7,74.4,6.98,2,1,5.8,diurna,ingenieria,0
987,32,73.1,8.0,54.6,4.66,3,0,7.2,diurna,ingenieria,1
988,23,70.0,3.4,80.9,5.25,2,1,4.8,diurna,educacion,0
989,23,95.9,6.8,42.9,5.24,0,1,12.2,vespertina,salud,0
990,27,52.8,4.2,80.9,5.64,1,1,3.2,vespertina,ingenieria,0
991,35,73.5,2.2,64.9,4.14,5,1,5.5,diurna,salud,1
992,40,98.5,3.7,75.2,5.31,1,0,7.3,diurna,administracion,0
993,41,75.8,7.2,91.2,5.91,0,0,2.8,online,ingenieria,0
994,19,67.0,8.9,93.6,3.91,4,0,3.6,vespertina,administracion,1
995,40,100.0,4.9,50.1,3.87,2,0,3.0,diurna,ingenieria,1
996,26,100.0,1.8,84.2,4.74,0,0,2.1,diurna,salud,0
997,30,90.2,8.6,59.2,5.15,2,1,5.3,online,ingenieria,0
998,19,85.6,16.1,89.6,5.23,1,1,5.9,vespertina,ingenieria,0
999,24,58.8,5.9,71.5,3.63,3,1,9.2,diurna,educacion,1
1000,20,83.3,8.4,84.3,5.15,1,1,9.8,vespertina,ingenieria,0
1001,20,64.3,7.6,83.4,4.25,0,1,5.2,diurna,educacion,0
1002,18,100.0,4.0,65.1,4.71,0,1,11.0,vespertina,ingenieria,0
1003,26,86.1,6.4,52.7,5.18,4,1,3.5,vespertina,ingenieria,1
1004,18,80.7,4.1,77.7,4.55,2,1,7.8,diurna,educacion,0
1005,30,63.8,7.1,100.0,3.43,0,0,0.0,diurna,administracion,1
1006,31,78.6,6.1,81.1,5.26,4,0,5.1,diurna,educacion,0
1007,30,87.2,3.3,81.6,5.63,4,0,4.8,diurna,educacion,1
1008,44,70.4,3.3,62.9,5.34,1,0,5.7,diurna,administracion,0
1009,38,74.3,7.8,70.8,4.77,1,0,8.2,vespertina,administracion,0
1010,23,60.3,10.2,64.1,5.24,1,1,4.0,diurna,administracion,0
1011,29,84.0,3.5,93.0,5.37,2,0,8.7,diurna,administracion,0
1012,44,89.3,7.7,88.8,4.61,4,1,1.2,diurna,educacion,0
1013,30,75.5,7.5,65.8,5.2,1,0,5.1,diurna,ingenieria,0
1014,38,55.8,6.5,63.8,3.34,0,1,4.3,diurna,ingenieria,1
1015,44,80.3,5.6,69.6,4.97,1,0,3.1,online,educacion,0
1016,43,70.1,5.6,84.7,3.8,4,0,4.0,diurna,administracion,1
1017,31,100.0,3.5,73.0,6.46,0,0,6.5,diurna,educacion,0
1018,44,71.4,15.1,82.5,4.89,1,1,5.9,diurna,salud,0
1019,34,77.6,7.5,98.7,4.79,1,0,7.4,online,educacion,0
1020,39,61.9,8.8,36.4,4.37,2,0,7.0,online,salud,1
1021,34,80.4,8.6,78.2,4.6,1,0,9.0,diurna,salud,0
1022,35,86.4,8.7,62.6,6.61,2,1,4.3,online,ingenieria,0
1023,43,84.3,5.2,80.7,4.14,2,1,5.8,diurna,administracion,0
1024,42,74.2,13.5,71.3,4.72,0,1,3.6,vespertina,ingenieria,0
1025,35,71.9,3.2,100.0,5.56,2,1,4.9,diurna,ingenieria,0
1026,27,100.0,7.5,34.3,4.9,0,1,3.0,vespertina,educacion,0
1027,27,69.0,,33.3,3.0,1,0,1.5,vespertina,ingenieria,1
1028,31,82.4,10.7,84.6,6.53,5,1,6.4,online,ingenieria,0
1029,36,66.6,18.1,93.5,5.14,4,1,6.7,diurna,educacion,0
1030,18,89.6,10.1,76.2,5.92,3,1,6.4,diurna,ingenieria,0
1031,30,76.0,9.0,77.9,3.94,1,1,8.7,online,administracion,0
1032,30,68.1,8.5,72.9,4.59,2,1,3.0,vespertina,salud,0
1033,28,57.1,2.3,98.2,4.26,1,1,7.5,online,ingenieria,1
1034,32,73.5,15.6,55.1,4.89,2,1,3.6,online,administracion,0
1035,19,76.4,7.6,96.3,4.99,2,0,8.1,diurna,salud,0
1036,18,79.9,19.9,69.3,5.26,2,0,4.4,diurna,salud,0
1037,28,59.6,6.1,92.4,6.21,7,1,7.3,diurna,educacion,0
1038,43,67.1,7.0,87.1,5.4,2,0,6.2,diurna,ingenieria,0
1039,41,86.8,3.9,100.0,5.58,3,0,6.0,diurna,ingenieria,0
1040,30,71.7,1.7,49.2,5.43,1,1,1.6,vespertina,administracion,1
1041,29,81.1,6.4,82.2,5.95,2,1,8.5,diurna,administracion,0
1042,34,71.8,5.2,66.7,4.05,1,0,1.9,vespertina,administracion,0
1043,21,78.8,3.6,62.3,5.01,0,1,5.9,diurna,ingenieria,0
1044,44,69.4,13.9,64.7,5.57,3,1,6.6,vespertina,salud,0
1045,30,51.4,5.7,66.5,4.76,4,1,3.5,diurna,ingenieria,1
1046,26,58.9,2.7,70.5,5.43,1,1,6.2,diurna,educacion,0
1047,26,94.4,10.3,77.4,4.51,2,1,7.8,diurna,educacion,0
1048,33,71.5,3.3,76.5,6.01,3,0,3.7,diurna,administracion,0
1049,24,64.6,15.6,59.2,5.46,3,0,7.6,diurna,ingenieria,0
1050,21,100.0,2.9,73.2,4.88,1,1,2.9,diurna,ingenieria,0
1051,19,100.0,16.3,77.4,5.22,1,1,4.1,diurna,educacion,0
1052,26,92.6,5.3,56.9,6.4,1,0,3.7,online,salud,0
1053,22,33.2,5.3,63.6,5.56,2,0,7.5,diurna,ingenieria,1
1054,33,64.3,4.8,53.0,3.76,2,1,7.8,diurna,ingenieria,0
1055,19,73.3,4.3,65.7,3.78,4,1,3.8,vespertina,ingenieria,1
1056,39,92.5,5.3,71.0,4.51,0,0,3.9,vespertina,salud,0
1057,38,87.7,10.4,100.0,4.36,2,1,1.6,diurna,administracion,0
1058,41,90.0,6.8,83.7,5.33,3,0,8.2,vespertina,ingenieria,0
1059,33,65.2,11.3,70.2,5.85,4,1,6.3,diurna,educacion,0
1060,36,76.0,4.8,91.1,5.01,0,1,6.6,online,administracion,0
1061,44,89.9,11.3,60.0,3.95,1,1,0.0,diurna,educacion,0
1062,35,52.4,3.3,67.5,5.62,4,1,3.5,diurna,ingenieria,1
1063,21,91.3,9.3,77.4,5.08,1,0,7.6,vespertina,administracion,0
1064,38,60.6,8.3,87.2,5.43,2,1,6.8,vespertina,ingenieria,0
1065,43,60.6,6.8,85.3,2.81,3,1,3.0,diurna,educacion,1
1066,22,91.6,4.2,100.0,3.73,2,1,4.2,diurna,administracion,0
1067,31,71.4,5.3,90.4,5.65,2,0,2.6,diurna,educacion,0
1068,19,70.1,5.0,74.8,,3,1,11.0,online,administracion,1
1069,38,100.0,5.4,57.3,5.29,1,1,2.0,diurna,educacion,0
1070,18,76.7,6.8,66.7,6.33,1,1,5.2,online,educacion,0
1071,44,57.1,18.6,100.0,5.17,4,0,0.0,diurna,ingenieria,0
1072,39,78.8,14.0,78.4,4.73,0,1,5.6,diurna,administracion,0
1073,26,82.1,,66.9,5.05,0,0,10.1,diurna,administracion,0
1074,43,,4.9,100.0,5.2,3,0,7.4,diurna,educacion,0
1075,44,100.0,8.0,63.3,6.6,2,0,5.5,vespertina,educacion,0
1076,23,47.1,4.9,81.3,4.39,2,1,1.2,diurna,salud,1
1077,31,47.5,9.5,91.0,5.31,3,1,2.6,diurna,salud,1
1078,24,71.7,5.8,72.1,5.13,1,1,7.5,online,educacion,1
1079,44,90.8,10.3,75.1,4.85,1,0,6.6,online,ingenieria,0
1080,24,76.6,3.5,61.6,4.95,2,1,2.4,diurna,administracion,1
1081,18,81.7,5.0,81.0,4.26,1,0,0.0,diurna,administracion,0
1082,37,97.7,4.1,79.3,4.79,1,1,1.4,diurna,administracion,0
1083,30,57.1,7.6,55.6,4.13,3,1,0.0,diurna,ingenieria,1
1084,39,58.2,4.6,100.0,4.64,2,0,2.3,diurna,administracion,0
1085,38,91.9,3.6,94.5,2.69,3,1,5.8,vespertina,ingenieria,1
1086,38,73.7,11.4,90.7,4.93,1,1,6.7,vespertina,ingenieria,0
1087,28,79.6,4.7,58.9,5.61,1,1,5.2,diurna,administracion,0
1088,32,55.2,16.9,78.1,5.43,2,1,6.9,diurna,educacion,0
1089,36,69.7,5.0,80.6,4.71,2,0,4.5,diurna,ingenieria,1
1090,36,60.2,2.2,82.5,3.89,3,1,5.8,diurna,administracion,1
1091,40,85.1,12.3,68.4,4.85,2,0,5.0,online,salud,0
1092,35,82.9,3.0,53.5,5.05,3,0,6.7,vespertina,ingenieria,0
1093,23,71.4,6.2,59.0,5.27,2,1,3.3,online,educacion,0
1094,20,93.7,7.9,74.8,5.98,1,1,6.9,diurna,ingenieria,0
1095,36,61.5,16.7,57.0,5.84,1,0,6.2,online,administracion,0
1096,42,62.3,2.0,52.9,5.97,1,1,10.0,vespertina,salud,0
1097,24,65.3,5.0,51.3,3.19,0,0,6.0,vespertina,ingenieria,1
1098,22,66.1,4.8,77.7,4.07,1,1,9.3,diurna,ingenieria,1
1099,33,72.6,7.1,66.8,5.26,4,0,2.5,online,administracion,1
1100,34,92.6,9.2,74.0,3.43,0,1,8.0,online,ingenieria,0
1101,25,72.7,15.5,90.1,5.51,2,1,8.6,diurna,administracion,0
1102,23,75.6,1.6,61.2,4.9,4,0,2.8,diurna,salud,1
1103,22,72.0,11.8,96.9,6.33,2,0,11.1,vespertina,administracion,0
1104,42,76.4,12.1,77.7,3.98,2,1,5.1,diurna,ingenieria,0
1105,36,97.6,5.7,46.6,5.63,1,1,6.8,vespertina,ingenieria,0
1106,35,48.1,3.8,100.0,5.48,1,0,4.5,online,educacion,0
1107,43,94.5,4.1,49.4,4.24,1,0,8.8,vespertina,ingenieria,1
1108,39,87.5,6.8,100.0,5.09,4,0,0.0,diurna,administracion,0
1109,40,82.5,17.9,89.5,6.11,1,0,3.9,vespertina,educacion,0
1110,36,76.4,3.8,59.6,3.71,2,1,13.1,diurna,ingenieria,1
1111,25,100.0,7.3,68.8,5.94,0,0,0.0,online,educacion,0
1112,28,80.8,15.4,63.8,5.19,5,0,5.8,diurna,salud,0
1113,23,71.8,7.2,65.4,3.62,6,0,6.7,online,ingenieria,1
1114,40,53.4,8.5,84.5,5.76,1,1,7.0,diurna,salud,0
1115,39,61.9,5.7,66.0,4.34,1,0,3.8,diurna,ingenieria,0
1116,44,88.3,6.8,80.5,,2,1,4.6,vespertina,administracion,0
1117,28,62.3,6.4,72.3,3.97,1,1,9.3,online,ingenieria,1
1118,20,88.6,4.3,73.9,3.82,2,1,8.6,vespertina,salud,0
1119,22,94.8,7.3,45.3,6.29,1,1,5.9,diurna,salud,0
1120,28,63.0,7.0,100.0,5.31,2,1,9.7,diurna,educacion,0
1121,37,72.6,2.0,87.4,5.2,0,0,2.7,online,educacion,0
1122,41,89.4,4.8,74.7,5.64,0,0,10.0,diurna,ingenieria,0
1123,43,66.9,9.8,34.9,6.41,3,0,2.9,diurna,ingenieria,0
1124,34,84.1,17.8,100.0,7.0,3,0,6.4,diurna,salud,0
1125,41,69.3,6.2,54.1,2.84,2,0,9.8,vespertina,educacion,1
1126,26,75.0,4.1,42.4,5.51,2,0,0.0,diurna,salud,0
1127,21,74.0,11.0,80.6,4.26,0,1,6.4,diurna,ingenieria,0
1128,21,83.6,4.8,63.3,4.76,1,0,11.3,diurna,educacion,0
1129,41,82.9,7.7,97.4,3.9,1,0,1.3,vespertina,administracion,0
1130,36,81.5,0.9,54.3,5.31,2,0,2.8,diurna,ingenieria,0
1131,25,93.8,4.6,81.7,4.24,1,0,7.4,diurna,salud,0
1132,36,73.5,4.7,88.9,5.06,2,1,3.1,diurna,ingenieria,0
1133,21,78.3,10.3,96.2,5.42,3,1,3.6,diurna,ingenieria,0
1134,30,69.3,,68.5,4.33,4,0,3.0,diurna,educacion,1
1135,32,85.2,2.2,84.3,5.07,3,1,10.6,online,educacion,0
1136,37,58.7,4.7,48.1,5.18,1,0,11.1,diurna,administracion,1
1137,39,100.0,11.0,58.4,6.91,3,1,8.7,diurna,ingenieria,0
1138,21,81.3,3.1,49.7,6.85,1,0,4.7,online,administracion,0
1139,32,63.9,3.4,100.0,4.23,2,0,8.0,online,ingenieria,0
1140,20,84.4,6.0,59.7,5.29,1,1,3.7,diurna,ingenieria,0
1141,18,80.4,2.2,100.0,3.27,4,0,3.6,diurna,ingenieria,0
1142,35,46.8,8.3,36.3,4.68,0,0,3.8,diurna,ingenieria,1
1143,33,62.7,7.8,60.7,4.7,2,1,5.5,online,ingenieria,1
1144,38,67.4,5.1,96.3,4.06,2,1,4.4,diurna,ingenieria,0
1145,38,81.5,5.2,100.0,4.24,0,1,6.7,vespertina,educacion,0
1146,27,85.1,11.3,85.1,5.13,2,1,2.6,diurna,salud,0
1147,33,97.4,4.2,71.8,5.46,1,0,2.0,diurna,administracion,0
1148,38,75.5,4.5,62.6,5.71,1,0,9.5,diurna,salud,0
1149,33,33.6,8.6,85.3,5.01,2,1,8.4,diurna,ingenieria,0
1150,41,65.3,17.9,72.2,4.17,1,0,1.3,vespertina,administracion,0
1151,41,86.7,5.2,69.1,3.64,2,0,1.3,vespertina,ingenieria,0
1152,22,78.9,2.9,78.4,3.81,1,1,4.6,vespertina,ingenieria,0
1153,27,67.7,3.2,100.0,4.64,0,0,4.7,online,educacion,0
1154,44,58.1,6.2,84.2,3.66,4,0,9.4,vespertina,educacion,1
1155,41,54.5,5.6,53.0,4.2,0,0,4.3,diurna,administracion,1
1156,41,52.2,5.5,80.5,4.86,0,1,5.6,diurna,educacion,0
1157,23,52.6,6.8,87.1,5.94,1,1,4.6,vespertina,educacion,0
1158,42,93.5,5.1,69.4,5.41,2,0,7.0,online,salud,0
1159,26,100.0,15.5,69.3,3.18,0,1,8.6,online,ingenieria,0
1160,33,84.7,9.7,79.3,7.0,5,1,3.8,diurna,educacion,0
1161,19,91.0,2.9,63.6,5.98,1,0,10.6,diurna,administracion,0
1162,41,92.0,6.1,86.6,5.16,0,1,6.6,diurna,educacion,0
1163,33,74.2,14.7,96.4,5.97,3,1,3.2,diurna,salud,0
1164,39,91.7,3.6,100.0,4.44,2,1,9.6,vespertina,salud,0
1165,19,79.3,2.2,93.3,4.85,2,1,2.3,diurna,ingenieria,0
1166,37,100.0,4.0,100.0,5.49,1,1,1.9,vespertina,administracion,0
1167,40,68.7,10.1,67.6,5.95,4,0,5.4,diurna,educacion,0
1168,19,100.0,3.3,69.0,4.1,3,1,6.0,diurna,ingenieria,0
1169,32,70.4,4.0,96.8,5.73,5,1,4.1,diurna,ingenieria,0
1170,21,74.7,6.0,64.4,6.41,2,1,2.5,diurna,administracion,0
1171,28,76.4,3.9,63.8,5.01,0,0,5.6,diurna,salud,0
1172,33,80.7,5.1,66.9,5.27,4,1,4.3,vespertina,administracion,1
1173,34,100.0,2.4,82.5,3.75,2,0,3.5,diurna,administracion,0
1174,39,74.9,3.2,60.0,4.55,0,1,5.6,online,ingenieria,1
1175,23,60.0,3.9,53.8,5.39,3,1,4.6,diurna,ingenieria,1
1176,36,59.1,5.5,68.0,6.07,1,0,6.3,diurna,educacion,0
1177,20,77.3,6.2,73.7,3.54,3,0,5.8,online,salud,1
1178,29,83.3,4.8,70.7,7.0,4,0,9.4,vespertina,ingenieria,0
1179,27,83.3,4.8,55.5,4.99,2,1,2.6,diurna,educacion,1
1180,41,83.4,,72.3,5.86,2,1,0.0,diurna,ingenieria,0
1181,34,77.5,4.1,58.0,5.21,0,1,4.9,vespertina,ingenieria,0
1182,34,95.1,10.0,61.8,4.32,2,1,1.9,diurna,ingenieria,0
1183,42,72.7,6.3,54.0,5.25,1,0,5.6,diurna,educacion,0
1184,34,58.4,3.2,86.2,5.52,2,1,6.8,online,educacion,0
1185,24,80.4,9.4,67.4,5.49,1,0,6.1,vespertina,ingenieria,0
1186,31,61.8,10.1,79.6,6.55,3,0,4.5,vespertina,ingenieria,0
1187,42,90.8,4.7,61.7,5.81,4,1,7.7,diurna,ingenieria,0
1188,22,70.8,8.5,65.4,5.65,2,0,1.1,vespertina,educacion,0
1189,26,74.2,10.4,80.9,4.59,2,0,4.6,diurna,ingenieria,0
1190,36,68.3,2.4,43.4,5.66,1,1,10.0,vespertina,administracion,1
1191,35,76.0,14.1,41.5,6.52,1,1,0.0,diurna,administracion,0
1192,38,63.2,3.3,93.2,4.43,1,1,5.4,online,ingenieria,1
1193,44,69.3,6.1,60.7,4.03,0,1,6.8,diurna,educacion,0
1194,36,100.0,4.5,74.3,4.62,4,1,2.9,diurna,ingenieria,0
1195,42,49.8,3.3,81.5,5.16,1,0,2.2,online,educacion,1
1196,27,54.8,11.1,81.7,3.96,5,0,2.8,diurna,salud,1
1197,21,82.3,5.2,74.0,4.89,4,0,5.0,diurna,salud,0
1198,22,65.0,10.1,94.1,4.19,4,1,0.0,diurna,ingenieria,0
1199,32,53.9,4.3,95.0,3.82,5,1,10.4,online,administracion,1
1200,33,83.5,5.1,62.4,5.39,4,1,6.2,vespertina,salud,0
1201,25,99.5,10.6,56.0,4.46,2,0,3.8,diurna,educacion,0
1202,37,78.2,2.5,51.8,5.07,3,0,3.2,diurna,administracion,1
1203,25,70.9,11.2,73.3,3.67,3,1,8.3,vespertina,educacion,0
1204,21,80.3,4.6,80.6,2.92,3,1,0.0,diurna,administracion,1
1205,31,75.1,3.4,75.4,5.47,0,0,7.7,vespertina,administracion,0
1206,22,60.2,9.3,40.6,4.48,5,1,6.0,diurna,ingenieria,1
1207,22,83.2,14.9,29.0,3.66,2,1,12.9,diurna,educacion,0
1208,23,96.1,18.6,72.0,4.48,2,1,6.4,diurna,ingenieria,0
1209,43,72.7,9.1,100.0,5.07,1,0,3.2,online,salud,0
1210,23,85.6,5.5,71.7,4.54,1,0,5.0,diurna,educacion,0
1211,28,42.3,2.6,57.9,4.58,3,1,1.5,diurna,ingenieria,1
1212,33,90.1,20.2,88.5,3.97,3,1,1.3,vespertina,ingenieria,0
1213,29,88.8,1.2,82.8,5.12,6,1,1.4,diurna,salud,0
1214,36,76.2,9.1,63.4,3.92,1,1,3.8,online,ingenieria,0
1215,42,53.1,11.8,83.9,5.72,1,1,4.6,vespertina,educacion,0
1216,18,100.0,9.4,70.9,5.14,1,0,7.9,diurna,administracion,0
1217,26,74.4,2.1,68.3,5.32,1,0,11.0,diurna,ingenieria,1
1218,32,93.9,3.7,82.8,5.02,3,0,3.0,online,salud,0
1219,40,100.0,11.3,68.3,5.56,3,0,0.8,diurna,educacion,0
1220,33,69.4,14.0,88.8,4.33,1,0,7.6,vespertina,educacion,0
1221,30,70.0,8.5,62.1,3.57,1,0,4.6,vespertina,salud,1
1222,29,64.3,9.4,75.5,4.0,3,0,14.8,vespertina,ingenieria,1
1223,41,100.0,5.3,47.5,4.67,1,0,8.0,diurna,educacion,0
1224,33,59.2,11.8,56.2,6.13,0,1,10.3,diurna,ingenieria,0
1225,27,100.0,2.9,98.6,4.47,7,1,5.1,vespertina,administracion,0
1226,32,89.0,7.4,90.2,4.54,1,1,7.8,vespertina,educacion,0
1227,28,44.2,11.6,93.3,5.04,0,1,8.2,online,ingenieria,0
1228,43,85.0,5.5,57.4,4.76,1,1,7.9,diurna,ingenieria,0
1229,24,52.8,6.7,100.0,4.85,2,1,10.0,diurna,salud,1
1230,32,86.8,2.0,75.1,4.87,3,0,2.2,diurna,administracion,1
1231,40,93.5,2.6,61.4,6.09,3,1,2.7,diurna,administracion,0
1232,21,60.8,7.2,58.3,4.96,2,1,4.2,diurna,ingenieria,1
1233,44,100.0,5.1,90.9,4.09,3,0,3.3,diurna,administracion,0
1234,43,100.0,18.0,92.4,5.2,1,0,2.1,diurna,educacion,0
1235,37,77.1,11.1,76.0,5.03,2,1,3.4,diurna,salud,0
1236,42,95.0,0.5,83.4,6.52,1,0,4.3,diurna,salud,0
1237,39,74.0,9.4,54.5,4.69,1,1,4.5,online,ingenieria,0
1238,18,80.2,4.4,67.5,4.45,3,1,4.8,online,educacion,1
1239,21,73.4,4.5,90.9,6.2,1,0,1.4,vespertina,educacion,0
1240,29,87.0,9.0,77.4,4.41,3,1,5.8,diurna,ingenieria,0
1241,24,94.3,,70.7,4.09,1,1,5.8,online,ingenieria,1
1242,40,60.9,3.8,76.1,5.02,1,1,5.6,diurna,administracion,0
1243,32,76.5,6.6,40.0,4.24,2,1,6.1,diurna,ingenieria,1
1244,27,73.3,4.0,85.4,3.84,1,1,2.3,diurna,ingenieria,1
1245,19,68.8,5.2,66.0,5.68,2,1,2.4,vespertina,administracion,0
1246,39,76.3,7.4,100.0,3.87,3,1,3.7,diurna,ingenieria,0
1247,36,72.4,3.6,68.6,2.97,2,1,5.5,vespertina,administracion,1
1248,20,82.8,2.6,86.2,4.94,1,1,7.1,diurna,ingenieria,0
1249,22,84.0,10.7,89.9,3.86,1,1,5.6,vespertina,administracion,0
1250,32,75.9,4.3,60.1,5.74,0,1,0.0,vespertina,ingenieria,0
1251,21,64.1,12.0,71.0,5.16,0,1,8.9,vespertina,administracion,0
1252,23,70.0,8.3,62.7,4.17,2,0,6.7,diurna,administracion,1
1253,22,74.9,3.4,87.3,3.81,4,1,0.7,vespertina,salud,1
1254,21,58.8,15.7,100.0,5.41,4,1,8.1,diurna,salud,0
1255,39,98.2,3.4,60.1,4.18,2,0,5.6,vespertina,salud,0
1256,26,80.2,9.8,52.7,3.25,0,1,8.0,diurna,ingenieria,0
1257,20,,13.8,100.0,5.69,3,0,5.3,vespertina,educacion,0
1258,20,97.0,2.2,91.8,5.01,1,0,3.0,diurna,ingenieria,0
1259,42,79.3,8.3,51.4,2.83,3,0,7.1,online,educacion,1
1260,21,93.9,5.7,100.0,3.96,2,0,4.0,vespertina,administracion,0
1261,42,82.2,9.0,74.6,5.63,1,1,6.0,vespertina,salud,0
1262,24,86.7,4.4,100.0,4.77,1,1,4.4,diurna,ingenieria,0
1263,18,81.9,8.8,59.9,6.59,0,1,6.9,vespertina,educacion,0
1264,40,77.6,3.6,88.9,3.54,2,0,0.0,diurna,administracion,1
1265,38,100.0,7.8,61.9,4.07,0,1,1.0,vespertina,administracion,0
1266,44,81.7,7.7,63.0,3.84,3,0,4.1,diurna,administracion,1
1267,38,68.2,4.4,100.0,5.52,1,1,4.3,diurna,educacion,0
1268,35,52.5,13.7,69.6,4.85,2,0,5.0,online,administracion,1
1269,24,78.5,3.7,74.9,4.12,2,1,5.0,diurna,salud,0
1270,29,77.8,9.3,78.9,6.74,2,0,8.1,diurna,ingenieria,0
1271,42,44.5,6.7,100.0,4.53,1,0,10.6,diurna,salud,0
1272,22,58.5,11.0,82.2,4.85,1,0,0.2,vespertina,administracion,0
1273,22,75.0,11.7,86.7,2.45,1,1,4.2,diurna,ingenieria,0
1274,43,57.3,6.7,56.3,5.45,4,1,8.5,diurna,educacion,0
1275,36,54.7,3.0,93.0,3.56,2,0,6.5,vespertina,administracion,1
1276,37,69.4,9.3,88.4,6.35,4,1,2.7,online,ingenieria,0
1277,39,100.0,11.9,64.2,4.37,1,0,11.5,diurna,salud,0
1278,41,60.0,5.2,83.6,5.61,3,1,9.2,diurna,ingenieria,1
1279,36,88.6,14.2,53.4,5.36,0,0,5.3,online,educacion,0
1280,29,91.7,10.1,99.3,5.08,1,1,4.9,diurna,administracion,0
1281,37,74.4,11.4,86.4,5.24,4,1,11.2,vespertina,administracion,0
1282,30,80.3,9.4,65.3,4.96,2,0,0.3,vespertina,administracion,0
1283,24,82.6,10.8,50.9,5.64,0,1,6.9,diurna,educacion,0
1284,27,79.7,3.8,75.4,4.31,3,1,8.9,vespertina,educacion,1
1285,41,59.8,7.9,59.8,6.34,3,1,4.6,vespertina,salud,1
1286,18,63.5,6.0,60.1,3.87,1,1,5.1,vespertina,ingenieria,1
1287,21,78.5,4.0,81.6,3.8,1,1,7.8,vespertina,ingenieria,0
1288,31,83.2,2.9,100.0,5.37,3,1,3.5,diurna,educacion,0
1289,23,100.0,8.5,71.0,6.72,1,0,3.5,diurna,administracion,0
1290,18,70.2,5.1,90.4,4.73,1,0,6.8,vespertina,administracion,0
1291,36,80.5,16.0,85.1,4.17,2,1,6.6,diurna,educacion,0
1292,21,89.0,16.2,51.0,4.08,1,1,6.5,diurna,salud,0
1293,44,72.5,3.1,42.2,3.35,2,0,0.0,diurna,salud,1
1294,24,100.0,11.1,68.2,4.81,5,1,9.3,vespertina,salud,0
1295,29,76.2,7.9,100.0,5.43,4,1,0.9,diurna,educacion,0
1296,31,77.2,5.1,66.4,6.48,0,0,9.1,online,salud,0
1297,38,100.0,7.4,59.6,6.8,4,1,3.8,diurna,salud,0
1298,24,73.6,7.4,58.6,4.17,2,1,3.3,diurna,salud,0
1299,21,81.6,3.5,70.4,3.71,2,1,3.4,diurna,ingenieria,0
1300,40,91.4,11.6,74.3,4.18,1,1,10.2,diurna,educacion,0
1301,29,63.0,10.3,79.9,4.95,2,1,5.4,diurna,ingenieria,0
1302,32,57.2,6.3,90.6,3.35,0,1,5.9,diurna,administracion,1
1303,24,72.2,3.6,55.3,4.68,0,0,3.4,diurna,educacion,0
1304,37,63.8,2.3,90.0,4.84,2,1,0.0,vespertina,salud,1
1305,42,78.9,10.1,46.0,4.76,4,1,9.6,diurna,ingenieria,1
1306,37,,5.9,91.8,4.77,2,1,9.7,diurna,administracion,0
1307,20,100.0,4.3,100.0,4.24,0,0,3.3,diurna,administracion,0
1308,41,86.5,7.4,72.9,4.72,3,0,5.4,diurna,ingenieria,0
1309,42,100.0,11.3,79.9,3.72,4,0,0.0,diurna,administracion,0
1310,27,56.6,2.1,100.0,4.63,2,0,4.0,diurna,ingenieria,1
1311,22,76.4,7.3,60.2,5.07,4,1,7.1,diurna,administracion,1
1312,41,100.0,7.3,53.5,4.03,1,1,1.1,diurna,ingenieria,0
1313,27,100.0,4.5,76.6,4.95,2,0,6.8,vespertina,ingenieria,0
1314,44,70.5,7.5,61.4,6.63,0,1,6.6,diurna,ingenieria,0
1315,21,88.5,9.1,64.9,4.58,5,1,2.3,online,salud,1
1316,29,80.4,12.3,72.0,4.33,1,0,3.1,online,ingenieria,0
1317,42,72.5,5.1,66.2,4.4,3,1,8.1,diurna,salud,1
1318,20,71.6,6.0,60.9,4.19,0,1,5.0,diurna,administracion,0
1319,28,62.2,2.3,80.8,5.31,1,0,7.7,diurna,administracion,1
1320,30,77.2,11.7,72.5,6.04,0,1,4.7,diurna,ingenieria,0
1321,24,87.4,4.2,47.1,5.41,0,1,7.3,vespertina,administracion,0
1322,36,57.6,6.0,88.6,6.58,3,0,6.5,online,administracion,1
1323,40,75.1,5.5,82.4,5.2,2,1,5.0,diurna,ingenieria,0
1324,18,92.6,7.6,92.4,4.28,3,1,10.5,online,salud,0
1325,30,60.3,6.8,53.9,3.37,3,1,8.8,diurna,salud,1
1326,24,100.0,10.3,59.7,6.48,3,0,3.6,online,ingenieria,0
1327,22,83.5,8.5,100.0,5.45,1,0,3.9,diurna,administracion,0
1328,40,80.8,2.0,86.5,4.7,0,0,2.3,diurna,ingenieria,0
1329,44,75.9,5.5,97.8,6.31,3,1,6.1,vespertina,salud,0
1330,30,47.6,11.6,57.8,5.33,2,1,5.5,online,ingenieria,0
1331,25,86.6,4.7,100.0,4.2,1,0,7.1,diurna,educacion,0
1332,43,55.9,8.3,71.8,4.85,4,1,4.1,vespertina,ingenieria,1
1333,24,100.0,7.9,71.8,4.23,5,1,0.0,diurna,ingenieria,0
1334,39,71.5,8.4,95.8,4.15,8,0,6.4,vespertina,ingenieria,1
1335,35,76.4,9.5,94.0,4.01,2,1,9.4,diurna,educacion,0
1336,18,73.6,6.1,71.7,3.97,1,1,2.6,diurna,ingenieria,0
1337,27,87.0,4.6,62.2,5.2,2,0,4.4,diurna,salud,0
1338,31,85.6,8.0,55.6,4.34,2,1,7.9,diurna,salud,0
1339,21,80.4,,87.2,4.79,0,1,2.9,diurna,educacion,0
1340,30,61.9,6.3,90.7,5.01,1,1,4.8,diurna,administracion,0
1341,39,100.0,8.6,100.0,5.13,2,1,7.0,diurna,administracion,0
1342,26,54.4,11.5,82.6,3.77,2,1,5.0,diurna,salud,0
1343,31,64.4,7.1,88.6,4.46,2,1,0.9,vespertina,administracion,0
1344,39,77.0,1.7,54.2,3.9,1,0,9.3,diurna,salud,1
1345,44,98.8,11.7,66.9,5.55,4,0,0.0,diurna,administracion,0
1346,37,93.7,4.1,72.2,5.05,3,1,5.8,vespertina,educacion,0
1347,39,81.7,3.7,70.6,3.92,4,1,5.7,diurna,salud,1
1348,30,73.3,3.7,53.3,3.68,2,1,6.4,diurna,ingenieria,0
1349,41,75.3,10.2,74.7,3.55,0,1,8.7,diurna,administracion,0
1350,19,48.6,3.2,63.3,4.88,2,1,5.6,online,administracion,1
1351,20,75.5,8.4,82.6,4.27,3,0,6.2,vespertina,administracion,0
1352,41,75.0,8.0,67.5,6.18,4,1,3.7,vespertina,ingenieria,0
1353,41,87.5,4.5,78.5,5.48,1,1,3.9,diurna,educacion,0
1354,38,50.8,2.2,83.4,5.35,0,0,6.6,diurna,administracion,0
1355,22,62.7,1.1,93.4,6.43,0,0,7.3,diurna,ingenieria,0
1356,21,75.5,5.8,47.0,5.59,3,0,1.7,diurna,administracion,1
1357,28,63.0,2.6,100.0,3.48,2,0,8.7,online,administracion,1
1358,34,85.9,5.3,73.3,5.38,0,1,5.6,online,ingenieria,0
1359,26,100.0,4.4,77.9,5.26,3,1,5.9,diurna,ingenieria,0
1360,38,85.1,5.4,84.2,4.15,0,1,0.4,diurna,administracion,0
1361,30,71.7,9.5,90.0,5.93,2,1,7.7,vespertina,ingenieria,0
1362,25,81.8,0.2,55.3,7.0,4,1,10.7,vespertina,ingenieria,0
1363,18,90.0,12.5,83.0,5.49,1,1,6.1,vespertina,educacion,0
1364,41,74.9,4.3,80.9,4.8,5,1,3.4,diurna,ingenieria,0
1365,32,81.7,2.7,73.4,4.81,1,0,8.2,vespertina,salud,0
1366,30,71.8,12.1,92.5,4.86,2,0,0.0,diurna,salud,0
1367,27,77.4,6.2,65.0,4.66,3,0,8.6,diurna,salud,0
1368,25,90.1,6.2,46.1,5.44,1,1,4.2,vespertina,salud,0
1369,22,75.5,2.1,68.7,5.53,0,1,1.7,diurna,ingenieria,0
1370,36,69.4,8.2,59.3,4.22,3,1,3.4,diurna,administracion,1
1371,36,86.4,2.3,75.5,5.66,3,0,6.0,diurna,salud,0
1372,41,91.4,6.9,73.4,6.35,1,0,4.6,diurna,administracion,0
1373,32,98.6,3.6,66.9,6.25,3,1,4.4,vespertina,salud,0
1374,35,92.1,7.9,100.0,4.06,0,1,1.1,online,ingenieria,0
1375,36,74.6,9.4,77.3,5.48,2,0,4.6,diurna,administracion,0
1376,19,99.9,9.5,73.2,4.15,1,1,5.4,vespertina,ingenieria,0
1377,20,62.6,8.2,86.9,4.98,0,1,3.8,diurna,educacion,0
1378,40,66.5,7.1,69.4,4.97,1,1,5.3,diurna,ingenieria,0
1379,29,54.1,1.5,86.5,5.2,3,1,0.0,diurna,administracion,1
1380,28,72.7,1.8,100.0,4.74,0,1,4.1,vespertina,ingenieria,0
1381,33,98.4,6.8,44.9,4.79,3,1,6.1,vespertina,ingenieria,0
1382,30,94.1,3.7,79.9,4.46,1,1,0.6,diurna,ingenieria,0
1383,24,78.0,11.8,75.2,5.81,3,0,5.0,vespertina,ingenieria,0
1384,26,66.2,6.7,59.5,3.78,1,1,3.2,diurna,salud,1
1385,31,77.6,7.5,74.3,4.65,2,0,7.6,diurna,salud,0
1386,22,59.6,4.3,21.2,6.05,1,0,9.7,diurna,salud,1
1387,36,56.0,5.2,100.0,5.69,6,0,5.0,online,salud,1
1388,44,83.5,8.1,83.5,5.68,1,0,11.8,diurna,administracion,0
1389,43,81.5,6.6,15.1,5.99,0,1,2.7,diurna,administracion,0
1390,19,57.1,3.5,72.6,6.05,6,1,3.4,vespertina,administracion,1
1391,28,97.2,9.7,52.6,5.39,1,1,6.6,diurna,ingenieria,0
1392,35,100.0,8.2,47.2,6.35,4,0,4.1,online,educacion,0
1393,20,100.0,4.0,100.0,3.79,2,0,7.1,diurna,ingenieria,0
1394,20,92.8,3.9,78.8,4.49,0,1,2.4,online,ingenieria,0
1395,32,76.6,2.6,71.7,6.46,4,1,3.3,online,ingenieria,0
1396,29,82.5,5.6,94.9,4.37,0,1,4.0,diurna,administracion,0
1397,37,70.9,5.3,78.6,3.74,2,1,4.2,diurna,salud,0
1398,37,62.3,6.3,81.3,3.93,2,1,6.4,diurna,salud,1
1399,28,37.0,,75.8,5.51,4,1,1.2,vespertina,salud,1
1400,24,60.1,2.0,54.0,3.64,4,0,5.0,online,salud,1
