pm25_ug_m3,pm10_ug_m3,no2_ppb,co_ppm,temperatura_c,humedad_pct,viento_m_s,estacion,tipo_dia,y_real,probabilidad_clase_1,prediccion
24.14,45.8,36.93,2.38,18.0,36.9,6.08,centro,feriado,0,0.026534134906403196,0
33.99,,19.12,0.54,18.8,98.0,3.75,sur,laboral,0,0.021176257370501585,0
12.74,26.81,44.07,1.88,12.0,85.8,3.87,centro,laboral,0,0.05485754685251263,0
13.71,29.91,48.35,2.69,15.8,41.1,2.78,norte,laboral,0,0.07085257385091909,0
26.95,43.02,42.05,2.53,24.3,90.2,3.15,norte,laboral,0,0.09487504810756095,0
10.8,20.72,26.87,1.31,28.3,55.6,1.71,centro,laboral,0,0.03605218867106942,0
21.99,42.63,43.1,1.65,18.8,65.7,7.44,norte,laboral,0,0.016268453825956868,0
7.62,13.83,17.83,0.59,18.6,49.0,2.55,industrial,laboral,0,0.037874335044300586,0
18.45,41.51,34.52,0.69,14.9,51.3,2.25,centro,laboral,1,0.04023083519408064,0
10.34,22.93,40.58,0.43,18.2,43.4,0.22,sur,fin_semana,0,0.22573747986046316,0
39.17,44.43,21.44,1.9,22.7,79.9,2.26,industrial,laboral,1,0.7914095723531587,1
34.39,66.2,8.81,0.51,24.0,40.1,4.16,sur,laboral,0,0.11201613495935162,0
19.28,38.03,56.9,0.93,15.8,60.3,4.06,centro,laboral,0,0.05499898918767983,0
33.0,58.8,24.96,0.66,31.1,88.2,2.65,sur,laboral,0,0.18586469120675822,0
13.65,27.46,50.44,0.78,15.3,57.1,5.98,industrial,laboral,0,0.056247446904363445,0
40.03,71.29,11.49,0.69,32.0,56.9,1.0,sur,laboral,1,0.24880117886605352,0
12.52,24.95,14.19,0.76,11.0,62.9,8.64,centro,fin_semana,0,0.004122871745307252,0
16.19,23.7,34.5,0.39,20.3,76.2,3.21,norte,fin_semana,0,0.009864231219705201,0
28.26,48.96,31.03,1.75,7.0,67.1,2.19,industrial,fin_semana,0,0.565381828605023,1
19.93,30.32,24.21,0.51,15.5,98.0,1.33,norte,laboral,0,0.044210078276886444,0
22.36,41.29,57.01,0.61,10.2,63.4,6.0,norte,laboral,0,0.027984397284507606,0
8.22,14.24,50.24,0.47,10.1,44.3,1.69,centro,laboral,0,0.031634101359227555,0
3.55,7.5,50.74,0.59,19.1,60.3,1.79,centro,laboral,0,0.04956825727995123,0
27.49,42.15,35.62,1.63,17.8,84.5,1.25,sur,fin_semana,0,0.1066285076253482,0
28.33,57.54,39.32,1.71,16.5,42.4,1.2,sur,laboral,0,0.4331765632983403,0
27.03,,14.83,1.48,15.1,32.8,2.15,centro,laboral,0,0.042150090159995844,0
,39.45,32.93,1.5,16.9,42.2,2.16,centro,laboral,0,0.06348103649700419,0
15.53,34.46,25.34,0.91,20.9,48.3,2.13,sur,fin_semana,0,0.026617559613653703,0
24.74,38.09,26.01,0.7,15.7,72.1,1.26,norte,laboral,0,0.05117730788887854,0
34.97,65.42,20.04,1.5,12.5,38.3,0.42,centro,laboral,1,0.450190785211022,0
22.98,56.42,35.27,1.51,14.7,37.2,1.1,norte,laboral,1,0.3306220275361992,0
9.08,21.69,36.35,1.48,15.6,47.2,4.36,industrial,laboral,0,0.09468421798469896,0
23.66,36.8,17.7,1.86,6.7,61.1,10.92,norte,laboral,0,0.006590583409687313,0
25.78,43.73,9.45,3.01,24.1,46.3,2.76,centro,laboral,1,0.0891906644674736,0
27.85,66.42,19.49,1.25,12.5,67.8,2.21,centro,fin_semana,0,0.1562624400439432,0
13.5,25.46,41.38,1.09,16.0,77.0,3.46,centro,laboral,0,0.037282433723373684,0
35.74,74.07,20.91,0.86,21.6,63.8,2.9,norte,fin_semana,0,0.14201522950385426,0
17.48,39.55,77.62,1.62,-0.8,50.8,1.43,norte,fin_semana,1,0.709515497555277,1
26.23,52.81,38.74,1.47,20.0,83.5,2.74,centro,fin_semana,0,0.1840554020463009,0
44.05,82.34,41.29,2.1,11.9,56.7,1.07,centro,laboral,1,0.8244043017439157,1
25.81,48.94,62.6,2.76,20.1,63.8,2.95,centro,laboral,0,0.43320724145645756,0
18.34,31.31,27.48,0.42,15.0,54.8,4.04,norte,fin_semana,0,0.011184310182192911,0
20.86,38.34,38.99,1.65,4.1,64.8,0.45,industrial,laboral,1,0.5541473815892528,1
21.87,34.47,36.99,4.59,10.5,64.4,5.21,industrial,fin_semana,0,0.5139420479048483,1
11.81,28.27,20.61,3.71,25.2,25.6,1.99,industrial,laboral,1,0.21877405728941793,0
18.83,27.17,29.03,1.48,20.2,71.9,2.9,centro,feriado,0,0.029838068709994822,0
22.73,47.02,19.25,1.86,19.2,27.0,2.36,norte,fin_semana,0,0.06618250315669959,0
13.79,25.76,14.52,1.18,9.1,52.0,4.67,industrial,laboral,0,0.1533393220975351,0
51.57,73.41,86.62,2.19,17.6,64.8,4.85,centro,fin_semana,0,0.8635738727265925,1
16.79,27.46,29.95,0.71,11.8,51.0,0.84,centro,fin_semana,0,0.05745919740376078,0
29.36,61.42,25.53,1.21,7.4,47.3,1.0,norte,laboral,0,0.3378553622807904,0
27.12,41.82,40.43,3.1,10.2,61.6,4.7,norte,laboral,0,0.23244418606189315,0
12.7,27.16,26.52,0.64,10.8,15.0,2.87,centro,laboral,0,0.03356222172942488,0
15.03,35.31,33.86,1.56,23.4,62.1,7.56,sur,laboral,0,0.013675804384717008,0
15.08,22.07,22.11,1.67,18.8,85.8,2.94,industrial,laboral,0,0.09775778252425045,0
10.2,21.46,20.31,1.0,26.7,80.6,1.84,centro,laboral,0,0.017972741307380448,0
34.45,81.0,17.62,3.27,10.7,42.2,3.04,industrial,fin_semana,1,0.8892720938398531,1
32.02,42.56,27.71,1.09,20.2,67.5,2.99,norte,laboral,0,0.07391173588158902,0
18.44,42.22,48.45,1.78,15.8,59.3,1.6,industrial,laboral,0,0.3449918635082495,0
16.3,33.14,18.22,0.93,20.5,72.4,2.16,sur,fin_semana,0,0.012594109033970773,0
9.28,14.64,44.05,1.38,6.0,64.0,1.55,centro,laboral,0,0.04839448811299058,0
22.31,52.23,26.01,2.11,15.8,84.8,1.87,sur,fin_semana,1,0.1531958021826749,0
15.34,33.25,22.8,1.11,12.0,76.1,5.1,industrial,laboral,0,0.16709349577695246,0
28.55,57.38,27.67,1.1,27.7,54.9,4.75,industrial,laboral,0,0.4758196262225836,0
59.0,125.82,31.78,1.16,13.4,56.5,6.29,industrial,laboral,1,0.8382562281843958,1
16.88,28.15,10.65,0.59,26.5,81.5,2.21,centro,fin_semana,0,0.020459769807597526,0
35.28,63.68,34.23,1.98,16.8,35.9,0.78,sur,laboral,0,0.6374328682863868,1
33.04,47.75,36.33,1.1,12.1,56.3,1.37,norte,fin_semana,0,0.18961965525531319,0
27.7,52.78,41.55,1.67,15.4,69.3,1.74,centro,fin_semana,0,0.17386015565754073,0
9.54,17.45,40.92,1.04,28.9,53.6,3.65,sur,laboral,0,0.017951557522200918,0
43.12,64.04,28.09,1.11,13.3,76.2,0.45,centro,laboral,0,0.6290243114855067,1
16.95,35.61,66.49,1.73,25.0,79.4,1.73,sur,laboral,1,0.18513850421409198,0
18.6,35.02,19.26,2.99,14.0,63.4,2.8,norte,fin_semana,1,0.1119379511059474,0
12.49,21.98,92.44,1.61,17.8,70.0,2.72,industrial,fin_semana,1,0.3091909794207985,0
11.71,24.75,16.9,2.26,15.9,62.9,2.23,sur,fin_semana,0,0.018673881845917534,0
27.09,53.05,62.74,1.24,5.5,72.5,4.9,centro,laboral,1,0.11146104835399243,0
18.19,40.79,40.87,1.46,27.2,63.2,5.81,centro,laboral,0,0.018361934900838785,0
35.7,79.11,23.49,1.08,16.5,32.1,3.73,centro,laboral,0,0.18953781632979047,0
25.61,63.65,22.27,0.86,10.4,66.9,2.46,industrial,laboral,0,0.3726962871530584,0
17.35,43.39,32.17,0.38,20.8,29.1,1.66,industrial,laboral,1,0.08318438376029308,0
21.45,35.69,30.46,0.88,21.8,68.9,8.95,industrial,fin_semana,0,0.014523336741724594,0
31.1,85.05,17.19,1.17,16.9,96.6,0.98,centro,fin_semana,0,0.4013031891488479,0
19.4,37.9,18.52,0.91,12.8,21.9,2.62,norte,laboral,0,0.021538167156380194,0
59.15,147.81,27.93,2.57,-2.1,70.6,7.46,industrial,laboral,1,0.8803836927655639,1
22.21,43.14,33.85,1.64,26.2,28.1,0.51,sur,laboral,0,0.2678822436183813,0
24.26,51.86,36.51,0.42,8.7,50.5,9.11,centro,laboral,0,0.01997649366561979,0
22.76,45.07,43.5,1.17,8.9,60.3,2.19,centro,feriado,0,0.19374652177218804,0
57.16,91.82,29.81,1.54,10.4,31.7,1.64,centro,laboral,1,0.8036200641805505,1
15.11,33.87,40.11,0.93,16.7,56.9,4.05,centro,fin_semana,0,0.021106058602286336,0
24.56,49.91,34.35,0.52,32.4,39.0,5.36,centro,laboral,0,0.023233138422828814,0
52.88,104.14,37.3,0.45,32.7,43.2,1.28,sur,laboral,1,0.6594667073434801,1
37.56,54.44,20.07,0.64,15.6,55.1,4.57,centro,laboral,0,0.047671975080737485,0
19.85,45.55,41.7,0.4,21.1,78.3,1.27,centro,fin_semana,0,0.08637403004061553,0
19.27,25.05,22.91,0.41,22.0,54.4,1.75,centro,laboral,0,0.021037775431707196,0
17.01,36.95,28.96,1.38,14.8,58.0,0.72,norte,laboral,0,0.11564472916860959,0
24.25,39.13,34.4,0.74,16.8,62.1,7.53,sur,fin_semana,0,0.00936831056502401,0
20.12,34.63,29.39,2.53,14.6,44.0,4.71,norte,laboral,0,0.04889536168482212,0
23.71,45.82,19.78,1.99,28.3,44.2,3.93,norte,fin_semana,0,0.0475742759010014,0
23.47,42.94,34.67,2.65,12.2,87.3,1.2,centro,laboral,0,0.1923359922286439,0
26.46,50.42,46.02,2.19,10.7,55.3,4.07,sur,laboral,0,0.20239510326830717,0
21.85,43.15,33.46,2.04,22.7,56.6,2.87,sur,laboral,0,0.06821342742884655,0
17.18,29.48,27.98,1.27,14.3,72.6,0.31,sur,fin_semana,0,0.07587903038407946,0
23.52,55.26,16.65,1.24,11.1,58.6,0.98,centro,fin_semana,0,0.12944250800215365,0
32.97,68.79,45.68,0.92,19.8,47.3,1.0,norte,fin_semana,0,0.43693506842599905,0
31.49,63.78,30.54,1.1,22.9,52.7,4.63,norte,fin_semana,0,0.047473929481443196,0
20.38,38.57,18.94,1.24,18.0,75.9,1.63,centro,laboral,0,0.03549573961350028,0
32.78,64.85,22.62,1.01,7.9,55.6,2.63,sur,feriado,1,0.09647454379558203,0
34.59,64.28,28.28,0.91,9.2,46.7,3.45,sur,feriado,0,0.11982545640356682,0
6.23,9.44,20.67,1.17,22.0,79.9,4.6,industrial,laboral,0,0.04889727669132331,0
44.87,84.53,42.52,0.64,19.1,88.2,2.46,industrial,fin_semana,1,0.6071285349746215,1
16.09,38.11,50.7,2.53,18.3,79.9,2.92,norte,fin_semana,1,0.04468853342006872,0
13.01,25.4,35.17,1.07,12.1,59.8,0.64,sur,laboral,0,0.1893148923636289,0
33.15,68.89,24.39,0.55,20.2,77.4,4.08,centro,laboral,0,0.044303263540979285,0
19.6,36.15,47.99,0.62,2.1,48.2,1.48,industrial,laboral,1,0.25977577298784,0
20.49,27.9,34.96,0.91,1.8,62.5,0.5,norte,laboral,0,0.08049785052173672,0
10.41,20.11,23.16,2.28,15.9,46.0,2.74,sur,laboral,0,0.11720481169984753,0
34.85,53.55,,0.59,-3.0,40.0,0.76,industrial,laboral,0,0.7425798613198606,1
18.82,24.71,31.39,1.35,16.7,49.0,2.24,centro,laboral,0,0.055761541731144636,0
14.76,26.28,36.73,0.59,17.2,56.3,5.19,norte,laboral,0,0.019421791138094197,0
11.97,27.86,10.81,0.86,5.3,73.6,0.34,norte,fin_semana,0,0.014821684148830352,0
15.92,38.49,25.76,0.86,21.7,95.8,1.24,industrial,laboral,0,0.12359372920960607,0
15.77,35.59,34.87,0.75,16.5,65.9,3.66,industrial,laboral,0,0.07112580823322275,0
28.26,61.26,43.37,0.44,18.4,61.4,2.67,centro,laboral,0,0.14685540609116837,0
18.84,35.19,38.56,1.38,13.3,77.1,2.06,norte,laboral,0,0.06968509968280315,0
37.69,73.12,72.14,0.45,10.9,51.6,2.71,centro,fin_semana,1,0.49491095390619766,0
24.45,31.18,39.62,1.0,9.9,72.4,4.26,industrial,laboral,0,0.1963505554571234,0
17.04,30.32,34.38,0.38,21.9,38.9,1.82,norte,laboral,0,0.028183378750443695,0
23.92,37.18,24.26,1.06,14.5,94.8,3.7,norte,laboral,1,0.03232872243124218,0
16.98,30.46,22.87,1.15,24.0,78.3,11.74,centro,laboral,0,0.013894635208484342,0
52.78,103.66,34.52,1.93,4.9,59.6,7.46,centro,laboral,0,0.2966158652664567,0
5.33,10.55,18.94,0.83,22.2,75.0,1.4,industrial,fin_semana,0,0.02279131786753013,0
10.07,21.84,30.25,1.07,9.3,89.1,0.25,industrial,laboral,0,0.8591945717201801,1
2.76,5.09,93.85,0.72,14.9,63.8,3.13,centro,fin_semana,0,0.12667035937125998,0
22.61,28.54,,0.57,29.5,80.3,2.67,sur,laboral,1,0.03041791375272598,0
26.68,48.68,48.85,1.75,17.0,68.5,1.54,centro,fin_semana,1,0.33814778905058107,0
9.93,9.19,43.92,2.86,11.2,77.5,2.5,norte,laboral,1,0.055131141594862244,0
10.53,17.13,51.79,1.25,14.8,89.8,4.17,industrial,laboral,0,0.17113397320441706,0
38.27,71.95,58.29,0.85,13.8,74.2,4.83,sur,fin_semana,0,0.22789826424042833,0
23.25,45.82,36.62,0.83,9.4,91.1,4.54,industrial,laboral,0,0.1602189576184002,0
19.85,51.87,35.65,1.18,6.5,44.5,3.53,sur,laboral,0,0.09862637133686593,0
57.36,128.14,19.67,0.84,11.3,73.4,2.91,norte,laboral,1,0.5501694934501379,1
17.84,37.65,15.59,1.26,17.9,38.5,0.85,centro,feriado,0,0.0473024011057938,0
18.05,43.65,33.33,0.86,20.7,36.3,1.16,industrial,feriado,0,0.28900383525598083,0
25.24,60.0,37.11,2.08,8.8,85.5,1.91,industrial,laboral,1,0.8200276039387334,1
20.29,48.33,41.9,0.83,30.3,68.8,3.22,centro,laboral,0,0.11346386094647655,0
8.69,18.58,27.14,1.56,14.6,80.0,3.15,industrial,laboral,0,0.14133659069274723,0
11.42,25.16,24.79,2.16,2.7,44.5,3.0,sur,fin_semana,0,0.026191583561951264,0
40.84,76.53,26.22,2.46,12.5,46.0,0.92,centro,laboral,1,0.9036975518703255,1
25.01,34.53,19.35,1.16,12.1,38.8,3.31,sur,laboral,0,0.041959982921077534,0
10.15,19.58,36.74,1.04,6.7,62.9,0.84,sur,laboral,0,0.038583633906469295,0
22.41,40.53,45.43,2.29,23.8,76.5,2.76,sur,fin_semana,0,0.07972941597547391,0
20.51,41.3,26.83,1.47,13.3,85.2,1.32,sur,laboral,0,0.09658013831911513,0
8.13,11.84,25.16,0.56,-2.2,62.6,5.24,industrial,laboral,0,0.026690129073311034,0
20.86,37.71,30.26,1.38,20.0,33.9,2.26,norte,fin_semana,1,0.03493910169990512,0
27.05,42.25,39.11,0.37,20.8,88.5,5.17,norte,laboral,0,0.013854141704464524,0
30.2,55.77,69.0,0.73,18.1,96.5,1.28,industrial,laboral,1,0.9391582145478139,1
16.55,35.75,52.61,1.0,1.4,49.1,1.72,norte,laboral,1,0.061719411156175595,0
16.54,26.44,43.21,2.61,5.9,52.6,7.5,norte,fin_semana,0,0.0143842251255021,0
21.13,37.73,24.31,1.04,14.7,15.9,8.05,norte,feriado,0,0.01428459931698826,0
,49.53,21.82,0.79,15.6,78.3,1.71,norte,fin_semana,0,0.0641923971046908,0
12.18,20.26,23.72,0.62,23.2,58.4,2.39,sur,laboral,0,0.01799383255107339,0
25.21,48.25,29.79,0.7,17.3,43.8,1.92,sur,laboral,0,0.1161798639257314,0
16.11,26.37,48.22,1.2,8.4,60.9,4.83,centro,feriado,0,0.029252515770008845,0
17.67,32.2,21.54,0.67,23.3,45.8,3.22,centro,fin_semana,1,0.01879071723236964,0
13.95,30.9,25.83,0.92,14.1,58.5,3.6,industrial,laboral,0,0.09403460643596673,0
35.63,100.01,22.89,2.78,13.5,98.0,0.38,centro,laboral,0,0.9618252626785824,1
29.73,63.83,27.93,1.74,17.9,19.5,1.37,sur,fin_semana,0,0.2576015046818086,0
10.92,23.83,47.69,2.53,16.3,74.8,4.07,sur,laboral,0,0.04756350716344183,0
17.33,32.35,25.06,0.91,16.5,61.1,4.28,sur,fin_semana,0,0.0175880851746678,0
33.09,69.57,16.61,1.9,8.8,74.1,2.0,centro,fin_semana,0,0.224766338910061,0
34.22,50.08,32.02,0.95,11.6,37.8,0.53,industrial,fin_semana,0,0.720005465034862,1
19.75,36.91,53.11,0.71,18.4,98.0,1.77,centro,laboral,0,0.2015900154359438,0
23.71,39.7,53.66,2.74,11.7,64.7,11.71,sur,laboral,0,0.06562850040415347,0
25.33,52.13,26.38,0.85,21.3,55.4,1.51,norte,laboral,0,0.14341467802724123,0
19.49,35.3,24.96,2.32,14.3,72.0,4.55,sur,laboral,0,0.05057282130152671,0
12.63,24.17,17.08,0.67,21.7,98.0,3.81,industrial,fin_semana,0,0.020111414713944734,0
15.63,25.96,40.99,2.11,16.1,76.7,0.91,industrial,laboral,1,0.4881249327151866,0
11.53,29.89,46.15,0.8,3.4,81.1,3.25,centro,fin_semana,0,0.028714132698300088,0
10.5,23.23,20.24,1.0,23.3,49.4,3.71,sur,laboral,0,0.010894964829136882,0
24.1,48.32,33.77,0.82,10.9,41.9,5.61,norte,laboral,0,0.028468505836124734,0
9.88,20.98,14.76,0.77,17.7,45.0,1.94,sur,fin_semana,0,0.010752034153383515,0
19.62,31.52,47.25,1.73,16.1,83.5,3.81,norte,laboral,0,0.032761997317699625,0
14.07,30.3,37.37,1.15,28.5,67.0,2.14,industrial,feriado,0,0.11669142778198832,0
48.04,96.39,55.06,1.55,10.8,69.7,4.25,sur,laboral,1,0.5784402904358439,1
19.03,44.73,31.88,0.68,11.4,98.0,1.08,centro,laboral,0,0.4371919918000271,0
10.66,17.11,26.87,0.87,13.8,55.7,5.61,sur,fin_semana,0,0.006791137606400365,0
32.09,27.28,37.78,2.95,17.5,89.2,3.78,industrial,laboral,1,0.6927518289821288,1
20.93,48.46,26.15,1.17,10.4,33.4,4.27,sur,laboral,0,0.09419964630339464,0
20.53,37.97,24.32,3.79,25.4,85.2,1.94,centro,feriado,0,0.0810764771775999,0
,6.69,12.91,0.99,9.9,57.6,2.95,sur,fin_semana,0,0.01956245260338072,0
52.21,111.25,43.36,1.21,22.1,54.3,8.21,centro,laboral,0,0.3480772730989049,0
36.01,64.28,28.34,0.91,18.0,46.6,5.41,centro,laboral,0,0.03894987147638187,0
,16.97,35.39,0.7,-3.0,67.0,5.0,norte,feriado,0,0.01479570264935294,0
60.85,133.58,47.2,1.3,13.5,49.7,2.55,industrial,laboral,0,0.9910393893756618,1
21.68,47.82,20.29,1.12,3.6,70.4,7.88,norte,laboral,0,0.012203210231690445,0
12.74,21.87,28.16,1.36,15.4,51.1,1.96,norte,laboral,0,0.02860480005844346,0
,22.96,17.31,1.23,8.4,67.4,4.48,sur,laboral,0,0.027097591284556848,0
8.28,15.93,10.73,1.95,9.6,82.4,2.07,sur,laboral,0,0.028931661159955137,0
19.8,32.86,21.4,0.78,16.9,96.0,0.82,centro,laboral,1,0.06358842295230263,0
15.93,26.31,27.19,0.65,31.0,48.9,2.45,industrial,laboral,0,0.08142345796681556,0
24.4,41.71,13.68,2.03,6.5,67.2,4.28,sur,laboral,0,0.026951352480525187,0
20.25,,53.53,0.97,20.7,49.8,5.67,norte,laboral,1,0.019402883127105326,0
9.65,19.0,41.8,2.68,15.1,72.6,1.5,sur,laboral,0,0.08212162334905551,0
24.41,44.82,46.7,0.56,13.4,72.1,2.23,norte,fin_semana,0,0.07476056776956862,0
17.73,39.18,30.02,1.06,25.7,97.0,2.96,centro,laboral,0,0.06314924566247512,0
26.65,57.33,28.88,1.11,12.4,78.5,1.79,industrial,fin_semana,0,0.4837677303048688,0
24.97,49.62,44.77,1.23,5.7,66.6,3.87,sur,fin_semana,0,0.10794508446929302,0
33.79,75.62,45.08,1.62,24.2,71.7,1.11,industrial,laboral,1,0.9139145017031198,1
21.81,47.25,51.15,1.97,17.8,45.4,1.49,norte,laboral,0,0.27719757844821996,0
29.29,59.11,33.86,0.8,24.4,55.0,1.81,centro,feriado,0,0.1434900864537526,0
10.08,22.62,25.7,2.45,26.8,41.3,3.5,centro,feriado,0,0.029351751481229246,0
24.97,46.48,33.84,0.88,23.0,43.9,1.92,industrial,feriado,0,0.18401738493990327,0
15.19,27.47,41.53,0.52,26.8,87.3,1.41,centro,laboral,0,0.05449315866642881,0
12.35,25.45,49.13,1.34,7.3,65.9,0.29,sur,laboral,0,0.1237206687277008,0
32.93,67.87,49.06,1.05,17.9,54.8,1.36,industrial,laboral,1,0.9028860427036619,1
11.29,21.12,21.57,0.54,14.2,45.9,0.71,sur,laboral,0,0.03354018718469692,0
18.96,32.41,20.32,1.39,14.5,63.1,4.04,centro,laboral,0,0.024479173752582656,0
31.35,67.65,30.84,0.54,10.4,64.1,0.92,norte,laboral,0,0.24078258966123892,0
33.04,63.2,26.24,1.17,22.0,63.8,2.51,industrial,fin_semana,1,0.47440701970833904,0
31.42,52.41,50.46,0.82,15.6,65.0,3.61,centro,fin_semana,0,0.10198673680524374,0
24.8,58.02,39.5,1.43,26.9,65.2,1.99,industrial,laboral,1,0.5568572935844937,1
22.66,36.9,30.3,1.0,15.8,57.2,4.62,centro,laboral,0,0.028407313572681326,0
15.45,28.95,22.81,2.32,15.5,41.5,2.4,industrial,laboral,1,0.24470109577369475,0
13.83,29.5,26.66,0.79,10.5,63.5,3.7,sur,laboral,0,0.023584893211259145,0
16.1,31.98,16.32,2.08,13.3,57.0,3.96,sur,fin_semana,0,0.02567897562655699,0
43.28,92.47,11.12,1.16,21.2,83.1,0.7,centro,laboral,1,0.6135034635364679,1
24.2,63.55,22.92,0.71,18.1,51.5,8.04,centro,laboral,0,0.01775187796713448,0
19.45,37.22,21.77,1.61,21.9,43.9,0.4,sur,fin_semana,1,0.09464214259152455,0
28.2,59.08,13.15,0.56,13.5,79.0,4.37,sur,fin_semana,0,0.01693095999801185,0
20.13,38.46,62.49,0.76,29.8,78.1,2.78,sur,laboral,0,0.08403476096379009,0
17.61,33.56,30.38,0.88,14.8,66.2,0.7,norte,laboral,0,0.11954260220712477,0
12.65,21.18,23.43,0.59,12.7,43.2,0.19,sur,laboral,0,0.5065851821487746,1
8.32,17.53,42.1,1.47,7.2,55.5,1.66,norte,fin_semana,0,0.01999215442500459,0
8.95,15.77,34.29,0.73,20.5,58.3,1.35,industrial,laboral,0,0.07390466196798684,0
24.82,44.89,43.89,0.48,19.3,48.4,0.68,sur,laboral,0,0.14946920648642772,0
12.35,20.38,31.44,1.33,9.9,88.8,0.28,norte,feriado,0,0.18050627089728835,0
20.02,30.21,40.23,2.22,17.6,57.7,0.1,centro,laboral,0,0.6858315972216654,1
32.08,78.47,33.25,1.39,20.1,52.9,1.18,sur,laboral,1,0.45590342893567465,0
15.18,26.42,41.69,0.78,18.0,67.7,2.03,industrial,laboral,1,0.09709900646770711,0
17.45,23.9,39.1,1.31,18.9,89.8,1.97,industrial,fin_semana,0,0.09168911087264976,0
18.87,24.35,43.26,0.56,31.4,65.0,3.97,sur,fin_semana,0,0.01528415086031028,0
33.18,69.66,51.76,1.08,19.1,51.3,1.29,centro,laboral,0,0.6348333810715906,1
19.83,35.14,5.37,0.74,3.7,34.4,1.68,centro,laboral,0,0.03343152861230446,0
9.38,19.02,11.83,1.17,27.4,83.8,5.06,norte,laboral,0,0.005770622106661806,0
40.05,98.39,61.92,0.31,22.6,68.5,4.81,centro,laboral,0,0.29852519408626044,0
17.14,35.35,30.91,1.52,16.3,53.4,0.54,centro,laboral,0,0.1540350462327171,0
18.72,32.2,73.83,1.08,19.5,81.3,5.71,industrial,fin_semana,1,0.3639074151046025,0
34.0,51.81,19.13,1.07,11.7,76.7,3.65,industrial,laboral,0,0.47677376932725,0
9.75,21.77,18.5,0.32,11.0,74.2,4.9,centro,laboral,0,0.007561136645429631,0
52.96,93.91,18.03,0.55,19.8,51.9,0.21,sur,fin_semana,0,0.5920144146160037,1
5.79,14.03,39.04,1.76,18.9,44.5,5.97,centro,laboral,0,0.013344274758705775,0
33.32,60.53,49.01,1.15,9.3,71.1,5.36,sur,fin_semana,0,0.1506818259542395,0
65.52,144.76,40.99,3.41,29.9,65.3,4.33,norte,laboral,1,0.8078595413569629,1
13.29,26.59,26.19,1.49,14.1,81.8,4.29,industrial,laboral,0,0.15056159182431664,0
38.87,86.42,22.49,1.42,23.2,94.6,2.98,industrial,laboral,1,0.7883810897719425,1
18.03,31.31,43.91,3.41,13.1,63.7,3.05,norte,feriado,0,0.24444531566564875,0
27.69,53.34,78.03,0.83,26.3,63.6,1.3,industrial,laboral,1,0.9733677410762349,1
48.22,,27.18,1.22,18.7,38.7,2.5,norte,laboral,0,0.21596113477789602,0
10.53,21.99,32.84,1.55,22.2,98.0,1.72,centro,laboral,0,0.11035342505360281,0
36.39,69.18,39.67,2.64,0.8,75.9,0.37,industrial,fin_semana,1,0.9284067875278378,1
26.58,40.37,49.8,1.27,18.0,29.2,7.27,industrial,laboral,0,0.12445591116407567,0
15.58,28.95,29.97,1.84,23.8,69.8,2.86,industrial,laboral,0,0.14508028809202414,0
9.62,18.26,18.12,1.29,17.0,63.8,5.95,industrial,laboral,0,0.03046317964077097,0
13.75,27.12,31.65,2.13,9.9,75.6,0.24,industrial,laboral,0,0.9034824631747427,1
19.58,28.73,30.43,0.68,7.4,58.8,3.85,centro,laboral,0,0.019318244528093494,0
18.73,44.83,8.7,0.72,16.9,66.4,2.39,sur,laboral,0,0.062211894180094846,0
38.07,78.57,27.98,1.31,3.2,75.7,1.73,centro,laboral,0,0.38123367894585464,0
18.73,30.78,36.19,2.31,19.0,66.6,2.09,norte,laboral,0,0.052834277515519446,0
42.11,76.66,38.34,1.16,16.2,62.2,1.78,sur,feriado,0,0.45410197909879946,0
28.72,68.16,24.79,0.38,23.4,43.8,2.71,sur,laboral,0,0.11935954519617477,0
29.37,59.64,27.63,0.77,28.4,48.2,2.04,industrial,laboral,0,0.5290590996895365,1
55.08,38.48,54.93,1.44,15.2,71.4,4.26,norte,laboral,0,0.5031971249130285,1
18.47,28.51,22.16,1.56,5.5,78.4,2.2,centro,fin_semana,1,0.03204352611943019,0
33.24,60.68,10.69,0.89,16.7,42.1,0.3,industrial,fin_semana,1,0.2027244626265152,0
13.11,17.03,36.69,1.55,7.0,72.7,1.36,centro,laboral,0,0.03318132830700024,0
15.26,28.12,19.8,2.16,23.7,37.9,2.06,norte,laboral,0,0.030719616629030583,0
18.17,28.2,72.36,2.47,21.4,87.4,2.44,sur,laboral,0,0.37365354258846156,0
13.92,26.51,33.47,0.77,10.8,47.0,4.83,sur,fin_semana,0,0.01738308847600412,0
51.78,116.32,22.04,1.13,26.7,69.7,1.17,centro,laboral,0,0.833285467182237,1
9.52,20.84,49.77,2.25,18.2,49.7,2.8,centro,laboral,0,0.0618700247798103,0
18.64,44.5,19.33,0.91,15.4,73.6,2.0,centro,fin_semana,0,0.04147747489142537,0
18.48,31.47,23.62,0.48,10.4,58.7,2.53,industrial,fin_semana,0,0.0503913793837142,0
5.76,10.69,41.67,1.34,31.6,43.6,1.06,norte,laboral,0,0.056180957128025774,0
8.55,12.62,33.41,2.58,29.8,68.2,2.4,norte,laboral,0,0.026882612860753302,0
41.33,69.82,34.57,1.49,16.7,69.9,4.96,centro,feriado,1,0.13863109980651936,0
10.01,16.25,12.57,0.7,20.4,62.7,0.88,industrial,laboral,0,0.041528091121765066,0
24.24,48.2,18.44,0.72,18.7,62.9,3.99,centro,laboral,0,0.01979845049917548,0
52.72,72.95,40.26,1.93,16.7,79.3,1.14,industrial,laboral,1,0.9789320662696168,1
26.72,52.08,9.85,1.21,9.9,53.5,1.02,norte,laboral,0,0.15109984023056564,0
10.81,17.74,23.36,0.81,12.9,43.1,5.52,industrial,fin_semana,0,0.016238868277241275,0
24.97,45.01,11.35,1.47,26.8,84.1,2.5,centro,laboral,0,0.07808549933627361,0
20.71,35.3,33.71,1.03,11.8,48.1,3.14,centro,laboral,1,0.04286565469358751,0
11.74,21.77,41.12,1.84,28.6,63.0,5.2,norte,laboral,0,0.01317213637229082,0
18.29,32.56,32.95,0.35,11.3,73.7,0.44,industrial,laboral,0,0.2574866492063371,0
26.53,57.8,25.8,0.39,15.4,94.4,2.39,norte,fin_semana,0,0.10239489599942965,0
32.35,67.7,49.69,1.37,26.4,52.4,1.08,norte,laboral,0,0.6176302496979936,1
27.34,47.3,78.02,1.1,12.9,49.5,1.71,norte,laboral,1,0.8290521034639621,1
26.4,65.03,28.75,0.79,12.0,64.9,5.44,centro,fin_semana,0,0.02058896383775627,0
18.3,39.39,16.54,1.01,1.3,44.5,6.75,sur,fin_semana,0,0.006671885222762102,0
21.31,40.18,31.0,3.77,22.1,57.4,1.91,industrial,laboral,0,0.527289834871165,1
12.43,24.44,33.58,1.6,12.0,60.1,3.03,industrial,laboral,0,0.20138148492318772,0
58.64,118.29,50.61,0.81,9.3,67.7,0.68,sur,laboral,1,0.9608092149140066,1
21.86,43.45,55.55,1.76,25.7,58.1,2.65,industrial,laboral,0,0.3281176317047951,0
17.73,41.6,31.29,1.21,19.8,55.1,5.62,norte,fin_semana,0,0.010064767187285785,0
37.82,53.88,36.46,1.4,17.8,41.6,1.62,norte,laboral,0,0.24872169350513887,0
35.87,85.25,23.32,1.85,16.5,53.9,0.76,centro,fin_semana,0,0.5695421604831133,1
18.86,38.66,34.06,0.56,16.5,86.6,2.66,sur,laboral,0,0.024916223714308575,0
17.71,33.66,45.31,1.23,26.2,46.2,2.51,sur,fin_semana,0,0.05602666609658241,0
36.79,58.84,31.73,0.31,12.5,66.0,1.34,sur,laboral,0,0.28271590200917607,0
10.67,21.5,15.35,2.14,11.4,73.1,2.22,centro,laboral,0,0.02627063735154603,0
10.3,17.19,36.62,4.97,16.9,36.5,2.24,sur,laboral,0,0.15518837881222772,0
26.76,60.26,26.22,2.09,12.8,98.0,4.74,norte,laboral,0,0.40623513940628536,0
22.7,26.15,24.13,1.26,3.0,64.7,0.61,sur,laboral,0,0.08542051945232249,0
10.88,21.38,40.33,1.1,20.9,61.7,8.4,industrial,laboral,0,0.0516566570689375,0
17.16,31.94,33.22,1.32,6.4,82.8,1.48,norte,laboral,0,0.04813319803692166,0
19.19,36.3,30.03,1.27,13.3,32.6,2.39,centro,laboral,0,0.06474673768112027,0
41.79,69.22,18.0,0.5,17.6,63.3,1.41,norte,laboral,0,0.1153886055706062,0
38.94,60.88,41.27,2.28,14.5,66.0,2.59,norte,laboral,1,0.5263421436167829,1
22.41,51.43,34.86,1.86,19.0,80.2,2.37,centro,laboral,0,0.17164071812070286,0
24.48,45.9,12.15,1.08,22.6,94.8,3.5,industrial,laboral,0,0.16929418738311092,0
30.79,58.22,56.93,1.31,21.1,35.4,2.21,norte,fin_semana,0,0.40584992365513894,0
24.29,40.41,31.56,1.65,19.3,83.2,8.71,norte,laboral,0,0.013213651995583614,0
11.85,25.98,9.12,2.36,12.6,46.0,1.61,sur,fin_semana,0,0.06443195417564826,0
26.66,58.38,43.38,1.22,3.9,74.0,2.39,norte,laboral,0,0.20842848508687412,0
46.11,89.16,48.07,3.6,8.8,70.5,3.42,sur,fin_semana,1,0.9351739012442896,1
26.73,43.09,33.04,1.11,20.9,78.3,0.69,industrial,fin_semana,0,0.29459299571361036,0
19.58,39.49,31.43,1.41,29.6,68.2,6.67,centro,laboral,0,0.01902884954768364,0
10.74,18.44,20.54,2.15,16.0,59.7,1.46,norte,fin_semana,0,0.022094232084441102,0
11.53,23.59,45.02,1.73,19.9,67.7,2.5,centro,feriado,0,0.031181337378348065,0
42.25,67.51,40.95,0.58,11.8,59.6,4.81,norte,laboral,0,0.09830144674886056,0
6.61,8.25,26.45,0.77,32.6,34.0,2.99,norte,laboral,0,0.012034907075315463,0
24.23,42.75,32.56,2.29,0.6,98.0,1.91,centro,laboral,0,0.18374407029130135,0
24.52,51.77,44.12,0.69,17.1,51.2,0.28,centro,laboral,1,0.4712502990012023,0
20.6,49.67,38.68,0.36,25.4,72.4,3.19,industrial,laboral,0,0.15212274282926225,0
15.73,20.6,28.75,2.07,12.0,49.8,0.86,industrial,fin_semana,1,0.3080064213871803,0
27.36,56.55,44.77,0.96,8.1,50.0,3.31,norte,laboral,1,0.1720623520554668,0
34.5,63.98,29.82,5.02,15.7,79.2,5.34,centro,laboral,0,0.3103678809021186,0
23.97,44.94,35.88,2.33,8.0,59.9,2.45,industrial,fin_semana,0,0.3510591263153201,0
11.74,23.59,12.13,2.47,11.6,56.4,0.43,sur,laboral,0,0.08875479087055729,0
21.7,31.65,45.85,1.42,22.1,49.4,3.58,sur,fin_semana,0,0.04583687532908961,0
36.51,74.51,22.57,0.95,6.8,70.4,3.64,sur,fin_semana,1,0.11732385526197284,0
18.88,51.23,46.3,1.33,0.1,38.7,0.35,industrial,laboral,0,0.7263590194720747,1
12.92,19.35,33.47,0.56,25.2,83.3,6.68,industrial,laboral,0,0.011721092189911037,0
32.42,75.12,40.88,1.73,12.9,22.4,5.85,sur,fin_semana,0,0.043249813266904705,0
29.31,52.18,27.3,1.27,16.2,41.0,4.69,norte,laboral,0,0.070974510400215,0
16.08,24.66,28.13,2.39,18.8,57.7,0.69,sur,fin_semana,1,0.08054841467862076,0
8.41,17.5,29.39,0.96,18.4,53.7,9.1,centro,laboral,0,0.009391807207920324,0
33.99,60.01,,2.09,27.7,61.4,3.38,centro,laboral,1,0.29221802910969746,0
4.75,11.03,36.83,0.8,10.8,84.0,0.67,norte,fin_semana,0,0.03746679102948437,0
21.09,42.69,43.6,1.32,3.9,57.8,3.37,norte,fin_semana,0,0.026868796326083254,0
22.44,35.99,33.22,1.03,12.7,89.6,1.7,norte,laboral,1,0.05502177335053549,0
8.4,17.55,15.14,0.48,5.0,52.1,3.9,norte,laboral,0,0.0047289088141842526,0
31.79,72.38,27.7,0.84,13.1,85.2,1.01,sur,fin_semana,0,0.3192414072463535,0
12.47,,24.0,0.56,16.2,55.2,0.97,centro,laboral,0,0.04323664513293324,0
32.11,61.32,53.43,2.43,26.2,63.6,12.0,industrial,laboral,0,0.5986598846197838,1
26.29,41.09,27.73,0.66,32.0,60.1,5.56,sur,laboral,0,0.012293198284381326,0
6.49,14.02,29.05,1.83,22.2,75.9,0.81,industrial,laboral,0,0.21002221954866465,0
28.73,41.31,34.99,0.92,20.9,79.1,2.04,centro,fin_semana,0,0.06291236510059911,0
9.3,21.23,44.94,0.84,21.7,52.6,6.75,industrial,laboral,0,0.029160411150369506,0
28.24,65.3,15.4,0.76,18.8,35.5,1.1,sur,fin_semana,0,0.11269376062403352,0
11.8,16.45,43.7,1.61,10.6,81.1,0.87,industrial,laboral,0,0.4757181015499943,0
21.43,45.89,31.06,1.04,17.9,87.7,2.2,industrial,laboral,0,0.3994096788381459,0
23.41,47.49,15.03,1.03,16.3,35.4,3.57,centro,laboral,0,0.0442159979617546,0
19.76,44.62,25.52,1.54,10.1,47.7,8.1,norte,fin_semana,0,0.012973849324584518,0
34.05,47.67,22.72,0.43,13.6,21.5,7.69,industrial,fin_semana,1,0.04059539031790984,0
33.69,46.86,13.62,0.93,20.1,47.1,6.69,sur,laboral,0,0.014982587415100845,0
19.18,31.36,45.96,0.49,25.6,95.3,4.49,sur,laboral,0,0.02975668956170283,0
13.52,27.59,13.81,0.78,6.8,68.7,1.17,sur,laboral,0,0.022271258062556067,0
20.19,43.01,17.17,1.09,11.0,83.4,1.69,sur,laboral,1,0.03194241609240734,0
25.81,58.45,65.67,1.21,17.1,73.3,1.99,industrial,laboral,1,0.8622375682633721,1
11.48,23.5,29.26,0.48,18.9,68.8,1.45,sur,laboral,0,0.024512450815403986,0
17.7,42.61,45.03,0.81,30.1,66.0,0.58,centro,fin_semana,1,0.2410981393313097,0
24.44,49.56,35.37,1.16,4.5,67.2,4.82,sur,feriado,0,0.056005051074959664,0
12.48,21.78,26.4,0.43,24.0,53.5,1.59,sur,feriado,0,0.013657966619155474,0
19.99,26.88,22.13,0.59,30.9,64.5,2.16,centro,laboral,0,0.05235381027067137,0
58.88,95.07,19.64,1.98,22.8,68.8,2.98,norte,laboral,0,0.7403900427648242,1
25.68,53.82,20.69,0.87,19.1,75.3,1.69,centro,laboral,1,0.09549652362117778,0
35.65,51.77,17.04,0.78,10.9,76.2,2.03,norte,fin_semana,0,0.08870323490279446,0
39.15,76.33,39.78,1.19,26.9,57.3,2.07,norte,laboral,0,0.46452292882887414,0
7.91,9.17,27.35,1.15,12.6,35.4,1.57,industrial,fin_semana,1,0.11864133863250079,0
37.78,72.57,26.09,1.72,30.7,76.5,4.72,norte,laboral,0,0.1633063314566155,0
14.52,31.39,9.29,0.98,8.4,84.1,3.4,industrial,fin_semana,0,0.02750780060693901,0
,83.87,30.19,1.05,15.8,55.3,1.97,industrial,fin_semana,0,0.4083405538792561,0
17.27,35.07,29.01,1.87,18.7,52.9,2.79,centro,laboral,0,0.04930602650844086,0
49.44,93.88,36.98,1.19,17.2,63.8,4.65,sur,laboral,1,0.22120618152451785,0
35.62,59.05,42.13,0.33,10.0,61.8,2.36,industrial,laboral,0,0.6898273140932701,1
,32.66,21.61,0.84,8.8,53.1,3.44,norte,laboral,0,0.037149298028557286,0
14.49,38.0,21.12,2.14,20.4,52.5,2.44,sur,fin_semana,0,0.03375719977551056,0
10.04,20.23,44.27,0.74,13.3,54.0,10.16,sur,laboral,0,0.012453474334583329,0
39.76,118.34,34.57,1.48,10.9,64.2,5.35,centro,fin_semana,1,0.08364290139632927,0
16.59,26.28,13.13,1.29,7.3,59.8,1.58,centro,fin_semana,0,0.02535294919924331,0
17.47,18.46,22.19,2.07,18.8,77.5,1.26,industrial,laboral,1,0.21778310066960635,0
33.83,66.72,61.06,1.05,11.3,35.4,2.28,sur,fin_semana,0,0.45700987039312607,0
23.33,48.4,33.36,1.07,27.0,53.2,7.54,sur,feriado,0,0.03447834636263005,0
18.0,32.47,13.82,0.88,12.0,42.7,1.34,sur,fin_semana,0,0.02586444485595254,0
24.06,40.77,33.3,0.96,19.6,37.1,3.32,centro,fin_semana,0,0.0296230599923149,0
71.46,113.57,22.68,2.11,9.2,33.4,3.79,industrial,feriado,1,0.9560486331853121,1
32.51,48.62,22.16,2.38,13.2,51.2,1.71,sur,laboral,1,0.312384683053055,0
8.08,14.51,37.0,1.31,20.0,98.0,3.61,norte,laboral,0,0.0385654344586133,0
43.49,75.79,26.22,1.39,18.6,55.6,2.93,norte,feriado,1,0.3236306918361388,0
14.87,25.92,23.3,0.78,30.2,53.1,4.21,centro,laboral,0,0.01829325536315508,0
36.53,60.06,36.11,1.1,12.3,56.2,0.84,norte,laboral,1,0.4977454004134058,0
75.91,153.37,54.36,1.88,26.4,75.5,1.22,norte,laboral,1,0.9571046667868865,1
22.3,53.27,34.15,2.8,19.6,73.6,3.44,centro,feriado,0,0.10935839032204547,0
11.75,26.36,27.25,1.99,21.3,21.4,6.61,industrial,laboral,0,0.09867467614150932,0
22.88,47.37,58.29,0.46,12.6,88.2,0.29,sur,fin_semana,0,0.3545371682490801,0
16.87,31.6,30.86,5.54,23.9,39.3,7.69,centro,laboral,1,0.17465817576328205,0
38.15,77.82,35.91,1.13,13.5,55.7,3.64,sur,laboral,0,0.2600830241867471,0
15.49,17.62,13.94,1.86,21.3,65.6,3.26,industrial,laboral,0,0.05846292721635606,0
20.1,38.0,34.55,2.2,18.4,45.0,6.4,centro,laboral,0,0.03336034629812701,0
12.67,21.83,38.26,1.61,13.3,74.9,5.44,norte,laboral,0,0.016183837258368736,0
25.13,28.48,41.74,0.86,18.6,46.5,3.46,industrial,laboral,0,0.10039522227154285,0
27.93,42.48,34.47,1.51,17.3,32.2,1.16,centro,fin_semana,0,0.11209860426525727,0
19.64,34.36,52.57,3.93,16.3,69.4,2.06,industrial,fin_semana,1,0.5647641788141857,1
14.47,27.92,32.43,0.82,14.1,85.6,4.68,industrial,laboral,0,0.0708675786663169,0
11.12,21.87,32.96,1.41,24.0,62.5,2.22,norte,laboral,0,0.025261793278883178,0
14.56,28.52,43.96,0.4,8.7,68.7,2.81,sur,laboral,0,0.05126444178463648,0
25.55,53.67,58.04,1.46,11.2,52.8,5.67,norte,laboral,0,0.048320917347280015,0
33.55,61.36,34.19,1.99,10.3,80.2,1.19,industrial,laboral,1,0.9310045958982369,1
53.94,68.37,36.1,1.05,9.9,67.1,0.96,norte,laboral,1,0.8532882630004709,1
22.93,47.36,31.43,1.65,28.0,73.6,1.33,industrial,feriado,0,0.48136400625246,0
17.17,16.46,32.1,2.43,4.4,54.3,1.86,industrial,laboral,1,0.18926259268951126,0
7.92,13.55,28.13,2.29,14.5,80.1,4.24,norte,laboral,0,0.025717638252619295,0
22.29,50.2,29.23,1.6,12.0,87.5,5.6,sur,laboral,0,0.04005599765930818,0
42.41,88.01,58.5,0.87,20.5,71.2,2.54,centro,laboral,0,0.5320876456246179,1
21.39,40.78,17.32,2.18,13.8,41.0,1.68,norte,laboral,0,0.03241821704055695,0
13.97,24.3,27.85,0.9,25.6,67.0,5.7,norte,laboral,0,0.008350578848407219,0
16.79,39.02,15.8,3.74,13.6,51.4,3.69,sur,laboral,0,0.15993975321685144,0
35.31,63.32,36.24,0.49,2.2,64.6,1.14,sur,fin_semana,1,0.16915932563541933,0
16.88,25.12,64.96,0.81,9.1,39.8,5.59,norte,fin_semana,0,0.03503287651888442,0
35.55,50.41,39.62,1.62,20.8,66.3,5.41,sur,laboral,1,0.07078493929941632,0
15.02,38.28,28.97,1.43,20.1,78.6,0.85,sur,laboral,0,0.08629716318971427,0
19.98,34.37,29.77,1.76,16.7,75.0,4.45,sur,feriado,1,0.02197899190766191,0
22.2,31.99,52.99,1.66,3.8,69.9,0.61,sur,feriado,0,0.11528801814355862,0
30.66,53.79,38.02,0.53,6.8,37.1,0.56,industrial,fin_semana,0,0.4561252105194782,0
16.17,33.78,30.41,1.29,15.5,65.5,3.5,centro,laboral,0,0.040046027008764855,0
9.85,19.84,19.87,0.28,12.8,63.6,2.66,norte,laboral,0,0.012149527982464542,0
11.38,18.61,18.97,0.62,21.1,61.7,4.6,industrial,fin_semana,0,0.00893651029937441,0
12.77,15.64,14.71,1.79,23.2,33.5,2.13,sur,feriado,0,0.011702089697179811,0
38.85,82.32,29.51,2.2,19.3,65.9,2.32,centro,laboral,1,0.5663031879938739,1
19.52,38.59,9.97,0.61,14.8,77.7,4.14,centro,laboral,0,0.01330834227921797,0
72.63,158.9,20.48,2.29,15.0,54.8,7.63,norte,feriado,0,0.3171462006656324,0
10.79,21.3,31.71,1.26,20.4,62.3,2.57,industrial,laboral,0,0.11439530955651914,0
24.97,37.03,21.49,0.59,14.9,61.3,5.3,industrial,fin_semana,0,0.04489171748942426,0
24.95,48.69,20.56,2.21,32.8,63.4,2.16,centro,laboral,0,0.1574272343475577,0
2.11,5.0,12.25,1.96,16.3,54.8,1.2,centro,fin_semana,0,0.025403250810941136,0
6.44,11.61,31.61,1.58,16.3,37.9,1.5,industrial,laboral,0,0.22508604575907293,0
19.64,43.56,9.9,0.64,9.7,86.6,3.53,norte,laboral,0,0.020252006525429404,0
13.9,30.49,94.4,1.48,21.9,24.9,1.64,centro,laboral,0,0.33771143299673695,0
37.18,75.91,43.78,1.1,29.1,82.5,0.5,industrial,laboral,1,0.9864529988444811,1
32.26,63.63,29.12,3.16,18.2,88.1,4.71,industrial,laboral,1,0.8044722342339795,1
41.99,88.32,13.8,2.64,12.1,87.4,3.75,centro,laboral,1,0.4608488929034098,0
18.72,28.6,68.75,1.57,25.1,68.5,1.77,sur,laboral,0,0.22099206902097143,0
22.29,51.01,28.02,0.61,8.2,84.5,0.48,industrial,laboral,1,0.46546741943811626,0
18.5,47.61,27.22,0.74,17.1,47.4,5.97,centro,fin_semana,0,0.02240059889735129,0
15.99,29.14,22.95,1.08,5.1,68.1,5.02,sur,laboral,0,0.026483805454417277,0
37.01,63.14,25.6,0.74,14.3,46.0,1.87,centro,laboral,1,0.48265993242275546,0
16.12,22.86,92.03,0.97,12.2,24.5,2.71,centro,laboral,1,0.17673650054406756,0
23.25,34.33,30.73,1.18,18.6,61.5,5.68,centro,laboral,0,0.018680048465504816,0
30.2,56.18,31.59,1.54,9.1,59.7,1.1,industrial,laboral,1,0.9376218685463046,1
25.97,51.32,7.34,1.12,12.9,69.4,4.08,norte,laboral,0,0.16683095023210953,0
12.01,25.33,34.82,1.87,18.9,51.3,4.37,industrial,laboral,0,0.19355464138866682,0
59.38,105.92,58.78,1.36,3.8,70.5,1.58,norte,laboral,1,0.9451454641227917,1
28.83,54.41,32.52,3.68,11.1,66.4,5.6,norte,laboral,0,0.4044536383695349,0
52.36,99.53,25.94,2.74,10.9,53.4,0.84,centro,laboral,1,0.9457410011932088,1
45.11,92.93,35.95,0.54,25.3,38.5,0.21,industrial,laboral,1,0.8095509778956135,1
25.95,50.0,54.62,4.01,16.2,52.8,4.1,centro,laboral,1,0.5904355328830563,1
9.4,16.91,24.61,0.78,17.5,71.3,2.08,sur,laboral,0,0.018202752864382693,0
21.7,40.48,35.04,0.72,8.2,66.0,1.28,centro,laboral,0,0.06819319525625657,0
31.78,68.57,29.45,0.98,26.0,50.6,0.75,norte,fin_semana,0,0.3718181108497412,0
18.94,41.34,58.95,1.1,18.2,36.5,2.48,centro,fin_semana,0,0.09392051091540532,0
21.24,42.3,24.86,1.48,20.4,62.3,5.18,norte,fin_semana,0,0.012672714783720647,0
12.71,25.03,26.13,1.2,11.5,50.0,1.52,industrial,laboral,0,0.2724330488370452,0
26.28,48.84,13.61,1.9,19.9,59.2,5.67,centro,laboral,0,0.026250773038472047,0
49.33,88.97,26.1,0.54,26.5,65.2,0.37,centro,fin_semana,0,0.30214152017329865,0
19.28,39.54,55.02,0.52,22.0,46.6,7.68,industrial,fin_semana,0,0.021995697992957013,0
11.89,23.08,45.03,1.62,13.7,67.0,5.25,centro,laboral,0,0.028696000618914738,0
22.23,48.23,44.57,3.42,25.7,94.2,1.87,norte,laboral,0,0.22999092672419172,0
22.67,48.92,11.97,1.75,24.9,78.7,1.44,centro,laboral,0,0.12939457183770467,0
6.93,12.52,50.2,0.93,17.4,40.2,8.12,sur,feriado,0,0.01002555932516777,0
