timestamp,temp_C,humidity_pct,wind_kmh,rain_mm
2023-01-01 00:00:00,15.292,80.477,15.09,1.305
2023-01-01 01:00:00,14.572,78.53,13.57,0.0
2023-01-01 02:00:00,,74.338,15.005,1.168
2023-01-01 03:00:00,14.534,75.633,15.799,0.0
2023-01-01 04:00:00,17.196,67.027,11.632,0.0
2023-01-01 05:00:00,17.718,72.147,13.858,0.0
2023-01-01 06:00:00,18.188,73.549,15.589,0.0
2023-01-01 07:00:00,,72.71,15.238,0.0
2023-01-01 08:00:00,19.605,68.491,,0.0
2023-01-01 09:00:00,18.643,70.406,14.553,0.0
2023-01-01 10:00:00,18.643,70.749,15.307,0.524
2023-01-01 11:00:00,18.612,70.57,14.946,0.0
2023-01-01 12:00:00,18.941,69.743,16.544,1.141
2023-01-01 13:00:00,18.232,69.365,18.163,0.0
2023-01-01 14:00:00,16.218,73.206,16.652,0.0
2023-01-01 15:00:00,15.605,73.041,13.949,0.0
2023-01-01 16:00:00,16.178,72.11,14.467,0.0
2023-01-01 17:00:00,16.106,82.802,16.957,0.113
2023-01-01 18:00:00,14.439,76.488,17.454,
2023-01-01 19:00:00,13.596,79.598,14.904,0.0
2023-01-01 20:00:00,14.638,80.095,15.088,0.0
2023-01-01 21:00:00,13.652,77.086,12.511,0.967
2023-01-01 22:00:00,14.576,82.579,17.694,0.0
2023-01-01 23:00:00,15.543,76.155,15.68,
2023-01-02 00:00:00,15.457,84.88,14.918,0.0
2023-01-02 01:00:00,15.754,74.711,16.655,0.0
2023-01-02 02:00:00,16.988,74.94,16.151,0.862
2023-01-02 03:00:00,16.833,75.18,17.409,0.152
2023-01-02 04:00:00,17.947,73.796,13.903,0.0
2023-01-02 05:00:00,18.387,72.839,15.396,0.0
2023-01-02 06:00:00,19.245,74.916,13.409,0.236
2023-01-02 07:00:00,19.489,74.891,14.812,0.008
2023-01-02 08:00:00,19.954,77.474,13.88,0.0
2023-01-02 09:00:00,19.869,67.857,12.328,0.254
2023-01-02 10:00:00,20.044,74.68,12.818,0.0
2023-01-02 11:00:00,19.679,74.456,14.955,0.0
2023-01-02 12:00:00,19.325,72.841,12.818,0.0
2023-01-02 13:00:00,19.449,71.379,13.694,0.0
2023-01-02 14:00:00,16.646,83.43,10.129,0.0
2023-01-02 15:00:00,17.86,81.673,13.95,0.754
2023-01-02 16:00:00,16.026,74.811,9.537,0.0
2023-01-02 17:00:00,14.637,85.569,12.362,0.019
2023-01-02 18:00:00,14.802,83.805,13.175,0.62
2023-01-02 19:00:00,14.565,84.037,16.083,
2023-01-02 20:00:00,15.009,86.118,13.066,0.629
2023-01-02 21:00:00,13.479,82.255,11.183,0.0
2023-01-02 22:00:00,14.537,83.28,11.681,0.0
2023-01-02 23:00:00,14.82,85.662,12.804,0.0
2023-01-03 00:00:00,14.078,,12.82,
2023-01-03 01:00:00,15.077,76.744,11.639,0.0
2023-01-03 02:00:00,17.061,74.36,13.419,0.0
2023-01-03 03:00:00,,,13.027,0.0
2023-01-03 04:00:00,18.921,73.063,10.827,
2023-01-03 05:00:00,19.212,73.668,12.261,0.977
2023-01-03 06:00:00,19.675,72.09,12.773,0.0
2023-01-03 07:00:00,19.886,74.334,10.063,0.0
2023-01-03 08:00:00,20.862,,10.653,
2023-01-03 09:00:00,19.439,69.82,12.36,0.301
2023-01-03 10:00:00,19.737,76.428,11.706,
2023-01-03 11:00:00,19.721,74.394,13.344,0.0
2023-01-03 12:00:00,,75.214,13.15,0.057
2023-01-03 13:00:00,19.126,74.32,11.61,0.092
2023-01-03 14:00:00,16.877,76.074,13.979,0.0
2023-01-03 15:00:00,16.569,77.867,12.659,0.0
2023-01-03 16:00:00,17.332,80.163,13.811,
2023-01-03 17:00:00,14.513,82.693,17.084,0.0
2023-01-03 18:00:00,14.111,83.847,11.918,0.0
2023-01-03 19:00:00,15.117,82.733,10.743,0.0
2023-01-03 20:00:00,12.995,83.559,14.697,1.228
2023-01-03 21:00:00,13.376,85.955,12.524,0.0
2023-01-03 22:00:00,14.169,86.99,12.638,0.0
2023-01-03 23:00:00,14.448,86.401,15.423,0.0
2023-01-04 00:00:00,15.034,81.716,13.41,0.0
2023-01-04 01:00:00,15.497,76.861,10.646,0.0
2023-01-04 02:00:00,16.885,79.376,16.294,0.0
2023-01-04 03:00:00,17.395,77.798,14.043,0.666
2023-01-04 04:00:00,17.823,75.997,13.334,0.0
2023-01-04 05:00:00,17.581,75.794,15.289,0.0
2023-01-04 06:00:00,18.095,71.74,15.123,
2023-01-04 07:00:00,17.637,72.595,13.894,0.0
2023-01-04 08:00:00,19.647,65.218,16.484,0.0
2023-01-04 09:00:00,17.881,76.657,13.528,0.0
2023-01-04 10:00:00,19.56,72.021,15.841,0.0
2023-01-04 11:00:00,19.833,71.706,15.031,0.0
2023-01-04 12:00:00,17.224,75.083,16.601,0.149
2023-01-04 13:00:00,16.784,74.182,16.542,
2023-01-04 14:00:00,16.139,74.266,14.53,0.0
2023-01-04 15:00:00,16.227,80.192,15.038,0.428
2023-01-04 16:00:00,14.233,79.483,18.478,0.0
2023-01-04 17:00:00,14.006,78.726,17.204,0.0
2023-01-04 18:00:00,13.11,83.693,17.238,0.0
2023-01-04 19:00:00,12.835,83.785,17.437,
2023-01-04 20:00:00,13.635,84.015,16.397,0.0
2023-01-04 21:00:00,11.978,82.109,13.674,0.0
2023-01-04 22:00:00,12.83,85.595,15.216,0.0
2023-01-04 23:00:00,13.289,79.232,15.462,0.0
2023-01-05 00:00:00,14.188,83.023,15.861,0.0
2023-01-05 01:00:00,13.322,83.556,12.403,0.0
2023-01-05 02:00:00,15.695,75.135,17.746,0.0
2023-01-05 03:00:00,15.963,76.722,14.411,0.0
2023-01-05 04:00:00,16.998,69.416,16.388,0.0
2023-01-05 05:00:00,17.096,73.104,11.779,0.0
2023-01-05 06:00:00,16.442,66.959,15.512,0.0
2023-01-05 07:00:00,17.524,67.094,13.543,0.0
2023-01-05 08:00:00,18.753,,16.4,0.0
2023-01-05 09:00:00,18.21,73.216,13.332,0.0
2023-01-05 10:00:00,17.951,71.85,16.165,0.76
2023-01-05 11:00:00,18.85,70.455,15.972,0.228
2023-01-05 12:00:00,18.581,69.842,12.327,0.0
2023-01-05 13:00:00,16.327,73.345,12.334,0.0
2023-01-05 14:00:00,,81.523,12.524,1.816
2023-01-05 15:00:00,13.379,80.203,13.394,0.576
2023-01-05 16:00:00,12.552,73.887,13.686,0.0
2023-01-05 17:00:00,13.877,76.953,11.669,0.0
2023-01-05 18:00:00,12.488,75.991,12.272,0.0
2023-01-05 19:00:00,12.637,82.386,12.617,0.122
2023-01-05 20:00:00,12.339,80.381,13.505,0.0
2023-01-05 21:00:00,11.864,76.848,11.248,0.064
2023-01-05 22:00:00,12.559,80.278,12.857,0.0
2023-01-05 23:00:00,12.535,78.602,13.058,0.0
2023-01-06 00:00:00,11.875,75.84,13.681,1.141
2023-01-06 01:00:00,13.752,76.436,,0.0
2023-01-06 02:00:00,14.468,78.321,13.972,0.0
2023-01-06 03:00:00,16.398,71.596,14.234,0.0
2023-01-06 04:00:00,15.086,71.602,12.552,0.0
2023-01-06 05:00:00,16.581,67.121,12.055,0.0
2023-01-06 06:00:00,16.85,68.751,12.808,0.052
2023-01-06 07:00:00,17.477,72.861,11.406,0.0
2023-01-06 08:00:00,18.972,69.992,11.963,
2023-01-06 09:00:00,18.115,66.293,13.489,0.0
2023-01-06 10:00:00,17.363,66.866,11.711,
2023-01-06 11:00:00,17.444,72.763,11.861,0.01
2023-01-06 12:00:00,17.354,69.835,12.089,0.0
2023-01-06 13:00:00,15.473,70.012,12.631,0.0
2023-01-06 14:00:00,15.251,76.125,14.014,0.0
2023-01-06 15:00:00,15.747,73.26,,0.0
2023-01-06 16:00:00,14.518,73.839,10.786,0.0
2023-01-06 17:00:00,13.21,,12.933,0.0
2023-01-06 18:00:00,12.348,74.647,12.899,0.0
2023-01-06 19:00:00,12.173,77.885,14.434,0.0
2023-01-06 20:00:00,10.98,77.319,15.0,0.0
2023-01-06 21:00:00,12.714,79.945,12.996,0.0
2023-01-06 22:00:00,12.485,78.836,13.049,0.0
2023-01-06 23:00:00,12.73,83.55,,0.0
2023-01-07 00:00:00,12.281,79.221,14.905,0.0
2023-01-07 01:00:00,13.377,75.98,14.887,0.0
2023-01-07 02:00:00,15.015,75.974,14.326,0.0
2023-01-07 03:00:00,15.649,72.129,12.635,0.0
2023-01-07 04:00:00,15.919,71.901,14.56,0.0
2023-01-07 05:00:00,17.349,71.381,14.22,0.132
2023-01-07 06:00:00,18.266,69.829,,0.0
2023-01-07 07:00:00,17.594,71.602,,0.131
2023-01-07 08:00:00,17.969,68.682,12.927,0.0
2023-01-07 09:00:00,17.805,64.991,14.225,0.222
2023-01-07 10:00:00,17.476,68.024,11.366,
2023-01-07 11:00:00,18.522,,,0.0
2023-01-07 12:00:00,17.834,74.65,18.337,0.0
2023-01-07 13:00:00,17.096,64.943,13.036,0.059
2023-01-07 14:00:00,15.333,71.307,,0.0
2023-01-07 15:00:00,14.682,74.605,15.771,0.0
2023-01-07 16:00:00,14.645,72.034,15.159,0.0
2023-01-07 17:00:00,13.751,,17.152,0.019
2023-01-07 18:00:00,13.59,80.015,13.867,0.0
2023-01-07 19:00:00,12.639,74.493,16.377,0.0
2023-01-07 20:00:00,13.394,80.956,15.115,0.0
2023-01-07 21:00:00,14.205,77.742,15.544,0.598
2023-01-07 22:00:00,14.241,77.009,13.227,0.0
2023-01-07 23:00:00,14.691,82.848,15.404,0.0
2023-01-08 00:00:00,14.187,78.386,16.344,
2023-01-08 01:00:00,15.487,75.949,15.573,0.406
2023-01-08 02:00:00,15.37,72.624,12.656,0.0
2023-01-08 03:00:00,17.105,,16.894,0.059
2023-01-08 04:00:00,,69.73,15.709,0.069
2023-01-08 05:00:00,17.669,73.948,15.493,0.0
2023-01-08 06:00:00,18.183,68.199,15.988,0.944
2023-01-08 07:00:00,19.589,64.716,13.912,0.092
2023-01-08 08:00:00,19.573,64.883,16.116,0.0
2023-01-08 09:00:00,29.59,67.369,14.969,0.712
2023-01-08 10:00:00,18.536,63.451,13.764,0.0
2023-01-08 11:00:00,,65.141,,0.162
2023-01-08 12:00:00,17.52,63.796,15.215,0.0
2023-01-08 13:00:00,18.943,63.143,17.141,0.0
2023-01-08 14:00:00,17.11,77.55,12.737,0.0
2023-01-08 15:00:00,16.595,72.124,9.259,0.0
2023-01-08 16:00:00,15.658,79.274,13.692,0.0
2023-01-08 17:00:00,13.965,77.283,11.764,0.0
2023-01-08 18:00:00,13.571,77.679,12.487,0.0
2023-01-08 19:00:00,14.124,,,0.0
2023-01-08 20:00:00,14.986,78.099,13.386,0.0
2023-01-08 21:00:00,13.158,78.78,12.646,0.0
2023-01-08 22:00:00,13.644,75.447,11.117,0.0
2023-01-08 23:00:00,14.495,79.305,11.73,0.563
2023-01-09 00:00:00,13.904,79.741,10.985,0.628
2023-01-09 01:00:00,14.585,76.31,11.648,0.0
2023-01-09 02:00:00,16.258,,,0.0
2023-01-09 03:00:00,17.322,67.16,13.219,0.059
2023-01-09 04:00:00,17.868,78.32,9.815,0.0
2023-01-09 05:00:00,19.933,71.256,13.773,0.0
2023-01-09 06:00:00,19.343,64.687,10.303,0.545
2023-01-09 07:00:00,20.152,,12.663,0.0
2023-01-09 08:00:00,,64.864,15.717,0.0
2023-01-09 09:00:00,21.398,63.921,11.807,0.0
2023-01-09 10:00:00,18.939,67.216,14.059,0.0
2023-01-09 11:00:00,19.44,65.437,12.585,0.0
2023-01-09 12:00:00,,69.324,11.526,0.0
2023-01-09 13:00:00,17.572,69.057,14.329,
2023-01-09 14:00:00,17.152,71.114,10.275,0.0
2023-01-09 15:00:00,16.115,70.139,13.512,0.0
2023-01-09 16:00:00,15.309,,12.368,0.0
2023-01-09 17:00:00,14.776,77.253,14.094,0.0
2023-01-09 18:00:00,15.117,,14.357,0.876
2023-01-09 19:00:00,15.459,73.939,13.919,0.0
2023-01-09 20:00:00,15.401,,13.261,0.0
2023-01-09 21:00:00,14.3,74.177,15.137,0.0
2023-01-09 22:00:00,13.075,76.727,11.814,0.0
2023-01-09 23:00:00,14.768,79.609,15.315,0.0
2023-01-10 00:00:00,15.09,80.85,15.832,0.254
2023-01-10 01:00:00,,75.239,13.406,0.0
2023-01-10 02:00:00,16.621,75.549,14.724,0.0
2023-01-10 03:00:00,16.223,76.743,15.324,0.0
2023-01-10 04:00:00,18.519,68.662,16.762,0.0
2023-01-10 05:00:00,17.461,69.083,15.21,0.0
2023-01-10 06:00:00,18.985,70.027,14.757,0.0
2023-01-10 07:00:00,20.089,72.18,14.689,0.422
2023-01-10 08:00:00,20.331,64.677,13.959,0.071
2023-01-10 09:00:00,21.199,64.6,12.807,0.551
2023-01-10 10:00:00,18.253,71.162,17.707,0.0
2023-01-10 11:00:00,19.759,72.622,17.51,
2023-01-10 12:00:00,19.448,,17.099,0.0
2023-01-10 13:00:00,18.049,71.906,15.334,
2023-01-10 14:00:00,17.949,76.023,17.526,0.0
2023-01-10 15:00:00,15.917,74.315,18.1,
2023-01-10 16:00:00,,71.137,16.013,0.0
2023-01-10 17:00:00,15.54,78.579,16.768,0.459
2023-01-10 18:00:00,13.864,81.896,14.195,
2023-01-10 19:00:00,13.627,76.546,16.529,0.0
2023-01-10 20:00:00,13.688,84.357,,0.208
2023-01-10 21:00:00,13.289,79.915,17.713,0.037
2023-01-10 22:00:00,14.609,75.462,17.521,0.0
2023-01-10 23:00:00,14.322,80.502,16.84,1.555
2023-01-11 00:00:00,15.608,74.604,15.064,0.052
2023-01-11 01:00:00,,81.55,14.157,0.0
2023-01-11 02:00:00,16.055,77.634,,0.0
2023-01-11 03:00:00,16.618,79.819,15.349,1.289
2023-01-11 04:00:00,16.814,68.571,14.9,0.0
2023-01-11 05:00:00,17.566,72.37,16.333,0.0
2023-01-11 06:00:00,18.103,75.031,13.055,0.0
2023-01-11 07:00:00,19.286,73.559,15.914,0.0
2023-01-11 08:00:00,18.617,71.568,12.567,0.0
2023-01-11 09:00:00,19.282,70.827,14.387,0.0
2023-01-11 10:00:00,19.15,,14.126,0.0
2023-01-11 11:00:00,18.263,,15.575,0.0
2023-01-11 12:00:00,17.907,77.222,13.538,0.407
2023-01-11 13:00:00,18.345,68.513,13.605,0.488
2023-01-11 14:00:00,17.671,72.187,14.1,0.546
2023-01-11 15:00:00,15.168,75.057,12.573,0.496
2023-01-11 16:00:00,14.771,78.881,15.1,0.0
2023-01-11 17:00:00,13.907,80.866,12.681,0.0
2023-01-11 18:00:00,13.353,79.987,13.013,0.0
2023-01-11 19:00:00,14.155,81.691,14.455,0.0
2023-01-11 20:00:00,13.282,84.619,13.042,0.0
2023-01-11 21:00:00,13.605,85.987,12.351,0.0
2023-01-11 22:00:00,,80.052,14.007,0.0
2023-01-11 23:00:00,12.861,80.905,13.403,0.0
2023-01-12 00:00:00,13.526,80.825,11.876,0.0
2023-01-12 01:00:00,14.305,86.473,14.581,0.0
2023-01-12 02:00:00,15.703,76.088,11.392,0.0
2023-01-12 03:00:00,15.665,77.337,14.302,0.0
2023-01-12 04:00:00,16.909,75.13,13.744,0.249
2023-01-12 05:00:00,17.933,72.451,12.251,0.0
2023-01-12 06:00:00,18.473,75.205,11.666,0.0
2023-01-12 07:00:00,18.359,71.529,13.134,0.0
2023-01-12 08:00:00,17.698,69.941,9.169,0.0
2023-01-12 09:00:00,17.166,71.5,10.04,0.0
2023-01-12 10:00:00,18.841,72.448,14.131,0.0
2023-01-12 11:00:00,17.985,70.646,11.261,0.0
2023-01-12 12:00:00,16.453,71.453,,0.363
2023-01-12 13:00:00,16.069,78.085,13.663,0.0
2023-01-12 14:00:00,15.337,74.771,11.244,0.0
2023-01-12 15:00:00,13.672,80.638,14.258,0.0
2023-01-12 16:00:00,14.233,79.127,10.708,0.0
2023-01-12 17:00:00,12.789,78.608,12.784,0.0
2023-01-12 18:00:00,12.536,78.966,12.767,0.325
2023-01-12 19:00:00,12.819,78.226,,0.0
2023-01-12 20:00:00,,85.473,15.181,0.0
2023-01-12 21:00:00,12.377,85.453,11.213,0.0
2023-01-12 22:00:00,12.447,82.111,11.859,0.0
2023-01-12 23:00:00,12.522,79.527,14.996,0.0
2023-01-13 00:00:00,13.052,79.982,12.079,0.0
2023-01-13 01:00:00,14.972,80.634,14.396,0.0
2023-01-13 02:00:00,14.288,,13.483,0.0
2023-01-13 03:00:00,16.324,75.331,13.623,0.0
2023-01-13 04:00:00,15.306,70.886,13.16,0.0
2023-01-13 05:00:00,17.15,74.893,,0.0
2023-01-13 06:00:00,17.337,72.083,14.897,0.0
2023-01-13 07:00:00,17.13,69.893,15.59,0.0
2023-01-13 08:00:00,16.027,66.5,13.993,0.0
2023-01-13 09:00:00,19.037,73.337,16.749,0.0
2023-01-13 10:00:00,16.95,76.047,15.341,0.0
2023-01-13 11:00:00,,69.861,16.557,2.313
2023-01-13 12:00:00,,69.56,14.703,0.551
2023-01-13 13:00:00,16.279,73.541,13.796,0.571
2023-01-13 14:00:00,15.701,75.72,19.492,1.512
2023-01-13 15:00:00,14.56,79.611,,0.0
2023-01-13 16:00:00,12.939,79.901,18.136,0.0
2023-01-13 17:00:00,13.918,76.172,16.985,0.043
2023-01-13 18:00:00,12.119,82.905,15.893,0.0
2023-01-13 19:00:00,12.507,83.784,15.246,0.0
2023-01-13 20:00:00,12.538,81.893,15.269,0.0
2023-01-13 21:00:00,12.951,84.289,17.63,0.0
2023-01-13 22:00:00,12.164,79.229,14.835,0.0
2023-01-13 23:00:00,12.49,81.346,16.642,0.577
2023-01-14 00:00:00,13.096,,15.206,0.0
2023-01-14 01:00:00,12.654,79.881,15.123,0.0
2023-01-14 02:00:00,14.196,80.548,14.797,0.878
2023-01-14 03:00:00,14.836,71.228,13.641,0.0
2023-01-14 04:00:00,15.531,75.317,16.434,0.0
2023-01-14 05:00:00,17.183,75.884,16.619,0.0
2023-01-14 06:00:00,17.461,73.325,15.886,0.0
2023-01-14 07:00:00,19.254,76.321,13.523,0.0
2023-01-14 08:00:00,19.453,71.073,13.697,0.0
2023-01-14 09:00:00,17.167,77.288,13.319,0.038
2023-01-14 10:00:00,18.441,71.739,15.504,0.0
2023-01-14 11:00:00,17.334,68.711,13.469,1.037
2023-01-14 12:00:00,17.936,72.77,13.121,0.04
2023-01-14 13:00:00,17.039,72.537,14.151,0.0
2023-01-14 14:00:00,16.875,79.323,14.014,0.0
2023-01-14 15:00:00,15.702,82.052,13.547,0.0
2023-01-14 16:00:00,15.295,83.775,14.319,0.0
2023-01-14 17:00:00,13.901,82.489,11.75,
2023-01-14 18:00:00,11.82,81.043,15.258,0.0
2023-01-14 19:00:00,12.369,80.575,,0.383
2023-01-14 20:00:00,12.408,79.442,11.251,0.059
2023-01-14 21:00:00,12.672,84.573,14.383,0.0
2023-01-14 22:00:00,12.52,78.707,10.887,0.0
2023-01-14 23:00:00,14.777,80.754,12.322,
2023-01-15 00:00:00,14.09,81.009,10.767,0.0
2023-01-15 01:00:00,15.82,80.242,14.285,0.0
2023-01-15 02:00:00,15.467,73.484,12.792,0.0
2023-01-15 03:00:00,17.689,72.265,14.096,0.0
2023-01-15 04:00:00,16.501,70.869,11.86,0.0
2023-01-15 05:00:00,18.501,75.164,9.976,0.0
2023-01-15 06:00:00,17.773,68.293,14.698,0.0
2023-01-15 07:00:00,19.479,68.022,14.235,0.0
2023-01-15 08:00:00,20.561,71.766,11.93,0.0
2023-01-15 09:00:00,18.385,72.567,12.559,0.0
2023-01-15 10:00:00,18.793,75.551,11.59,0.0
2023-01-15 11:00:00,19.257,70.838,9.705,0.875
2023-01-15 12:00:00,18.468,74.516,11.451,0.0
2023-01-15 13:00:00,17.021,68.092,10.33,0.0
2023-01-15 14:00:00,18.082,76.339,12.509,0.0
2023-01-15 15:00:00,16.565,78.511,12.431,0.0
2023-01-15 16:00:00,16.707,80.282,13.836,0.0
2023-01-15 17:00:00,15.367,77.521,15.52,0.0
2023-01-15 18:00:00,13.794,83.997,14.199,0.0
2023-01-15 19:00:00,13.877,85.361,12.713,0.0
2023-01-15 20:00:00,14.979,,12.249,0.0
2023-01-15 21:00:00,13.038,81.336,,0.0
2023-01-15 22:00:00,13.882,79.811,9.505,0.048
2023-01-15 23:00:00,15.019,79.119,10.789,0.271
2023-01-16 00:00:00,15.866,78.824,11.074,0.0
2023-01-16 01:00:00,,73.803,16.519,0.5
2023-01-16 02:00:00,15.584,71.978,11.099,0.0
2023-01-16 03:00:00,18.884,73.417,14.347,0.59
2023-01-16 04:00:00,18.096,71.097,16.739,0.0
2023-01-16 05:00:00,18.938,73.821,14.66,2.007
2023-01-16 06:00:00,19.526,69.26,11.887,0.0
2023-01-16 07:00:00,19.807,66.222,15.17,0.0
2023-01-16 08:00:00,19.547,,15.0,0.0
2023-01-16 09:00:00,20.047,67.288,15.95,0.0
2023-01-16 10:00:00,21.047,65.465,14.292,0.136
2023-01-16 11:00:00,18.821,64.055,14.863,0.0
2023-01-16 12:00:00,17.555,,17.11,0.0
2023-01-16 13:00:00,18.982,65.925,15.723,0.0
2023-01-16 14:00:00,,77.519,14.593,0.0
2023-01-16 15:00:00,17.602,83.047,16.46,0.0
2023-01-16 16:00:00,17.542,76.118,16.999,0.0
2023-01-16 17:00:00,15.132,75.875,17.645,1.486
2023-01-16 18:00:00,15.187,80.144,18.082,0.809
2023-01-16 19:00:00,14.992,76.462,13.764,0.0
2023-01-16 20:00:00,15.264,79.969,16.243,0.0
2023-01-16 21:00:00,15.08,81.601,,0.0
2023-01-16 22:00:00,13.935,75.464,15.903,0.0
2023-01-16 23:00:00,13.914,82.63,19.947,0.0
2023-01-17 00:00:00,15.206,77.353,16.093,0.0
2023-01-17 01:00:00,14.918,76.587,15.924,
2023-01-17 02:00:00,17.558,77.953,14.255,0.0
2023-01-17 03:00:00,17.273,68.611,14.77,0.0
2023-01-17 04:00:00,18.05,67.433,16.06,0.0
2023-01-17 05:00:00,18.355,70.378,16.346,0.0
2023-01-17 06:00:00,20.605,69.403,15.51,0.0
2023-01-17 07:00:00,20.142,66.756,18.264,0.0
2023-01-17 08:00:00,19.867,66.599,12.139,0.66
2023-01-17 09:00:00,20.597,66.082,,0.0
2023-01-17 10:00:00,19.917,64.338,11.739,0.0
2023-01-17 11:00:00,20.006,64.008,15.861,0.0
2023-01-17 12:00:00,,66.63,14.071,1.12
2023-01-17 13:00:00,18.162,70.346,12.331,0.104
2023-01-17 14:00:00,17.93,72.679,13.376,0.585
2023-01-17 15:00:00,17.093,69.405,12.209,0.0
2023-01-17 16:00:00,16.756,79.355,13.802,0.793
2023-01-17 17:00:00,15.65,82.435,10.58,0.0
2023-01-17 18:00:00,14.644,,,0.254
2023-01-17 19:00:00,13.714,75.451,13.848,0.0
2023-01-17 20:00:00,14.097,77.654,12.276,0.784
2023-01-17 21:00:00,13.086,80.44,12.658,1.557
2023-01-17 22:00:00,24.406,77.561,14.084,0.047
2023-01-17 23:00:00,14.311,82.426,14.699,0.581
2023-01-18 00:00:00,15.142,75.196,12.782,0.0
2023-01-18 01:00:00,15.013,77.331,12.841,0.0
2023-01-18 02:00:00,15.521,74.477,9.242,0.0
2023-01-18 03:00:00,16.184,77.938,10.652,0.0
2023-01-18 04:00:00,18.321,71.198,12.114,0.0
2023-01-18 05:00:00,18.045,69.975,11.264,0.0
2023-01-18 06:00:00,18.573,65.046,10.116,0.0
2023-01-18 07:00:00,17.86,65.878,11.904,0.0
2023-01-18 08:00:00,19.266,62.38,14.194,0.997
2023-01-18 09:00:00,16.875,75.169,13.929,1.668
2023-01-18 10:00:00,20.038,66.544,9.102,0.75
2023-01-18 11:00:00,18.511,66.539,12.449,0.691
2023-01-18 12:00:00,18.122,68.258,11.026,0.0
2023-01-18 13:00:00,16.403,70.617,13.636,0.396
2023-01-18 14:00:00,15.846,72.566,11.879,0.0
2023-01-18 15:00:00,,67.535,12.688,0.0
2023-01-18 16:00:00,14.831,77.718,13.161,1.11
2023-01-18 17:00:00,14.538,75.698,11.927,0.0
2023-01-18 18:00:00,14.506,76.518,10.714,0.0
2023-01-18 19:00:00,13.615,82.632,10.49,0.0
2023-01-18 20:00:00,11.542,78.789,14.159,
2023-01-18 21:00:00,12.104,75.876,12.366,0.0
2023-01-18 22:00:00,12.125,75.354,13.091,0.0
2023-01-18 23:00:00,12.602,79.312,14.884,0.0
2023-01-19 00:00:00,,,14.241,0.259
2023-01-19 01:00:00,,,15.775,0.0
2023-01-19 02:00:00,,,12.706,0.0
2023-01-19 03:00:00,,,16.73,0.0
2023-01-19 04:00:00,,,,0.0
2023-01-19 05:00:00,,,15.925,1.083
2023-01-19 06:00:00,,,18.635,0.0
2023-01-19 07:00:00,,,16.173,0.087
2023-01-19 08:00:00,,,,0.0
2023-01-19 09:00:00,,,16.18,0.0
2023-01-19 10:00:00,,,16.042,0.0
2023-01-19 11:00:00,17.043,63.362,,0.0
2023-01-19 12:00:00,17.717,71.431,15.33,
2023-01-19 13:00:00,17.254,70.851,16.913,1.501
2023-01-19 14:00:00,16.637,71.446,18.124,0.219
2023-01-19 15:00:00,14.634,77.273,14.57,0.512
2023-01-19 16:00:00,14.12,77.274,17.189,0.0
2023-01-19 17:00:00,13.568,75.028,15.816,0.0
2023-01-19 18:00:00,12.85,81.106,17.203,0.0
2023-01-19 19:00:00,13.084,77.887,15.598,0.0
2023-01-19 20:00:00,11.773,78.924,18.283,0.0
2023-01-19 21:00:00,12.325,75.35,16.637,0.047
2023-01-19 22:00:00,10.673,78.925,15.298,0.0
2023-01-19 23:00:00,13.097,79.845,15.348,0.122
2023-01-20 00:00:00,14.234,76.225,15.907,0.0
2023-01-20 01:00:00,13.718,75.986,17.154,0.0
2023-01-20 02:00:00,15.202,78.093,16.509,0.0
2023-01-20 03:00:00,14.09,72.551,17.767,
2023-01-20 04:00:00,15.781,69.718,14.976,0.221
2023-01-20 05:00:00,15.628,75.018,15.13,1.412
2023-01-20 06:00:00,17.509,67.076,15.948,0.803
2023-01-20 07:00:00,,61.536,18.874,0.84
2023-01-20 08:00:00,16.989,64.257,14.96,0.0
2023-01-20 09:00:00,17.396,67.173,16.277,0.052
2023-01-20 10:00:00,17.417,64.871,16.484,0.0
2023-01-20 11:00:00,19.171,65.849,11.959,0.0
2023-01-20 12:00:00,16.905,68.825,13.593,0.201
2023-01-20 13:00:00,16.392,71.108,14.404,0.552
2023-01-20 14:00:00,15.827,72.471,13.703,0.0
2023-01-20 15:00:00,15.015,74.803,14.757,0.0
2023-01-20 16:00:00,13.89,79.542,14.409,0.055
2023-01-20 17:00:00,12.448,87.29,11.554,0.132
2023-01-20 18:00:00,12.345,82.531,11.631,0.0
2023-01-20 19:00:00,13.564,81.984,11.771,0.0
2023-01-20 20:00:00,12.384,78.712,7.701,0.0
2023-01-20 21:00:00,11.932,81.059,,0.0
2023-01-20 22:00:00,11.438,77.532,12.365,0.0
2023-01-20 23:00:00,,,11.638,0.93
2023-01-21 00:00:00,13.35,75.813,9.787,1.369
2023-01-21 01:00:00,13.56,80.744,11.165,0.0
2023-01-21 02:00:00,15.418,82.233,11.618,0.0
2023-01-21 03:00:00,15.195,77.511,11.132,0.0
2023-01-21 04:00:00,16.287,80.908,13.755,
2023-01-21 05:00:00,17.724,68.85,11.855,
2023-01-21 06:00:00,17.905,73.439,8.318,0.0
2023-01-21 07:00:00,18.992,69.853,13.099,
2023-01-21 08:00:00,18.319,70.279,13.738,0.238
2023-01-21 09:00:00,18.251,66.744,14.429,0.0
2023-01-21 10:00:00,18.752,70.043,12.966,0.0
2023-01-21 11:00:00,18.254,70.713,12.332,0.0
2023-01-21 12:00:00,18.446,,14.428,0.0
2023-01-21 13:00:00,17.282,76.752,13.286,0.0
2023-01-21 14:00:00,16.275,77.232,12.238,0.0
2023-01-21 15:00:00,15.868,80.108,13.502,0.0
2023-01-21 16:00:00,15.29,76.828,11.478,1.902
2023-01-21 17:00:00,13.395,77.919,13.387,0.0
2023-01-21 18:00:00,13.546,77.7,10.762,0.224
2023-01-21 19:00:00,13.034,84.29,13.219,0.241
2023-01-21 20:00:00,13.916,85.224,16.587,0.0
2023-01-21 21:00:00,12.746,82.524,12.296,0.0
2023-01-21 22:00:00,14.043,80.309,12.878,0.049
2023-01-21 23:00:00,12.819,81.943,13.432,0.0
2023-01-22 00:00:00,14.238,82.079,14.697,0.0
2023-01-22 01:00:00,15.729,80.932,12.095,0.0
2023-01-22 02:00:00,15.591,77.281,12.908,0.395
2023-01-22 03:00:00,17.408,79.683,13.763,0.0
2023-01-22 04:00:00,15.992,78.707,13.709,0.0
2023-01-22 05:00:00,18.17,71.179,12.556,0.0
2023-01-22 06:00:00,18.887,73.498,16.355,0.0
2023-01-22 07:00:00,19.152,72.039,16.434,0.0
2023-01-22 08:00:00,18.465,67.73,17.688,0.0
2023-01-22 09:00:00,20.065,69.78,15.852,1.058
2023-01-22 10:00:00,17.842,72.503,13.953,
2023-01-22 11:00:00,19.819,75.918,13.772,1.261
2023-01-22 12:00:00,18.873,71.62,14.551,0.0
2023-01-22 13:00:00,18.74,,13.204,0.313
2023-01-22 14:00:00,17.165,75.942,14.841,0.0
2023-01-22 15:00:00,15.821,76.946,16.681,0.0
2023-01-22 16:00:00,15.511,,15.866,0.072
2023-01-22 17:00:00,14.889,83.517,15.478,0.0
2023-01-22 18:00:00,15.09,81.691,14.885,0.0
2023-01-22 19:00:00,14.066,84.488,,0.238
2023-01-22 20:00:00,14.372,85.657,16.1,0.0
2023-01-22 21:00:00,,82.586,16.993,
2023-01-22 22:00:00,15.274,80.74,20.9,0.0
2023-01-22 23:00:00,,80.839,14.886,0.0
2023-01-23 00:00:00,14.945,80.333,17.6,0.0
2023-01-23 01:00:00,16.398,78.132,16.954,0.0
2023-01-23 02:00:00,17.173,78.137,14.717,1.003
2023-01-23 03:00:00,17.106,73.423,15.643,0.375
2023-01-23 04:00:00,18.103,74.659,14.613,0.0
2023-01-23 05:00:00,18.94,72.866,14.215,0.429
2023-01-23 06:00:00,19.697,74.127,16.874,
2023-01-23 07:00:00,19.654,74.004,14.285,0.0
2023-01-23 08:00:00,19.853,77.249,11.577,0.776
2023-01-23 09:00:00,19.573,75.458,16.711,0.0
2023-01-23 10:00:00,19.936,74.39,14.959,0.0
2023-01-23 11:00:00,20.826,73.207,12.982,0.151
2023-01-23 12:00:00,18.675,74.448,13.374,
2023-01-23 13:00:00,19.363,76.636,14.664,0.0
2023-01-23 14:00:00,19.309,76.455,13.039,0.504
2023-01-23 15:00:00,17.319,78.766,13.816,0.397
2023-01-23 16:00:00,,77.775,15.156,0.0
2023-01-23 17:00:00,15.629,82.636,,0.041
2023-01-23 18:00:00,16.317,80.159,13.812,0.0
2023-01-23 19:00:00,,82.217,13.395,0.025
2023-01-23 20:00:00,13.644,82.473,12.973,0.047
2023-01-23 21:00:00,14.697,91.254,11.288,0.542
2023-01-23 22:00:00,15.937,84.063,14.258,1.948
2023-01-23 23:00:00,14.56,85.728,11.293,0.0
2023-01-24 00:00:00,15.828,78.391,12.414,0.0
2023-01-24 01:00:00,15.445,82.186,9.795,0.0
2023-01-24 02:00:00,16.258,78.218,11.969,0.0
2023-01-24 03:00:00,17.965,80.072,12.513,0.0
2023-01-24 04:00:00,18.268,74.79,10.782,0.0
2023-01-24 05:00:00,19.472,71.238,10.989,
2023-01-24 06:00:00,20.528,75.426,14.685,0.543
2023-01-24 07:00:00,19.215,72.519,13.514,0.272
2023-01-24 08:00:00,19.776,68.178,11.022,0.31
2023-01-24 09:00:00,20.302,71.496,13.49,0.664
2023-01-24 10:00:00,21.7,69.398,12.201,0.0
2023-01-24 11:00:00,19.467,74.702,13.523,
2023-01-24 12:00:00,18.803,73.992,11.453,1.824
2023-01-24 13:00:00,18.76,76.045,13.085,0.0
2023-01-24 14:00:00,19.155,73.802,,0.0
2023-01-24 15:00:00,16.461,81.768,12.485,0.0
2023-01-24 16:00:00,15.859,77.847,12.008,0.0
2023-01-24 17:00:00,15.375,81.665,15.721,0.0
2023-01-24 18:00:00,15.264,81.245,12.581,0.0
2023-01-24 19:00:00,15.806,82.929,14.936,0.0
2023-01-24 20:00:00,13.135,79.681,12.954,0.0
2023-01-24 21:00:00,12.773,83.357,12.485,0.0
2023-01-24 22:00:00,14.177,83.859,14.21,0.124
2023-01-24 23:00:00,14.765,78.363,11.299,0.0
2023-01-25 00:00:00,13.319,83.75,13.262,0.0
2023-01-25 01:00:00,15.072,76.66,14.915,0.0
2023-01-25 02:00:00,,76.328,11.887,1.202
2023-01-25 03:00:00,16.582,74.48,13.341,0.0
2023-01-25 04:00:00,18.012,77.943,14.553,0.0
2023-01-25 05:00:00,18.45,71.757,15.471,0.0
2023-01-25 06:00:00,19.32,70.77,16.942,0.506
2023-01-25 07:00:00,19.547,71.992,16.723,0.0
2023-01-25 08:00:00,19.621,,15.418,0.984
2023-01-25 09:00:00,20.303,73.607,12.399,0.0
2023-01-25 10:00:00,18.827,69.455,15.947,0.0
2023-01-25 11:00:00,18.902,69.577,15.833,0.0
2023-01-25 12:00:00,19.035,70.036,15.388,0.0
2023-01-25 13:00:00,17.149,71.269,16.183,0.0
2023-01-25 14:00:00,16.492,76.924,14.23,0.0
2023-01-25 15:00:00,15.399,77.831,,0.0
2023-01-25 16:00:00,14.46,76.899,16.132,0.0
2023-01-25 17:00:00,15.795,78.784,13.968,0.068
2023-01-25 18:00:00,14.087,,15.889,0.0
2023-01-25 19:00:00,14.607,83.348,16.981,0.0
2023-01-25 20:00:00,13.527,82.679,15.983,0.0
2023-01-25 21:00:00,12.991,75.441,15.641,0.0
2023-01-25 22:00:00,12.867,79.407,17.324,0.0
2023-01-25 23:00:00,13.568,79.913,15.92,0.065
2023-01-26 00:00:00,13.84,83.1,,0.0
2023-01-26 01:00:00,15.129,78.382,15.753,0.0
2023-01-26 02:00:00,14.588,79.597,15.257,0.0
2023-01-26 03:00:00,16.061,78.888,14.546,0.0
2023-01-26 04:00:00,16.994,74.89,14.632,0.242
2023-01-26 05:00:00,17.168,68.7,16.156,0.0
2023-01-26 06:00:00,,66.388,15.989,0.374
2023-01-26 07:00:00,18.645,,14.96,0.0
2023-01-26 08:00:00,18.856,70.848,12.759,0.0
2023-01-26 09:00:00,18.396,69.744,14.605,0.0
2023-01-26 10:00:00,18.26,65.13,15.443,
2023-01-26 11:00:00,17.49,71.475,15.508,0.0
2023-01-26 12:00:00,17.711,67.89,12.277,0.0
2023-01-26 13:00:00,16.551,70.575,14.852,
2023-01-26 14:00:00,14.766,75.942,14.636,0.0
2023-01-26 15:00:00,14.837,,14.478,0.574
2023-01-26 16:00:00,14.695,74.549,15.798,0.23
2023-01-26 17:00:00,13.744,75.21,8.52,0.0
2023-01-26 18:00:00,12.327,78.638,11.958,0.0
2023-01-26 19:00:00,13.019,79.993,11.531,0.0
2023-01-26 20:00:00,,79.206,15.27,0.0
2023-01-26 21:00:00,12.623,77.452,12.694,0.0
2023-01-26 22:00:00,13.417,80.543,14.498,0.0
2023-01-26 23:00:00,,80.824,12.178,0.829
2023-01-27 00:00:00,13.634,,12.501,0.0
2023-01-27 01:00:00,13.683,77.761,11.611,0.0
2023-01-27 02:00:00,15.29,72.671,13.565,1.268
2023-01-27 03:00:00,16.187,,11.225,0.0
2023-01-27 04:00:00,16.477,73.88,12.217,
2023-01-27 05:00:00,17.347,66.268,13.286,0.0
2023-01-27 06:00:00,16.836,68.17,11.658,0.376
2023-01-27 07:00:00,18.261,72.397,9.749,0.0
2023-01-27 08:00:00,17.232,71.206,9.756,0.0
2023-01-27 09:00:00,19.614,65.399,10.947,0.0
2023-01-27 10:00:00,18.744,64.232,,0.0
2023-01-27 11:00:00,16.513,71.513,11.214,0.0
2023-01-27 12:00:00,15.201,69.641,12.925,0.136
2023-01-27 13:00:00,17.32,71.014,13.934,0.316
2023-01-27 14:00:00,15.076,67.353,11.665,0.0
2023-01-27 15:00:00,15.284,73.493,,0.0
2023-01-27 16:00:00,,70.379,11.777,
2023-01-27 17:00:00,13.523,75.289,13.8,0.0
2023-01-27 18:00:00,12.46,82.348,14.083,0.0
2023-01-27 19:00:00,12.928,81.484,11.443,0.0
2023-01-27 20:00:00,12.059,82.885,13.617,0.0
2023-01-27 21:00:00,13.32,78.616,12.793,0.0
2023-01-27 22:00:00,11.942,79.187,14.668,0.0
2023-01-27 23:00:00,13.753,76.254,15.478,0.429
2023-01-28 00:00:00,13.401,81.946,14.037,0.0
2023-01-28 01:00:00,14.465,73.474,12.798,0.0
2023-01-28 02:00:00,13.763,,13.001,0.0
2023-01-28 03:00:00,14.464,70.517,16.289,0.0
2023-01-28 04:00:00,17.222,73.251,15.887,0.0
2023-01-28 05:00:00,16.357,,15.659,0.0
2023-01-28 06:00:00,17.59,68.232,14.89,0.082
2023-01-28 07:00:00,18.061,62.786,14.419,0.0
2023-01-28 08:00:00,17.928,64.47,16.312,0.0
2023-01-28 09:00:00,18.773,,16.76,0.0
2023-01-28 10:00:00,17.516,63.36,18.854,0.762
2023-01-28 11:00:00,17.35,66.52,17.083,0.0
2023-01-28 12:00:00,18.339,69.926,15.995,0.0
2023-01-28 13:00:00,16.512,75.033,19.317,0.0
2023-01-28 14:00:00,16.888,72.689,12.818,0.0
2023-01-28 15:00:00,16.093,69.585,15.381,0.0
2023-01-28 16:00:00,15.968,71.077,17.754,0.0
2023-01-28 17:00:00,14.573,,16.142,0.0
2023-01-28 18:00:00,,76.404,15.931,0.0
2023-01-28 19:00:00,12.887,74.827,16.875,
2023-01-28 20:00:00,12.861,,18.787,0.0
2023-01-28 21:00:00,,74.94,15.897,0.0
2023-01-28 22:00:00,13.612,82.242,19.139,0.0
2023-01-28 23:00:00,13.435,76.271,15.048,0.0
2023-01-29 00:00:00,,78.196,14.584,0.0
2023-01-29 01:00:00,14.804,73.997,14.239,0.779
2023-01-29 02:00:00,16.229,79.773,14.839,0.0
2023-01-29 03:00:00,16.779,67.806,13.064,0.075
2023-01-29 04:00:00,18.258,71.904,,0.395
2023-01-29 05:00:00,18.456,72.979,16.514,0.007
2023-01-29 06:00:00,19.541,67.902,14.762,0.0
2023-01-29 07:00:00,19.303,69.934,13.434,0.0
2023-01-29 08:00:00,20.089,66.673,14.255,0.0
2023-01-29 09:00:00,19.563,70.001,14.809,
2023-01-29 10:00:00,19.994,67.123,12.633,0.243
2023-01-29 11:00:00,19.382,72.938,,0.0
2023-01-29 12:00:00,18.652,64.685,17.215,0.361
2023-01-29 13:00:00,17.825,72.686,13.738,0.0
2023-01-29 14:00:00,17.221,70.637,12.978,0.509
2023-01-29 15:00:00,17.0,72.472,12.168,0.0
2023-01-29 16:00:00,14.338,76.873,15.264,0.515
2023-01-29 17:00:00,16.152,74.902,12.524,0.0
2023-01-29 18:00:00,13.084,75.999,,0.637
2023-01-29 19:00:00,14.221,80.435,16.006,0.0
2023-01-29 20:00:00,13.92,76.147,12.414,0.0
2023-01-29 21:00:00,14.666,78.731,13.655,0.0
2023-01-29 22:00:00,,82.096,13.401,0.0
2023-01-29 23:00:00,14.708,76.159,11.662,0.522
2023-01-30 00:00:00,15.354,80.942,,0.0
2023-01-30 01:00:00,16.645,73.17,15.321,0.0
2023-01-30 02:00:00,18.395,75.49,14.254,
2023-01-30 03:00:00,17.827,73.512,12.118,0.378
2023-01-30 04:00:00,,,15.816,0.0
2023-01-30 05:00:00,18.776,,11.513,0.0
2023-01-30 06:00:00,19.962,65.319,11.892,0.0
2023-01-30 07:00:00,22.43,72.529,10.498,0.08
2023-01-30 08:00:00,19.828,72.51,12.433,0.094
2023-01-30 09:00:00,20.155,66.343,12.86,0.0
2023-01-30 10:00:00,20.653,68.761,11.575,0.0
2023-01-30 11:00:00,20.141,68.816,11.701,
2023-01-30 12:00:00,18.471,,10.772,0.494
2023-01-30 13:00:00,19.41,69.453,10.699,0.0
2023-01-30 14:00:00,17.088,73.221,11.358,0.0
2023-01-30 15:00:00,17.046,75.025,14.196,0.0
2023-01-30 16:00:00,17.4,80.194,12.79,0.0
2023-01-30 17:00:00,14.857,,13.173,0.0
2023-01-30 18:00:00,14.962,77.781,15.259,0.0
2023-01-30 19:00:00,15.95,82.2,14.8,0.0
2023-01-30 20:00:00,14.359,83.047,14.152,0.0
2023-01-30 21:00:00,13.768,80.315,14.845,0.449
2023-01-30 22:00:00,14.257,81.353,12.983,0.0
2023-01-30 23:00:00,15.604,78.453,13.198,0.44
2023-01-31 00:00:00,14.439,78.671,16.762,0.0
2023-01-31 01:00:00,,71.855,16.803,1.712
2023-01-31 02:00:00,15.9,71.445,15.71,0.0
2023-01-31 03:00:00,16.879,77.42,16.995,0.0
2023-01-31 04:00:00,19.341,71.697,14.975,0.654
2023-01-31 05:00:00,19.059,69.088,15.207,1.06
2023-01-31 06:00:00,19.37,72.565,14.96,0.0
2023-01-31 07:00:00,20.378,76.243,13.0,0.0
2023-01-31 08:00:00,19.795,72.921,13.155,0.0
2023-01-31 09:00:00,19.465,71.216,15.378,0.0
2023-01-31 10:00:00,20.92,70.46,13.846,0.294
2023-01-31 11:00:00,20.345,76.455,14.982,0.0
2023-01-31 12:00:00,18.582,77.358,18.254,0.0
2023-01-31 13:00:00,18.981,74.533,15.952,0.25
2023-01-31 14:00:00,,74.472,15.209,0.0
2023-01-31 15:00:00,17.243,77.41,16.846,0.553
2023-01-31 16:00:00,16.452,80.227,16.24,0.6
2023-01-31 17:00:00,14.503,79.742,15.228,1.2
2023-01-31 18:00:00,14.667,79.947,13.932,1.8
2023-01-31 19:00:00,12.991,80.563,17.075,2.4
2023-01-31 20:00:00,14.811,78.652,,3.0
2023-01-31 21:00:00,13.836,82.155,14.961,6.984
2023-01-31 22:00:00,15.016,83.423,13.79,2.421
2023-01-31 23:00:00,13.865,78.188,15.718,1.8
2023-02-01 00:00:00,15.512,78.449,14.583,1.2
2023-02-01 01:00:00,14.402,,14.311,0.6
2023-02-01 02:00:00,,75.86,16.163,0.0
2023-02-01 03:00:00,17.346,77.73,14.551,0.0
2023-02-01 04:00:00,17.935,72.024,16.258,0.0
2023-02-01 05:00:00,18.296,68.282,16.634,
2023-02-01 06:00:00,17.714,73.699,14.306,0.0
2023-02-01 07:00:00,20.182,73.608,14.661,0.0
2023-02-01 08:00:00,19.909,72.07,14.476,0.0
2023-02-01 09:00:00,20.238,71.239,13.892,0.114
2023-02-01 10:00:00,,75.871,14.856,0.141
2023-02-01 11:00:00,18.554,71.665,13.293,0.306
2023-02-01 12:00:00,18.523,71.36,,0.984
2023-02-01 13:00:00,19.407,75.679,11.985,0.213
2023-02-01 14:00:00,,79.467,13.84,0.0
2023-02-01 15:00:00,16.212,79.05,14.219,
2023-02-01 16:00:00,14.72,82.585,14.573,0.0
2023-02-01 17:00:00,15.611,,12.776,0.0
2023-02-01 18:00:00,13.877,80.084,12.304,0.0
2023-02-01 19:00:00,12.555,82.801,10.513,0.0
2023-02-01 20:00:00,12.583,82.933,12.851,0.0
2023-02-01 21:00:00,11.937,85.418,13.534,0.0
2023-02-01 22:00:00,11.447,78.921,13.03,0.0
2023-02-01 23:00:00,11.46,85.471,12.392,0.0
2023-02-02 00:00:00,,77.81,,0.426
2023-02-02 01:00:00,13.685,81.489,11.976,0.218
2023-02-02 02:00:00,15.298,78.018,10.471,0.0
2023-02-02 03:00:00,15.351,76.117,11.391,0.0
2023-02-02 04:00:00,16.823,77.424,12.688,0.626
2023-02-02 05:00:00,18.577,71.01,12.055,0.0
2023-02-02 06:00:00,17.033,74.991,15.521,0.015
2023-02-02 07:00:00,17.396,71.577,11.923,0.52
2023-02-02 08:00:00,19.154,68.192,12.98,0.0
2023-02-02 09:00:00,20.123,74.756,11.001,0.0
2023-02-02 10:00:00,17.644,68.864,10.475,0.0
2023-02-02 11:00:00,16.676,74.738,13.391,0.046
2023-02-02 12:00:00,17.111,72.95,13.485,0.0
2023-02-02 13:00:00,16.343,74.356,9.728,0.028
2023-02-02 14:00:00,16.362,80.743,13.245,0.0
2023-02-02 15:00:00,14.299,79.28,13.506,0.0
2023-02-02 16:00:00,14.077,79.336,15.132,0.0
2023-02-02 17:00:00,13.326,83.823,12.897,0.104
2023-02-02 18:00:00,11.83,81.199,12.094,0.0
2023-02-02 19:00:00,11.395,87.772,12.744,0.0
2023-02-02 20:00:00,,82.064,14.338,0.0
2023-02-02 21:00:00,12.591,85.329,11.743,0.0
2023-02-02 22:00:00,11.794,81.89,14.265,
2023-02-02 23:00:00,13.816,84.708,13.691,0.0
2023-02-03 00:00:00,13.888,79.203,13.116,0.0
2023-02-03 01:00:00,14.204,80.052,12.377,0.0
2023-02-03 02:00:00,15.048,80.786,14.094,0.357
2023-02-03 03:00:00,15.64,73.545,15.998,0.0
2023-02-03 04:00:00,16.665,75.073,15.562,0.0
2023-02-03 05:00:00,17.46,75.314,16.525,0.0
2023-02-03 06:00:00,17.472,71.595,12.399,0.0
2023-02-03 07:00:00,16.388,71.101,15.832,0.0
2023-02-03 08:00:00,17.971,73.484,14.465,
2023-02-03 09:00:00,17.534,,16.841,0.0
2023-02-03 10:00:00,17.119,67.338,15.749,0.0
2023-02-03 11:00:00,18.036,69.908,18.364,0.206
2023-02-03 12:00:00,15.825,66.058,14.686,0.0
2023-02-03 13:00:00,17.036,74.484,16.066,0.342
2023-02-03 14:00:00,15.255,77.756,11.665,
2023-02-03 15:00:00,14.068,75.103,19.028,0.593
2023-02-03 16:00:00,13.573,75.626,14.401,0.0
2023-02-03 17:00:00,15.179,81.556,14.56,0.095
2023-02-03 18:00:00,,79.959,16.5,0.0
2023-02-03 19:00:00,12.352,87.962,18.636,0.0
2023-02-03 20:00:00,13.1,86.753,15.13,0.0
2023-02-03 21:00:00,13.596,77.446,17.552,0.0
2023-02-03 22:00:00,11.899,,14.31,0.045
2023-02-03 23:00:00,12.702,83.311,17.793,1.136
2023-02-04 00:00:00,14.118,82.341,16.314,0.0
2023-02-04 01:00:00,14.438,78.874,17.138,0.412
2023-02-04 02:00:00,14.663,73.319,16.596,0.504
2023-02-04 03:00:00,16.903,76.069,15.279,0.0
2023-02-04 04:00:00,16.903,72.671,14.833,0.322
2023-02-04 05:00:00,17.835,77.692,16.426,0.0
2023-02-04 06:00:00,19.591,73.109,16.291,0.0
2023-02-04 07:00:00,18.691,74.11,16.811,0.887
2023-02-04 08:00:00,20.506,67.081,15.724,0.0
2023-02-04 09:00:00,18.907,69.87,14.51,0.742
2023-02-04 10:00:00,18.445,69.477,14.706,0.0
2023-02-04 11:00:00,18.332,,13.819,0.067
2023-02-04 12:00:00,18.376,70.415,13.717,0.405
2023-02-04 13:00:00,17.602,68.598,14.669,0.0
2023-02-04 14:00:00,16.695,74.648,14.798,0.0
2023-02-04 15:00:00,14.627,73.247,13.901,0.0
2023-02-04 16:00:00,14.188,77.567,,0.0
2023-02-04 17:00:00,14.124,79.575,13.997,0.0
2023-02-04 18:00:00,14.3,78.838,11.081,0.0
2023-02-04 19:00:00,14.436,78.309,,0.034
2023-02-04 20:00:00,11.492,82.984,13.7,0.0
2023-02-04 21:00:00,13.111,82.909,11.567,0.0
2023-02-04 22:00:00,13.102,78.892,12.016,0.283
2023-02-04 23:00:00,13.757,82.376,14.01,0.0
2023-02-05 00:00:00,14.558,70.984,13.815,0.0
2023-02-05 01:00:00,14.502,77.372,12.13,0.0
2023-02-05 02:00:00,14.956,76.705,12.928,0.0
2023-02-05 03:00:00,17.455,73.66,8.404,
2023-02-05 04:00:00,18.079,67.494,13.482,0.0
2023-02-05 05:00:00,27.982,70.666,14.481,0.596
2023-02-05 06:00:00,18.816,72.113,10.93,0.0
2023-02-05 07:00:00,18.873,69.385,8.606,0.0
2023-02-05 08:00:00,,64.349,12.307,0.181
2023-02-05 09:00:00,20.192,68.074,13.813,0.056
2023-02-05 10:00:00,19.124,73.052,11.593,0.0
2023-02-05 11:00:00,18.481,72.401,14.203,0.0
2023-02-05 12:00:00,18.365,74.049,13.227,0.0
2023-02-05 13:00:00,19.349,70.975,,1.147
2023-02-05 14:00:00,17.787,74.71,13.574,0.0
2023-02-05 15:00:00,,74.042,14.409,0.0
2023-02-05 16:00:00,16.064,,13.127,0.424
2023-02-05 17:00:00,15.958,73.925,11.027,0.0
2023-02-05 18:00:00,15.323,78.08,10.677,0.409
2023-02-05 19:00:00,13.477,81.68,,0.0
2023-02-05 20:00:00,14.036,79.591,11.084,0.0
2023-02-05 21:00:00,13.739,74.083,15.424,0.0
2023-02-05 22:00:00,14.557,80.466,14.948,0.0
2023-02-05 23:00:00,14.748,74.969,,0.0
2023-02-06 00:00:00,13.92,78.408,15.701,0.0
2023-02-06 01:00:00,16.859,73.323,12.589,0.0
2023-02-06 02:00:00,16.995,78.385,14.957,0.007
2023-02-06 03:00:00,16.374,71.824,14.865,0.0
2023-02-06 04:00:00,19.22,73.732,13.706,0.11
2023-02-06 05:00:00,19.207,65.39,14.479,0.833
2023-02-06 06:00:00,20.055,67.633,13.921,0.0
2023-02-06 07:00:00,20.179,67.612,14.921,0.0
2023-02-06 08:00:00,20.526,62.78,,
2023-02-06 09:00:00,20.1,64.985,13.985,0.0
2023-02-06 10:00:00,19.116,65.357,16.397,0.161
2023-02-06 11:00:00,19.515,67.8,13.923,0.74
2023-02-06 12:00:00,19.568,68.719,18.229,0.0
2023-02-06 13:00:00,18.815,65.176,14.099,0.0
2023-02-06 14:00:00,18.513,74.535,13.787,0.068
2023-02-06 15:00:00,17.202,74.538,15.376,0.06
2023-02-06 16:00:00,14.905,72.586,15.401,0.0
2023-02-06 17:00:00,16.338,78.337,15.495,0.058
2023-02-06 18:00:00,14.658,76.097,16.297,0.0
2023-02-06 19:00:00,13.853,,13.597,0.08
2023-02-06 20:00:00,14.342,74.261,18.183,0.0
2023-02-06 21:00:00,13.556,70.694,14.81,0.0
2023-02-06 22:00:00,14.948,78.493,15.237,0.0
2023-02-06 23:00:00,14.383,80.092,14.669,
2023-02-07 00:00:00,,77.604,15.192,0.0
2023-02-07 01:00:00,16.031,76.26,17.337,0.358
2023-02-07 02:00:00,16.546,78.462,15.349,2.018
2023-02-07 03:00:00,17.244,67.313,16.117,0.0
2023-02-07 04:00:00,16.919,,19.331,0.0
2023-02-07 05:00:00,18.517,74.134,16.936,0.0
2023-02-07 06:00:00,19.156,67.015,,0.0
2023-02-07 07:00:00,19.863,71.969,12.804,0.0
2023-02-07 08:00:00,18.731,65.235,15.91,0.0
2023-02-07 09:00:00,20.356,64.447,15.989,0.0
2023-02-07 10:00:00,21.054,61.039,14.309,0.0
2023-02-07 11:00:00,19.446,68.748,11.756,0.0
2023-02-07 12:00:00,19.16,70.528,13.64,0.315
2023-02-07 13:00:00,18.815,71.187,12.526,0.0
2023-02-07 14:00:00,17.165,71.691,15.416,0.489
2023-02-07 15:00:00,16.611,74.717,14.117,0.0
2023-02-07 16:00:00,16.809,73.689,13.739,0.0
2023-02-07 17:00:00,15.538,70.814,11.911,
2023-02-07 18:00:00,13.917,77.588,11.917,0.0
2023-02-07 19:00:00,13.064,79.198,,0.0
2023-02-07 20:00:00,15.695,85.788,14.005,0.193
2023-02-07 21:00:00,14.312,76.983,14.763,0.0
2023-02-07 22:00:00,12.995,78.279,12.891,0.0
2023-02-07 23:00:00,14.56,72.27,12.372,0.0
2023-02-08 00:00:00,15.423,71.16,13.229,0.149
2023-02-08 01:00:00,15.646,71.603,10.751,0.0
2023-02-08 02:00:00,14.931,77.479,11.814,0.0
2023-02-08 03:00:00,18.302,72.2,11.219,0.0
2023-02-08 04:00:00,18.162,70.516,13.36,0.917
2023-02-08 05:00:00,18.25,67.496,10.063,0.0
2023-02-08 06:00:00,19.413,68.494,11.014,0.0
2023-02-08 07:00:00,19.146,69.467,11.926,
2023-02-08 08:00:00,,68.242,12.662,2.105
2023-02-08 09:00:00,20.128,66.343,11.805,0.0
2023-02-08 10:00:00,17.87,67.432,12.574,0.0
2023-02-08 11:00:00,19.593,68.782,11.722,0.0
2023-02-08 12:00:00,18.592,70.746,10.492,
2023-02-08 13:00:00,18.147,71.213,12.41,0.0
2023-02-08 14:00:00,17.467,70.916,14.384,0.0
2023-02-08 15:00:00,17.101,69.394,12.451,0.518
2023-02-08 16:00:00,16.213,,,0.195
2023-02-08 17:00:00,15.078,76.354,13.172,
2023-02-08 18:00:00,13.552,77.226,13.62,0.177
2023-02-08 19:00:00,13.855,77.197,13.225,0.0
2023-02-08 20:00:00,12.745,75.697,11.019,0.0
2023-02-08 21:00:00,12.329,81.98,14.924,0.0
2023-02-08 22:00:00,13.464,76.872,16.264,
2023-02-08 23:00:00,,77.858,12.582,0.0
2023-02-09 00:00:00,14.798,75.707,13.133,0.0
2023-02-09 01:00:00,13.044,72.169,14.664,0.0
2023-02-09 02:00:00,15.705,76.241,13.856,0.0
2023-02-09 03:00:00,16.503,68.467,11.458,0.0
2023-02-09 04:00:00,16.834,71.283,17.747,0.0
2023-02-09 05:00:00,18.47,68.815,13.486,0.0
2023-02-09 06:00:00,17.336,68.945,17.075,0.0
2023-02-09 07:00:00,18.588,65.3,14.63,0.177
2023-02-09 08:00:00,18.287,70.562,14.524,0.0
2023-02-09 09:00:00,18.547,71.344,13.444,0.842
2023-02-09 10:00:00,17.669,70.088,15.423,0.0
2023-02-09 11:00:00,17.871,67.548,15.955,0.233
2023-02-09 12:00:00,17.894,66.311,17.851,0.0
2023-02-09 13:00:00,16.814,77.138,15.927,0.067
2023-02-09 14:00:00,16.203,67.515,15.706,0.413
2023-02-09 15:00:00,14.605,71.254,16.061,0.0
2023-02-09 16:00:00,15.493,77.233,14.832,0.254
2023-02-09 17:00:00,13.151,79.162,17.077,0.0
2023-02-09 18:00:00,13.063,75.671,17.777,0.0
2023-02-09 19:00:00,,,16.096,0.024
2023-02-09 20:00:00,12.226,76.508,16.614,0.0
2023-02-09 21:00:00,,82.6,16.203,0.757
2023-02-09 22:00:00,12.598,81.493,15.149,0.293
2023-02-09 23:00:00,14.02,79.704,18.251,0.022
2023-02-10 00:00:00,13.718,81.789,14.383,0.0
2023-02-10 01:00:00,14.26,78.463,16.835,0.0
2023-02-10 02:00:00,14.143,69.583,16.906,0.0
2023-02-10 03:00:00,15.822,76.882,13.947,0.622
2023-02-10 04:00:00,16.968,74.001,16.506,0.272
2023-02-10 05:00:00,17.243,74.631,12.868,0.0
2023-02-10 06:00:00,16.864,70.228,16.398,0.0
2023-02-10 07:00:00,17.559,72.25,12.482,0.0
2023-02-10 08:00:00,18.022,68.781,16.581,0.0
2023-02-10 09:00:00,18.24,70.975,14.817,0.709
2023-02-10 10:00:00,17.081,72.703,11.611,0.0
2023-02-10 11:00:00,19.039,69.449,12.236,
2023-02-10 12:00:00,17.12,70.354,12.715,0.0
2023-02-10 13:00:00,16.622,73.674,12.796,0.0
2023-02-10 14:00:00,15.494,77.326,12.605,0.0
2023-02-10 15:00:00,15.009,77.785,,
2023-02-10 16:00:00,15.649,,13.312,0.0
2023-02-10 17:00:00,12.939,81.742,11.367,0.0
2023-02-10 18:00:00,12.683,82.105,12.445,0.0
2023-02-10 19:00:00,11.915,79.102,12.71,0.0
2023-02-10 20:00:00,12.043,86.271,,0.0
2023-02-10 21:00:00,13.503,86.228,12.897,0.0
2023-02-10 22:00:00,12.166,85.363,11.083,0.0
2023-02-10 23:00:00,12.675,76.989,12.747,0.0
2023-02-11 00:00:00,12.274,84.198,14.409,0.0
2023-02-11 01:00:00,13.987,76.446,13.616,0.76
2023-02-11 02:00:00,15.179,78.05,11.647,0.0
2023-02-11 03:00:00,15.486,76.02,13.496,0.0
2023-02-11 04:00:00,16.348,79.647,9.659,0.0
2023-02-11 05:00:00,17.924,76.452,12.47,0.0
2023-02-11 06:00:00,18.345,72.609,13.321,0.0
2023-02-11 07:00:00,18.358,73.176,,0.005
2023-02-11 08:00:00,18.152,69.737,,0.0
2023-02-11 09:00:00,17.715,68.409,11.939,0.546
2023-02-11 10:00:00,19.836,73.623,12.246,0.566
2023-02-11 11:00:00,17.237,74.72,10.6,0.184
2023-02-11 12:00:00,18.297,73.795,12.25,0.0
2023-02-11 13:00:00,17.084,79.435,12.661,0.0
2023-02-11 14:00:00,16.001,81.638,12.992,0.907
2023-02-11 15:00:00,16.403,77.015,11.266,0.0
2023-02-11 16:00:00,14.535,80.575,12.645,0.0
2023-02-11 17:00:00,15.295,82.673,12.681,0.548
2023-02-11 18:00:00,13.146,77.182,,0.0
2023-02-11 19:00:00,13.842,86.609,12.657,0.0
2023-02-11 20:00:00,14.202,86.664,12.655,0.0
2023-02-11 21:00:00,12.629,85.117,17.62,0.0
2023-02-11 22:00:00,15.003,83.664,16.106,0.0
2023-02-11 23:00:00,14.533,82.008,12.318,0.0
2023-02-12 00:00:00,12.946,85.873,15.819,0.0
2023-02-12 01:00:00,16.188,79.007,12.962,0.0
2023-02-12 02:00:00,17.346,80.396,14.557,0.6
2023-02-12 03:00:00,16.644,77.492,14.609,1.388
2023-02-12 04:00:00,17.502,79.825,14.521,1.8
2023-02-12 05:00:00,18.64,78.952,14.726,2.4
2023-02-12 06:00:00,17.663,74.08,14.545,
2023-02-12 07:00:00,19.576,72.896,15.995,3.0
2023-02-12 08:00:00,20.405,69.012,17.176,4.202
2023-02-12 09:00:00,19.438,69.388,17.832,1.8
2023-02-12 10:00:00,,73.626,11.358,1.2
2023-02-12 11:00:00,20.935,74.558,18.216,0.982
2023-02-12 12:00:00,,74.467,15.159,0.0
2023-02-12 13:00:00,17.001,72.334,13.325,0.3
2023-02-12 14:00:00,17.07,74.483,15.696,0.0
2023-02-12 15:00:00,17.27,70.613,19.492,0.0
2023-02-12 16:00:00,16.366,79.649,,0.0
2023-02-12 17:00:00,14.792,74.342,18.12,0.114
2023-02-12 18:00:00,14.096,77.095,14.932,0.106
2023-02-12 19:00:00,13.993,80.468,18.663,0.029
2023-02-12 20:00:00,,86.347,18.736,0.509
2023-02-12 21:00:00,13.631,80.309,18.573,0.0
2023-02-12 22:00:00,14.093,84.976,17.694,
2023-02-12 23:00:00,15.564,87.861,15.459,0.126
2023-02-13 00:00:00,15.259,83.362,,0.0
2023-02-13 01:00:00,,81.637,14.633,0.0
2023-02-13 02:00:00,17.918,75.152,15.627,0.0
2023-02-13 03:00:00,17.954,75.945,15.543,0.0
2023-02-13 04:00:00,18.023,70.652,15.003,0.145
2023-02-13 05:00:00,18.955,75.62,14.263,0.0
2023-02-13 06:00:00,20.481,74.223,12.255,0.27
2023-02-13 07:00:00,20.011,75.783,14.183,0.0
2023-02-13 08:00:00,20.706,71.483,,0.7
2023-02-13 09:00:00,21.203,72.148,15.483,1.538
2023-02-13 10:00:00,21.126,69.129,16.259,0.22
2023-02-13 11:00:00,18.782,73.396,14.837,0.719
2023-02-13 12:00:00,19.217,76.644,15.172,0.679
2023-02-13 13:00:00,18.677,75.928,14.423,0.392
2023-02-13 14:00:00,18.247,78.271,13.682,0.0
2023-02-13 15:00:00,17.942,77.825,11.995,0.372
2023-02-13 16:00:00,17.463,80.406,12.127,0.0
2023-02-13 17:00:00,15.63,80.774,13.123,0.558
2023-02-13 18:00:00,14.594,79.15,11.068,0.0
2023-02-13 19:00:00,15.088,82.139,14.281,0.145
2023-02-13 20:00:00,14.293,84.859,12.474,0.493
2023-02-13 21:00:00,15.893,83.765,12.782,0.0
2023-02-13 22:00:00,15.092,82.097,12.054,0.0
2023-02-13 23:00:00,15.233,79.218,11.179,0.0
2023-02-14 00:00:00,,81.983,11.63,0.0
2023-02-14 01:00:00,15.901,77.687,13.13,0.0
2023-02-14 02:00:00,16.857,77.019,13.08,0.466
2023-02-14 03:00:00,17.744,77.747,11.809,0.0
2023-02-14 04:00:00,19.077,77.359,11.416,0.482
2023-02-14 05:00:00,20.213,71.351,12.162,0.0
2023-02-14 06:00:00,20.412,70.59,10.244,0.0
2023-02-14 07:00:00,20.792,72.874,11.609,0.0
2023-02-14 08:00:00,20.318,,10.083,0.0
2023-02-14 09:00:00,20.752,74.874,11.033,0.0
2023-02-14 10:00:00,20.134,73.088,13.445,0.0
2023-02-14 11:00:00,20.724,71.27,,0.0
2023-02-14 12:00:00,18.915,68.985,28.537,0.0
2023-02-14 13:00:00,18.617,75.56,11.168,0.0
2023-02-14 14:00:00,18.061,75.198,12.655,0.0
2023-02-14 15:00:00,17.631,71.969,10.732,
2023-02-14 16:00:00,15.772,75.103,12.691,0.192
2023-02-14 17:00:00,15.392,78.396,15.071,0.0
2023-02-14 18:00:00,,81.824,13.292,0.0
2023-02-14 19:00:00,13.54,75.199,14.827,0.0
2023-02-14 20:00:00,14.974,80.725,13.311,0.0
2023-02-14 21:00:00,14.46,81.428,15.696,1.214
2023-02-14 22:00:00,13.213,,13.751,0.0
2023-02-14 23:00:00,13.902,80.545,13.816,0.0
2023-02-15 00:00:00,15.467,79.269,15.734,0.509
2023-02-15 01:00:00,15.268,77.174,13.349,0.0
2023-02-15 02:00:00,15.66,76.628,13.82,0.0
2023-02-15 03:00:00,18.018,75.722,13.781,
2023-02-15 04:00:00,17.521,71.821,14.883,
2023-02-15 05:00:00,18.253,72.307,14.361,0.002
2023-02-15 06:00:00,19.444,,17.888,0.04
2023-02-15 07:00:00,18.926,68.125,13.021,0.077
2023-02-15 08:00:00,19.633,70.014,16.09,
2023-02-15 09:00:00,19.722,73.466,,0.0
2023-02-15 10:00:00,19.919,,15.58,0.0
2023-02-15 11:00:00,18.471,68.987,17.371,0.0
2023-02-15 12:00:00,19.179,68.246,14.714,0.424
2023-02-15 13:00:00,17.953,73.657,12.257,0.0
2023-02-15 14:00:00,18.182,75.808,,0.0
2023-02-15 15:00:00,16.25,,17.861,0.402
2023-02-15 16:00:00,14.911,75.597,15.865,0.0
2023-02-15 17:00:00,14.17,76.779,15.014,0.0
2023-02-15 18:00:00,13.128,78.607,15.077,0.0
2023-02-15 19:00:00,13.452,81.998,16.374,0.189
2023-02-15 20:00:00,13.129,80.372,15.044,0.0
2023-02-15 21:00:00,13.724,83.52,13.149,0.274
2023-02-15 22:00:00,13.28,84.512,14.776,1.779
2023-02-15 23:00:00,12.947,77.377,15.608,0.0
2023-02-16 00:00:00,14.746,81.75,15.531,0.538
2023-02-16 01:00:00,14.342,79.38,15.852,0.0
2023-02-16 02:00:00,15.54,74.002,16.588,0.0
2023-02-16 03:00:00,17.121,,17.929,0.0
2023-02-16 04:00:00,17.717,68.206,13.345,0.0
2023-02-16 05:00:00,16.967,71.534,16.071,0.018
2023-02-16 06:00:00,17.942,63.067,14.648,0.328
2023-02-16 07:00:00,19.353,71.031,14.597,0.495
2023-02-16 08:00:00,19.306,64.4,12.113,1.815
2023-02-16 09:00:00,18.998,67.371,15.737,0.0
2023-02-16 10:00:00,19.04,65.077,11.114,0.0
2023-02-16 11:00:00,16.507,66.417,13.457,0.0
2023-02-16 12:00:00,17.26,69.187,17.11,0.0
2023-02-16 13:00:00,15.767,66.489,13.136,1.827
2023-02-16 14:00:00,15.557,70.555,14.774,0.0
2023-02-16 15:00:00,14.927,71.271,12.208,0.0
2023-02-16 16:00:00,14.739,76.346,,0.0
2023-02-16 17:00:00,14.513,72.815,13.93,0.119
2023-02-16 18:00:00,13.639,82.511,13.923,0.0
2023-02-16 19:00:00,12.836,82.356,12.109,0.606
2023-02-16 20:00:00,12.138,74.595,11.25,0.037
2023-02-16 21:00:00,13.235,74.49,11.774,0.0
2023-02-16 22:00:00,12.673,76.208,12.263,
2023-02-16 23:00:00,,77.878,10.964,0.393
2023-02-17 00:00:00,13.302,77.517,13.927,0.0
2023-02-17 01:00:00,14.348,76.354,11.177,0.0
2023-02-17 02:00:00,14.056,75.367,11.425,0.084
2023-02-17 03:00:00,15.664,71.248,10.806,0.0
2023-02-17 04:00:00,17.333,66.629,9.994,0.499
2023-02-17 05:00:00,16.778,,,0.304
2023-02-17 06:00:00,17.497,66.231,10.896,0.0
2023-02-17 07:00:00,17.927,64.257,12.529,0.897
2023-02-17 08:00:00,17.508,72.629,11.928,
2023-02-17 09:00:00,17.898,64.705,16.18,0.0
2023-02-17 10:00:00,17.358,69.695,13.264,0.604
2023-02-17 11:00:00,17.507,69.092,15.452,0.0
2023-02-17 12:00:00,16.626,65.73,9.146,0.0
2023-02-17 13:00:00,17.22,65.642,12.558,0.0
2023-02-17 14:00:00,15.727,69.977,13.537,0.0
2023-02-17 15:00:00,15.638,,10.962,0.0
2023-02-17 16:00:00,13.399,73.042,13.246,0.0
2023-02-17 17:00:00,13.596,78.414,11.857,0.0
2023-02-17 18:00:00,13.457,74.792,15.34,0.0
2023-02-17 19:00:00,13.139,75.623,12.78,0.061
2023-02-17 20:00:00,11.996,78.681,13.048,0.0
2023-02-17 21:00:00,12.348,83.561,16.865,0.0
2023-02-17 22:00:00,12.691,79.971,13.325,0.758
2023-02-17 23:00:00,12.758,82.138,12.052,0.0
2023-02-18 00:00:00,13.262,74.807,14.611,0.0
2023-02-18 01:00:00,14.615,77.808,12.916,0.0
2023-02-18 02:00:00,14.184,74.643,12.235,
2023-02-18 03:00:00,14.555,78.664,14.946,0.0
2023-02-18 04:00:00,16.288,69.302,15.545,0.0
2023-02-18 05:00:00,17.565,69.68,12.594,0.446
2023-02-18 06:00:00,16.363,65.597,16.458,0.0
2023-02-18 07:00:00,19.391,63.955,12.623,0.0
2023-02-18 08:00:00,18.779,,14.905,0.0
2023-02-18 09:00:00,19.195,68.241,17.054,0.0
2023-02-18 10:00:00,,64.449,16.327,0.0
2023-02-18 11:00:00,18.307,70.626,13.632,0.22
2023-02-18 12:00:00,19.137,68.779,,0.0
2023-02-18 13:00:00,18.548,70.531,14.27,0.48
2023-02-18 14:00:00,16.972,77.277,12.912,0.284
2023-02-18 15:00:00,15.595,,16.934,0.0
2023-02-18 16:00:00,14.992,78.455,19.538,1.555
2023-02-18 17:00:00,15.35,81.119,14.462,0.803
2023-02-18 18:00:00,13.38,78.977,13.354,0.0
2023-02-18 19:00:00,12.846,78.17,15.043,0.0
2023-02-18 20:00:00,13.214,83.642,16.557,0.6
2023-02-18 21:00:00,13.962,84.458,16.872,1.2
2023-02-18 22:00:00,12.773,75.273,32.845,1.8
2023-02-18 23:00:00,14.186,76.354,17.673,2.847
2023-02-19 00:00:00,14.771,75.525,14.624,3.0
2023-02-19 01:00:00,15.305,74.222,,3.0
2023-02-19 02:00:00,15.893,78.711,19.365,3.353
2023-02-19 03:00:00,17.484,72.758,16.056,3.134
2023-02-19 04:00:00,18.044,,15.597,1.2
2023-02-19 05:00:00,17.343,71.497,16.146,0.827
2023-02-19 06:00:00,20.131,,14.714,0.211
2023-02-19 07:00:00,19.783,68.987,14.982,0.0
2023-02-19 08:00:00,19.961,69.647,13.304,0.0
2023-02-19 09:00:00,19.562,64.723,12.711,0.0
2023-02-19 10:00:00,19.479,69.256,12.241,0.0
2023-02-19 11:00:00,17.582,,15.086,0.0
2023-02-19 12:00:00,18.712,70.787,11.933,0.0
2023-02-19 13:00:00,,75.874,14.384,1.199
2023-02-19 14:00:00,17.981,74.878,17.286,0.0
2023-02-19 15:00:00,16.321,75.244,14.731,0.0
2023-02-19 16:00:00,14.402,80.666,12.446,0.0
2023-02-19 17:00:00,14.613,83.483,13.737,0.0
2023-02-19 18:00:00,14.649,81.386,15.221,0.0
2023-02-19 19:00:00,15.388,78.654,11.841,0.998
2023-02-19 20:00:00,13.134,85.293,14.525,0.0
2023-02-19 21:00:00,14.288,81.496,9.995,0.509
2023-02-19 22:00:00,14.894,78.508,10.692,0.0
2023-02-19 23:00:00,15.307,81.75,13.94,0.0
2023-02-20 00:00:00,15.359,77.434,,0.502
2023-02-20 01:00:00,14.144,76.332,14.4,0.0
2023-02-20 02:00:00,17.313,73.211,11.377,
2023-02-20 03:00:00,17.784,72.073,12.604,1.2
2023-02-20 04:00:00,18.864,75.197,11.853,1.8
2023-02-20 05:00:00,18.531,64.991,10.392,2.4
2023-02-20 06:00:00,19.461,72.507,13.22,
2023-02-20 07:00:00,21.309,72.4,11.93,3.0
2023-02-20 08:00:00,20.437,71.636,13.464,3.291
2023-02-20 09:00:00,20.55,69.503,9.801,1.8
2023-02-20 10:00:00,19.896,66.714,8.216,1.2
2023-02-20 11:00:00,20.947,70.709,12.054,0.6
2023-02-20 12:00:00,18.378,73.729,12.141,0.0
2023-02-20 13:00:00,18.524,77.072,,0.219
2023-02-20 14:00:00,18.462,75.183,13.323,0.0
2023-02-20 15:00:00,,71.091,13.004,3.628
2023-02-20 16:00:00,17.249,76.018,10.034,0.0
2023-02-20 17:00:00,16.234,76.465,10.639,0.259
2023-02-20 18:00:00,16.38,82.482,11.803,0.349
2023-02-20 19:00:00,14.78,82.639,12.93,
2023-02-20 20:00:00,14.609,82.472,12.894,0.0
2023-02-20 21:00:00,14.863,81.588,13.77,0.0
2023-02-20 22:00:00,13.568,,9.897,0.0
2023-02-20 23:00:00,16.187,80.453,15.055,0.0
2023-02-21 00:00:00,15.061,83.14,13.619,0.0
2023-02-21 01:00:00,17.162,76.143,14.387,0.0
2023-02-21 02:00:00,18.116,75.057,16.42,0.0
2023-02-21 03:00:00,18.584,72.142,15.232,1.592
2023-02-21 04:00:00,18.758,73.283,13.68,0.0
2023-02-21 05:00:00,,74.052,14.125,
2023-02-21 06:00:00,18.348,66.944,16.918,0.0
2023-02-21 07:00:00,20.662,72.308,15.294,0.0
2023-02-21 08:00:00,20.311,68.043,16.357,0.0
2023-02-21 09:00:00,21.711,77.025,15.318,0.0
2023-02-21 10:00:00,20.093,70.252,,0.0
2023-02-21 11:00:00,20.362,73.058,19.917,0.0
2023-02-21 12:00:00,19.076,68.262,15.263,0.209
2023-02-21 13:00:00,18.98,77.206,,0.0
2023-02-21 14:00:00,17.652,76.339,15.362,
2023-02-21 15:00:00,16.966,76.598,14.63,0.005
2023-02-21 16:00:00,14.955,83.404,19.517,1.613
2023-02-21 17:00:00,15.055,80.436,18.723,0.756
2023-02-21 18:00:00,14.841,80.861,13.839,0.0
2023-02-21 19:00:00,15.397,86.896,14.679,0.0
2023-02-21 20:00:00,14.412,82.093,17.513,0.697
2023-02-21 21:00:00,13.278,85.244,16.217,
2023-02-21 22:00:00,15.403,81.424,17.776,0.833
2023-02-21 23:00:00,,79.476,14.979,0.0
2023-02-22 00:00:00,15.88,85.825,18.245,0.516
2023-02-22 01:00:00,15.063,81.273,13.423,0.0
2023-02-22 02:00:00,14.079,81.659,16.228,0.0
2023-02-22 03:00:00,16.606,79.887,14.736,0.0
2023-02-22 04:00:00,17.147,75.991,15.375,0.0
2023-02-22 05:00:00,18.716,75.747,16.327,
2023-02-22 06:00:00,17.968,71.919,14.464,0.599
2023-02-22 07:00:00,18.808,71.047,14.358,0.0
2023-02-22 08:00:00,18.663,72.998,13.925,0.0
2023-02-22 09:00:00,19.724,66.115,17.267,
2023-02-22 10:00:00,18.757,72.018,12.081,0.0
2023-02-22 11:00:00,19.99,70.129,13.792,0.0
2023-02-22 12:00:00,19.002,73.909,15.413,0.0
2023-02-22 13:00:00,18.337,72.229,12.03,0.0
2023-02-22 14:00:00,16.797,80.363,11.426,0.0
2023-02-22 15:00:00,16.293,,14.032,0.0
2023-02-22 16:00:00,15.931,77.974,10.472,0.0
2023-02-22 17:00:00,13.976,83.112,9.543,0.0
2023-02-22 18:00:00,14.842,76.921,13.149,0.296
2023-02-22 19:00:00,13.438,79.133,12.312,0.0
2023-02-22 20:00:00,14.112,85.299,13.981,0.0
2023-02-22 21:00:00,14.738,88.443,11.266,0.0
2023-02-22 22:00:00,14.377,83.297,13.732,0.0
2023-02-22 23:00:00,12.817,84.836,11.543,0.0
2023-02-23 00:00:00,14.937,82.224,10.601,0.0
2023-02-23 01:00:00,14.468,84.883,13.938,0.0
2023-02-23 02:00:00,15.099,77.325,14.035,0.065
2023-02-23 03:00:00,,72.758,10.626,0.0
2023-02-23 04:00:00,16.034,73.455,11.391,0.0
2023-02-23 05:00:00,17.703,74.452,12.049,0.0
2023-02-23 06:00:00,17.567,74.621,,
2023-02-23 07:00:00,19.255,70.301,11.832,0.698
2023-02-23 08:00:00,,74.767,11.346,0.0
2023-02-23 09:00:00,,67.243,14.386,0.0
2023-02-23 10:00:00,17.784,72.422,12.626,0.0
2023-02-23 11:00:00,17.36,69.611,10.029,0.0
2023-02-23 12:00:00,17.031,72.301,10.66,0.0
2023-02-23 13:00:00,16.363,73.141,11.394,0.418
2023-02-23 14:00:00,16.208,79.231,14.005,0.0
2023-02-23 15:00:00,15.142,82.175,,0.0
2023-02-23 16:00:00,,73.039,11.271,0.0
2023-02-23 17:00:00,14.06,79.512,14.872,0.0
2023-02-23 18:00:00,13.798,82.521,13.934,0.0
2023-02-23 19:00:00,12.719,79.918,14.599,0.003
2023-02-23 20:00:00,13.296,82.438,14.301,0.0
2023-02-23 21:00:00,12.713,82.609,12.194,0.0
2023-02-23 22:00:00,12.166,84.651,12.126,0.246
2023-02-23 23:00:00,12.63,79.48,,0.0
2023-02-24 00:00:00,13.432,82.768,12.889,0.0
2023-02-24 01:00:00,14.457,78.636,15.089,0.0
2023-02-24 02:00:00,14.941,77.807,15.836,0.0
2023-02-24 03:00:00,16.29,74.217,14.283,0.0
2023-02-24 04:00:00,17.175,74.126,16.326,0.0
2023-02-24 05:00:00,16.335,73.243,16.452,0.0
2023-02-24 06:00:00,16.807,78.831,18.155,0.0
2023-02-24 07:00:00,17.978,73.603,15.674,0.0
2023-02-24 08:00:00,18.614,71.464,15.39,0.0
2023-02-24 09:00:00,18.976,70.591,15.698,0.0
2023-02-24 10:00:00,18.628,68.334,,0.0
2023-02-24 11:00:00,18.255,74.213,,0.0
2023-02-24 12:00:00,16.643,68.833,14.683,0.0
2023-02-24 13:00:00,16.918,71.314,15.971,0.0
2023-02-24 14:00:00,15.462,77.191,16.855,0.0
2023-02-24 15:00:00,15.444,74.627,16.276,0.0
2023-02-24 16:00:00,15.037,75.057,14.145,0.96
2023-02-24 17:00:00,13.25,86.615,17.617,0.0
2023-02-24 18:00:00,12.994,77.285,16.49,0.0
2023-02-24 19:00:00,,,14.873,0.0
2023-02-24 20:00:00,12.015,77.518,16.024,0.031
2023-02-24 21:00:00,12.18,81.692,18.478,0.0
2023-02-24 22:00:00,11.958,83.762,15.7,0.193
2023-02-24 23:00:00,12.1,87.334,15.662,0.0
2023-02-25 00:00:00,14.375,82.599,16.871,0.0
2023-02-25 01:00:00,13.883,79.15,17.091,1.64
2023-02-25 02:00:00,14.699,75.987,15.432,0.0
2023-02-25 03:00:00,15.386,77.679,13.5,0.361
2023-02-25 04:00:00,14.762,72.627,14.758,0.0
2023-02-25 05:00:00,18.008,,,0.197
2023-02-25 06:00:00,17.7,66.214,17.41,0.936
2023-02-25 07:00:00,18.512,70.811,15.827,0.0
2023-02-25 08:00:00,19.79,,14.42,1.341
2023-02-25 09:00:00,,67.579,11.304,0.0
2023-02-25 10:00:00,18.857,,13.47,0.0
2023-02-25 11:00:00,18.57,65.926,16.093,0.0
2023-02-25 12:00:00,18.862,74.622,14.772,0.0
2023-02-25 13:00:00,16.387,72.459,13.425,0.426
2023-02-25 14:00:00,16.237,70.31,8.836,0.0
2023-02-25 15:00:00,14.358,77.953,13.3,1.445
2023-02-25 16:00:00,15.193,70.244,12.405,0.0
2023-02-25 17:00:00,14.978,77.055,14.777,0.336
2023-02-25 18:00:00,13.691,74.82,12.69,0.0
2023-02-25 19:00:00,15.028,80.789,13.484,0.73
2023-02-25 20:00:00,14.12,81.95,14.466,0.086
2023-02-25 21:00:00,14.822,78.666,11.628,0.0
2023-02-25 22:00:00,13.771,78.035,10.624,0.0
2023-02-25 23:00:00,15.342,76.447,11.171,0.039
2023-02-26 00:00:00,14.275,,13.035,0.0
2023-02-26 01:00:00,15.64,76.512,15.225,0.0
2023-02-26 02:00:00,16.23,79.797,13.376,0.0
2023-02-26 03:00:00,16.671,73.595,11.114,0.604
2023-02-26 04:00:00,18.955,71.582,15.35,
2023-02-26 05:00:00,19.461,66.818,11.485,0.0
2023-02-26 06:00:00,18.668,65.502,12.772,0.0
2023-02-26 07:00:00,20.111,69.471,11.756,0.0
2023-02-26 08:00:00,19.975,66.195,13.694,0.0
2023-02-26 09:00:00,20.1,69.816,11.03,
2023-02-26 10:00:00,20.292,68.917,12.29,0.789
2023-02-26 11:00:00,19.195,66.228,13.659,0.0
2023-02-26 12:00:00,19.199,67.726,12.173,0.0
2023-02-26 13:00:00,18.658,73.178,12.672,0.516
2023-02-26 14:00:00,17.312,74.173,12.971,0.0
2023-02-26 15:00:00,16.638,75.639,10.385,0.0
2023-02-26 16:00:00,,72.233,13.243,0.0
2023-02-26 17:00:00,15.635,76.566,11.307,0.675
2023-02-26 18:00:00,16.74,74.952,12.314,
2023-02-26 19:00:00,16.191,84.414,12.391,0.0
2023-02-26 20:00:00,13.959,77.549,12.782,0.0
2023-02-26 21:00:00,14.687,78.471,14.687,0.658
2023-02-26 22:00:00,13.233,77.34,,0.0
2023-02-26 23:00:00,14.582,74.933,15.014,0.0
2023-02-27 00:00:00,14.961,77.786,13.912,0.47
2023-02-27 01:00:00,15.733,73.325,,0.596
2023-02-27 02:00:00,15.53,73.684,13.565,0.0
2023-02-27 03:00:00,18.039,73.25,14.686,0.0
2023-02-27 04:00:00,18.739,70.353,15.056,0.0
2023-02-27 05:00:00,18.78,67.793,13.62,0.0
2023-02-27 06:00:00,19.895,69.552,15.332,0.0
2023-02-27 07:00:00,21.043,66.859,14.683,0.0
2023-02-27 08:00:00,21.779,62.883,15.263,0.0
2023-02-27 09:00:00,19.755,59.846,15.172,0.374
2023-02-27 10:00:00,21.665,62.954,15.253,0.0
2023-02-27 11:00:00,18.978,67.319,14.205,0.246
2023-02-27 12:00:00,19.092,,18.471,2.338
2023-02-27 13:00:00,18.746,67.533,17.242,0.0
2023-02-27 14:00:00,19.378,71.19,15.005,0.524
2023-02-27 15:00:00,17.937,69.368,15.157,0.426
2023-02-27 16:00:00,17.163,76.131,15.298,0.0
2023-02-27 17:00:00,17.159,80.272,18.039,0.0
2023-02-27 18:00:00,15.639,,14.264,0.0
2023-02-27 19:00:00,14.739,,17.465,0.0
2023-02-27 20:00:00,15.855,,15.272,0.0
2023-02-27 21:00:00,14.623,76.682,15.298,0.516
2023-02-27 22:00:00,14.043,75.299,14.002,0.0
2023-02-27 23:00:00,14.069,77.009,16.822,0.0
2023-02-28 00:00:00,15.926,76.899,17.938,0.0
2023-02-28 01:00:00,17.784,74.026,16.644,0.0
2023-02-28 02:00:00,17.724,73.087,14.632,0.0
2023-02-28 03:00:00,18.0,74.816,12.499,0.085
2023-02-28 04:00:00,19.574,67.626,14.787,0.0
2023-02-28 05:00:00,18.34,72.074,15.888,
2023-02-28 06:00:00,20.259,66.008,12.96,0.192
2023-02-28 07:00:00,19.977,69.565,15.228,0.0
2023-02-28 08:00:00,21.546,70.008,13.367,0.0
2023-02-28 09:00:00,,66.76,12.482,0.0
2023-02-28 10:00:00,20.96,65.541,12.301,1.249
2023-02-28 11:00:00,20.149,64.449,16.259,0.0
2023-02-28 12:00:00,19.464,64.782,13.488,0.0
2023-02-28 13:00:00,19.255,72.022,11.555,0.0
2023-02-28 14:00:00,17.897,66.768,12.691,0.0
2023-02-28 15:00:00,18.191,73.134,10.046,0.08
2023-02-28 16:00:00,16.232,73.593,10.828,0.0
2023-02-28 17:00:00,14.112,78.941,10.525,0.0
2023-02-28 18:00:00,16.06,,13.526,0.0
2023-02-28 19:00:00,15.523,81.97,14.525,0.718
2023-02-28 20:00:00,14.666,78.439,11.508,0.0
2023-02-28 21:00:00,25.219,84.757,14.418,0.0
2023-02-28 22:00:00,14.854,77.695,11.019,0.0
2023-02-28 23:00:00,14.098,76.911,14.411,0.32
2023-03-01 00:00:00,13.726,74.256,13.296,0.0
2023-03-01 01:00:00,15.056,79.107,12.815,0.0
2023-03-01 02:00:00,16.297,73.157,11.515,0.0
2023-03-01 03:00:00,17.608,75.612,7.783,0.144
2023-03-01 04:00:00,16.957,70.254,11.97,0.734
2023-03-01 05:00:00,17.975,66.231,11.032,0.958
2023-03-01 06:00:00,20.221,72.863,12.132,0.0
2023-03-01 07:00:00,19.033,71.559,12.964,0.0
2023-03-01 08:00:00,19.203,66.724,12.437,1.967
2023-03-01 09:00:00,19.039,70.456,11.539,0.0
2023-03-01 10:00:00,20.647,62.924,12.958,0.0
2023-03-01 11:00:00,19.653,71.157,12.018,0.0
2023-03-01 12:00:00,19.153,69.289,11.019,0.0
2023-03-01 13:00:00,18.986,72.296,13.246,
2023-03-01 14:00:00,17.708,72.429,,0.414
2023-03-01 15:00:00,17.149,75.24,11.337,0.0
2023-03-01 16:00:00,15.652,75.742,14.207,0.0
2023-03-01 17:00:00,15.269,76.439,12.317,0.0
2023-03-01 18:00:00,14.476,78.744,13.053,0.0
2023-03-01 19:00:00,14.061,80.564,11.076,0.069
2023-03-01 20:00:00,12.461,82.979,13.762,0.793
2023-03-01 21:00:00,13.056,81.288,16.738,0.0
2023-03-01 22:00:00,13.077,78.695,14.182,
2023-03-01 23:00:00,13.194,,14.375,0.077
2023-03-02 00:00:00,14.111,77.871,12.529,0.479
2023-03-02 01:00:00,16.037,82.799,15.287,0.0
2023-03-02 02:00:00,16.134,72.67,11.718,0.0
2023-03-02 03:00:00,16.279,75.222,12.635,0.0
2023-03-02 04:00:00,17.176,70.056,14.62,0.0
2023-03-02 05:00:00,18.59,73.402,17.745,0.0
2023-03-02 06:00:00,17.284,69.256,16.027,0.0
2023-03-02 07:00:00,18.802,70.13,14.162,0.0
2023-03-02 08:00:00,19.901,68.024,12.422,0.0
2023-03-02 09:00:00,20.002,72.056,15.979,0.0
2023-03-02 10:00:00,19.17,73.518,12.385,0.0
2023-03-02 11:00:00,18.534,72.615,12.666,0.0
2023-03-02 12:00:00,16.312,74.366,15.291,0.0
2023-03-02 13:00:00,16.399,74.519,15.37,0.485
2023-03-02 14:00:00,16.097,66.545,13.102,0.0
2023-03-02 15:00:00,15.587,73.657,14.305,0.0
2023-03-02 16:00:00,14.822,79.01,15.959,0.055
2023-03-02 17:00:00,12.201,78.439,14.987,0.0
2023-03-02 18:00:00,12.838,76.784,16.119,0.571
2023-03-02 19:00:00,12.97,76.14,16.878,0.0
2023-03-02 20:00:00,11.981,80.302,17.931,0.723
2023-03-02 21:00:00,12.311,86.978,18.412,0.0
2023-03-02 22:00:00,12.984,79.663,16.874,0.0
2023-03-02 23:00:00,,84.815,15.7,0.0
2023-03-03 00:00:00,13.613,78.384,15.267,0.0
2023-03-03 01:00:00,14.659,81.518,19.294,0.0
2023-03-03 02:00:00,15.673,79.163,15.278,0.0
2023-03-03 03:00:00,15.452,73.751,14.935,0.0
2023-03-03 04:00:00,15.678,72.768,13.797,0.0
2023-03-03 05:00:00,16.621,71.618,17.564,0.0
2023-03-03 06:00:00,17.343,74.019,,0.0
2023-03-03 07:00:00,18.083,67.237,13.45,0.565
2023-03-03 08:00:00,17.293,70.979,11.345,0.0
2023-03-03 09:00:00,17.858,69.331,13.039,0.0
2023-03-03 10:00:00,18.055,76.278,13.659,0.0
2023-03-03 11:00:00,18.835,68.816,13.961,0.0
2023-03-03 12:00:00,,74.399,12.075,0.0
2023-03-03 13:00:00,16.61,75.308,,0.0
2023-03-03 14:00:00,16.603,80.306,14.295,0.0
2023-03-03 15:00:00,15.342,80.769,15.474,1.296
2023-03-03 16:00:00,,75.179,14.387,0.0
2023-03-03 17:00:00,14.539,85.74,13.768,0.332
2023-03-03 18:00:00,13.468,81.042,16.361,1.069
2023-03-03 19:00:00,12.938,84.358,12.707,
2023-03-03 20:00:00,13.123,76.845,13.926,
2023-03-03 21:00:00,12.222,87.783,10.349,0.0
2023-03-03 22:00:00,12.832,83.588,10.703,0.0
2023-03-03 23:00:00,11.712,82.937,11.506,0.567
2023-03-04 00:00:00,13.45,80.413,10.976,0.186
2023-03-04 01:00:00,15.513,83.689,9.625,0.0
2023-03-04 02:00:00,14.958,70.78,10.797,0.0
2023-03-04 03:00:00,16.024,76.724,11.59,0.164
2023-03-04 04:00:00,16.526,73.079,9.863,0.0
2023-03-04 05:00:00,16.831,73.9,13.305,0.0
2023-03-04 06:00:00,18.508,77.262,11.518,0.0
2023-03-04 07:00:00,18.608,69.587,13.125,0.0
2023-03-04 08:00:00,19.663,71.282,11.663,0.0
2023-03-04 09:00:00,18.349,68.231,11.161,0.0
2023-03-04 10:00:00,18.87,74.225,29.735,0.0
2023-03-04 11:00:00,18.284,72.56,11.976,0.0
2023-03-04 12:00:00,17.622,77.158,11.182,0.0
2023-03-04 13:00:00,18.176,80.341,12.926,0.0
2023-03-04 14:00:00,16.2,70.358,11.948,0.0
2023-03-04 15:00:00,15.467,72.91,15.365,0.955
2023-03-04 16:00:00,17.024,77.857,14.941,0.0
2023-03-04 17:00:00,14.55,81.475,11.895,0.0
2023-03-04 18:00:00,13.922,79.991,14.724,0.0
2023-03-04 19:00:00,14.013,84.93,13.556,0.0
2023-03-04 20:00:00,12.792,83.441,13.14,0.0
2023-03-04 21:00:00,13.753,79.767,15.554,0.0
2023-03-04 22:00:00,12.894,83.228,11.568,0.0
2023-03-04 23:00:00,,79.805,13.42,0.0
2023-03-05 00:00:00,14.298,77.89,14.095,0.0
2023-03-05 01:00:00,16.349,79.525,15.417,0.319
2023-03-05 02:00:00,16.64,77.728,,0.323
2023-03-05 03:00:00,18.318,78.985,14.503,0.0
2023-03-05 04:00:00,19.008,71.246,14.962,0.0
2023-03-05 05:00:00,18.094,69.358,13.829,0.0
2023-03-05 06:00:00,19.567,74.644,16.243,0.0
2023-03-05 07:00:00,19.36,71.183,16.625,0.0
2023-03-05 08:00:00,19.5,71.051,14.367,1.026
2023-03-05 09:00:00,20.863,70.694,17.216,1.091
2023-03-05 10:00:00,,67.218,14.609,0.0
2023-03-05 11:00:00,19.669,68.804,15.95,0.0
2023-03-05 12:00:00,19.328,74.207,16.474,1.085
2023-03-05 13:00:00,18.678,74.965,15.766,0.0
2023-03-05 14:00:00,17.993,75.453,17.495,0.0
2023-03-05 15:00:00,17.269,79.875,14.349,0.0
2023-03-05 16:00:00,15.588,83.294,15.872,0.0
2023-03-05 17:00:00,16.067,,14.793,
2023-03-05 18:00:00,14.613,83.436,,0.693
2023-03-05 19:00:00,13.874,85.271,18.624,0.0
2023-03-05 20:00:00,14.406,82.546,15.563,0.0
2023-03-05 21:00:00,14.69,82.332,16.631,0.0
2023-03-05 22:00:00,15.29,79.26,17.272,0.624
2023-03-05 23:00:00,15.357,84.68,15.317,0.465
2023-03-06 00:00:00,15.854,81.727,12.43,0.759
2023-03-06 01:00:00,15.869,79.504,14.479,0.0
2023-03-06 02:00:00,17.387,75.768,15.016,0.847
2023-03-06 03:00:00,18.064,78.909,13.986,0.0
2023-03-06 04:00:00,18.907,69.864,14.475,0.372
2023-03-06 05:00:00,18.898,74.883,14.794,0.0
2023-03-06 06:00:00,21.211,74.879,14.23,0.0
2023-03-06 07:00:00,20.99,70.545,15.807,0.0
2023-03-06 08:00:00,,,15.942,0.454
2023-03-06 09:00:00,20.832,67.142,12.653,0.0
2023-03-06 10:00:00,20.413,72.654,12.385,0.0
2023-03-06 11:00:00,20.917,70.565,15.291,0.0
2023-03-06 12:00:00,18.819,74.052,14.772,0.03
2023-03-06 13:00:00,18.774,71.188,15.456,0.0
2023-03-06 14:00:00,18.153,71.242,12.668,0.207
2023-03-06 15:00:00,17.981,83.961,14.603,0.0
2023-03-06 16:00:00,16.603,74.933,14.699,0.0
2023-03-06 17:00:00,17.123,81.094,13.37,0.0
2023-03-06 18:00:00,14.318,83.155,13.075,1.777
2023-03-06 19:00:00,16.225,80.848,14.188,1.132
2023-03-06 20:00:00,15.11,82.073,9.406,0.0
2023-03-06 21:00:00,15.508,82.397,13.13,1.051
2023-03-06 22:00:00,14.651,85.904,12.847,0.075
2023-03-06 23:00:00,16.09,80.103,13.54,0.0
2023-03-07 00:00:00,15.654,80.644,13.841,0.08
2023-03-07 01:00:00,16.712,82.536,12.051,0.0
2023-03-07 02:00:00,16.227,73.401,11.155,0.0
2023-03-07 03:00:00,18.417,71.207,10.777,0.0
2023-03-07 04:00:00,18.871,73.37,13.493,0.0
2023-03-07 05:00:00,18.141,71.026,9.985,0.0
2023-03-07 06:00:00,19.952,73.127,10.795,0.805
2023-03-07 07:00:00,20.202,71.896,11.124,0.0
2023-03-07 08:00:00,21.216,68.964,12.912,0.0
2023-03-07 09:00:00,20.178,70.864,10.334,0.0
2023-03-07 10:00:00,20.596,68.544,11.231,0.0
2023-03-07 11:00:00,20.979,76.996,,0.0
2023-03-07 12:00:00,18.907,74.126,12.997,0.0
2023-03-07 13:00:00,20.15,71.806,12.028,0.0
2023-03-07 14:00:00,18.228,80.766,14.324,0.531
2023-03-07 15:00:00,17.082,75.587,11.96,0.0
2023-03-07 16:00:00,15.486,79.023,13.163,0.0
2023-03-07 17:00:00,14.469,75.531,13.899,0.0
2023-03-07 18:00:00,15.776,75.855,11.802,0.0
2023-03-07 19:00:00,14.322,84.55,13.526,0.006
2023-03-07 20:00:00,13.936,,12.896,0.0
2023-03-07 21:00:00,15.048,77.458,12.718,0.0
2023-03-07 22:00:00,14.906,77.609,13.206,1.151
2023-03-07 23:00:00,14.839,81.268,15.317,0.26
2023-03-08 00:00:00,14.209,76.455,11.853,
2023-03-08 01:00:00,14.487,73.727,14.117,0.0
2023-03-08 02:00:00,17.23,67.547,17.277,0.0
2023-03-08 03:00:00,17.275,70.837,11.943,0.0
2023-03-08 04:00:00,,72.112,15.115,0.0
2023-03-08 05:00:00,20.029,68.603,17.841,0.0
2023-03-08 06:00:00,18.923,67.015,15.204,0.0
2023-03-08 07:00:00,19.851,73.782,19.048,0.0
2023-03-08 08:00:00,21.305,69.061,15.059,0.661
2023-03-08 09:00:00,20.214,65.813,16.429,0.0
2023-03-08 10:00:00,19.184,69.033,15.268,0.0
2023-03-08 11:00:00,18.574,65.494,14.492,0.0
2023-03-08 12:00:00,19.45,70.93,16.969,0.157
2023-03-08 13:00:00,17.022,74.897,16.457,0.0
2023-03-08 14:00:00,17.689,71.302,13.667,0.729
2023-03-08 15:00:00,17.414,77.073,16.356,0.0
2023-03-08 16:00:00,15.4,73.701,17.149,0.0
2023-03-08 17:00:00,15.311,72.563,17.507,0.111
2023-03-08 18:00:00,14.16,76.527,,0.0
2023-03-08 19:00:00,14.642,77.571,17.121,0.088
2023-03-08 20:00:00,13.56,80.984,18.422,0.0
2023-03-08 21:00:00,12.797,78.949,14.211,0.0
2023-03-08 22:00:00,13.668,76.282,14.44,1.681
2023-03-08 23:00:00,13.84,76.261,16.192,0.0
2023-03-09 00:00:00,13.791,76.293,17.078,0.0
2023-03-09 01:00:00,14.677,76.392,16.652,0.0
2023-03-09 02:00:00,14.703,70.552,14.417,0.0
2023-03-09 03:00:00,15.705,70.013,15.839,1.893
2023-03-09 04:00:00,17.476,70.032,16.559,0.0
2023-03-09 05:00:00,16.383,66.209,,0.0
2023-03-09 06:00:00,,70.734,15.393,0.07
2023-03-09 07:00:00,18.622,66.861,15.403,0.0
2023-03-09 08:00:00,18.403,63.195,14.396,0.0
2023-03-09 09:00:00,19.81,63.901,17.449,0.014
2023-03-09 10:00:00,19.109,69.677,,0.647
2023-03-09 11:00:00,17.815,65.886,13.157,0.0
2023-03-09 12:00:00,17.819,65.584,15.821,0.0
2023-03-09 13:00:00,17.634,71.465,12.897,0.0
2023-03-09 14:00:00,15.111,74.138,15.487,0.0
2023-03-09 15:00:00,15.563,68.056,12.479,0.417
2023-03-09 16:00:00,14.45,74.772,14.497,0.0
2023-03-09 17:00:00,14.184,80.428,12.975,0.394
2023-03-09 18:00:00,14.791,82.81,12.365,0.0
2023-03-09 19:00:00,12.41,80.576,12.57,0.0
2023-03-09 20:00:00,12.374,79.955,9.776,0.0
2023-03-09 21:00:00,11.72,74.857,9.725,0.0
2023-03-09 22:00:00,12.872,79.916,13.825,0.0
2023-03-09 23:00:00,13.503,75.749,15.61,1.311
2023-03-10 00:00:00,,75.21,10.247,0.0
2023-03-10 01:00:00,15.269,76.811,11.105,0.172
2023-03-10 02:00:00,,71.343,13.396,0.121
2023-03-10 03:00:00,13.872,70.663,11.762,0.0
2023-03-10 04:00:00,15.447,75.57,12.923,0.095
2023-03-10 05:00:00,17.54,70.941,27.349,0.296
2023-03-10 06:00:00,17.852,63.231,12.65,0.0
2023-03-10 07:00:00,19.037,64.896,10.649,0.0
2023-03-10 08:00:00,18.253,63.236,13.456,0.0
2023-03-10 09:00:00,19.404,67.277,11.726,0.0
2023-03-10 10:00:00,17.372,63.826,12.96,0.0
2023-03-10 11:00:00,18.274,67.279,12.333,0.0
2023-03-10 12:00:00,17.161,68.868,10.898,0.0
2023-03-10 13:00:00,16.488,71.475,14.636,0.284
2023-03-10 14:00:00,,71.992,12.61,0.732
2023-03-10 15:00:00,15.032,73.871,13.549,0.651
2023-03-10 16:00:00,15.537,74.713,16.287,0.0
2023-03-10 17:00:00,13.437,73.863,13.492,0.134
2023-03-10 18:00:00,13.172,80.013,11.14,0.0
2023-03-10 19:00:00,13.028,78.527,9.924,0.053
2023-03-10 20:00:00,12.039,76.796,11.079,0.0
2023-03-10 21:00:00,12.896,75.388,14.25,0.0
2023-03-10 22:00:00,13.298,79.092,11.631,0.0
2023-03-10 23:00:00,13.122,80.9,13.019,0.0
2023-03-11 00:00:00,12.538,77.684,13.211,0.0
2023-03-11 01:00:00,15.614,72.307,15.071,0.591
2023-03-11 02:00:00,15.35,73.122,14.229,0.544
2023-03-11 03:00:00,16.114,69.955,14.283,0.375
2023-03-11 04:00:00,16.778,70.428,13.402,0.0
2023-03-11 05:00:00,17.24,72.267,13.634,0.0
2023-03-11 06:00:00,17.099,69.371,12.434,0.8
2023-03-11 07:00:00,18.694,67.902,14.247,0.0
2023-03-11 08:00:00,19.108,66.196,16.796,0.0
2023-03-11 09:00:00,19.772,66.506,14.314,0.82
2023-03-11 10:00:00,20.098,68.451,14.686,0.146
2023-03-11 11:00:00,18.116,63.612,13.294,
2023-03-11 12:00:00,19.273,68.764,16.262,0.452
2023-03-11 13:00:00,17.583,65.878,14.114,0.0
2023-03-11 14:00:00,17.23,,16.054,0.0
2023-03-11 15:00:00,15.362,71.535,17.771,
2023-03-11 16:00:00,15.601,78.591,14.426,0.214
2023-03-11 17:00:00,14.044,73.272,17.823,0.0
2023-03-11 18:00:00,14.646,83.495,15.829,0.0
2023-03-11 19:00:00,12.913,81.874,14.173,0.0
2023-03-11 20:00:00,13.63,80.946,,0.476
2023-03-11 21:00:00,,79.643,12.978,0.253
2023-03-11 22:00:00,14.076,79.471,16.504,0.817
2023-03-11 23:00:00,14.41,78.731,15.306,0.0
2023-03-12 00:00:00,14.919,81.182,15.134,1.112
2023-03-12 01:00:00,15.157,79.03,15.568,0.0
2023-03-12 02:00:00,16.913,78.583,13.362,0.449
2023-03-12 03:00:00,17.535,73.249,14.879,0.0
2023-03-12 04:00:00,17.394,72.339,,0.0
2023-03-12 05:00:00,19.211,67.272,16.397,0.268
2023-03-12 06:00:00,18.855,65.397,16.349,0.0
2023-03-12 07:00:00,19.838,70.351,13.584,0.0
2023-03-12 08:00:00,,67.739,15.492,0.0
2023-03-12 09:00:00,20.071,69.796,12.781,1.665
2023-03-12 10:00:00,20.572,69.44,13.32,0.0
2023-03-12 11:00:00,18.426,69.817,14.496,1.823
2023-03-12 12:00:00,20.105,71.619,15.344,0.0
2023-03-12 13:00:00,17.344,67.586,13.141,0.0
2023-03-12 14:00:00,18.76,73.921,12.696,3.202
2023-03-12 15:00:00,17.541,77.102,10.627,1.2
2023-03-12 16:00:00,15.371,,13.898,1.8
2023-03-12 17:00:00,16.014,80.19,12.987,2.4
2023-03-12 18:00:00,14.999,74.809,12.377,3.0
2023-03-12 19:00:00,14.004,83.586,11.705,3.0
2023-03-12 20:00:00,15.488,83.591,,2.525
2023-03-12 21:00:00,,83.703,13.17,1.8
2023-03-12 22:00:00,15.106,82.581,12.896,2.414
2023-03-12 23:00:00,16.414,82.647,11.731,0.6
2023-03-13 00:00:00,15.895,82.872,11.463,0.0
2023-03-13 01:00:00,16.283,77.971,12.486,0.0
2023-03-13 02:00:00,,77.389,10.814,0.0
2023-03-13 03:00:00,17.539,77.578,,0.0
2023-03-13 04:00:00,19.415,71.003,10.053,0.0
2023-03-13 05:00:00,20.358,74.931,10.902,
2023-03-13 06:00:00,20.328,70.221,14.171,0.0
2023-03-13 07:00:00,20.689,70.081,12.992,0.944
2023-03-13 08:00:00,21.212,69.133,10.715,0.0
2023-03-13 09:00:00,21.096,71.658,13.071,0.0
2023-03-13 10:00:00,20.277,,13.916,0.0
2023-03-13 11:00:00,17.893,75.641,13.876,0.0
2023-03-13 12:00:00,19.543,71.735,11.089,0.0
2023-03-13 13:00:00,18.22,72.486,12.976,0.0
2023-03-13 14:00:00,19.208,80.302,9.136,0.0
2023-03-13 15:00:00,17.42,77.733,11.683,0.0
2023-03-13 16:00:00,17.152,74.995,13.377,0.593
2023-03-13 17:00:00,16.823,81.013,14.269,0.003
2023-03-13 18:00:00,16.439,84.286,12.743,0.0
2023-03-13 19:00:00,14.634,86.798,12.015,0.045
2023-03-13 20:00:00,,86.089,13.882,0.0
2023-03-13 21:00:00,15.665,,,0.0
2023-03-13 22:00:00,15.633,90.259,11.933,0.0
2023-03-13 23:00:00,14.885,82.318,14.175,0.0
2023-03-14 00:00:00,17.479,77.023,13.912,0.0
2023-03-14 01:00:00,17.167,85.625,10.8,0.236
2023-03-14 02:00:00,18.227,82.714,13.279,0.0
2023-03-14 03:00:00,17.992,79.957,16.076,0.67
2023-03-14 04:00:00,20.301,82.414,11.636,0.0
2023-03-14 05:00:00,20.677,77.089,13.725,0.0
2023-03-14 06:00:00,20.119,73.458,,0.0
2023-03-14 07:00:00,22.008,73.728,12.491,0.0
2023-03-14 08:00:00,20.058,69.941,17.115,0.0
2023-03-14 09:00:00,21.438,73.349,15.013,0.034
2023-03-14 10:00:00,21.085,70.273,14.834,1.009
2023-03-14 11:00:00,20.727,70.709,16.749,0.255
2023-03-14 12:00:00,19.179,70.017,17.051,0.0
2023-03-14 13:00:00,18.729,75.41,16.682,0.0
2023-03-14 14:00:00,18.888,78.613,14.876,0.0
2023-03-14 15:00:00,18.146,77.197,18.837,0.0
2023-03-14 16:00:00,16.551,75.237,14.946,0.0
2023-03-14 17:00:00,15.672,78.644,15.942,0.026
2023-03-14 18:00:00,14.873,82.004,15.215,
2023-03-14 19:00:00,15.728,82.367,15.94,0.0
2023-03-14 20:00:00,14.397,82.118,15.682,0.0
2023-03-14 21:00:00,14.039,80.426,17.211,0.0
2023-03-14 22:00:00,13.204,87.944,15.341,0.119
2023-03-14 23:00:00,13.604,82.828,17.354,0.0
2023-03-15 00:00:00,14.554,82.526,13.888,0.0
2023-03-15 01:00:00,14.52,80.553,14.482,0.0
2023-03-15 02:00:00,16.374,75.599,17.18,0.223
2023-03-15 03:00:00,17.184,80.691,14.375,0.662
2023-03-15 04:00:00,17.409,74.057,13.299,0.017
2023-03-15 05:00:00,18.467,73.516,13.815,0.0
2023-03-15 06:00:00,19.235,71.154,14.291,0.0
2023-03-15 07:00:00,18.425,68.604,13.682,0.0
2023-03-15 08:00:00,20.37,,13.776,0.0
2023-03-15 09:00:00,17.901,68.937,12.983,0.0
2023-03-15 10:00:00,21.029,,12.913,0.0
2023-03-15 11:00:00,18.194,73.255,12.653,0.0
2023-03-15 12:00:00,18.687,77.906,15.193,0.0
2023-03-15 13:00:00,17.707,70.723,15.564,0.0
2023-03-15 14:00:00,17.437,80.284,13.962,0.0
2023-03-15 15:00:00,15.809,82.305,14.618,1.011
2023-03-15 16:00:00,15.916,77.834,13.2,0.0
2023-03-15 17:00:00,13.682,81.098,14.407,0.0
2023-03-15 18:00:00,,84.722,12.761,0.0
2023-03-15 19:00:00,13.506,79.654,11.724,0.0
2023-03-15 20:00:00,13.695,,13.96,0.23
2023-03-15 21:00:00,14.075,78.807,12.682,0.0
2023-03-15 22:00:00,12.631,84.038,14.143,0.6
2023-03-15 23:00:00,13.374,81.947,11.037,1.2
2023-03-16 00:00:00,13.749,78.141,12.915,2.522
2023-03-16 01:00:00,14.833,77.085,11.624,2.4
2023-03-16 02:00:00,15.727,77.475,9.511,3.215
2023-03-16 03:00:00,16.868,74.864,,3.002
2023-03-16 04:00:00,17.236,73.606,11.528,3.104
2023-03-16 05:00:00,17.63,71.717,11.013,1.835
2023-03-16 06:00:00,18.671,73.656,11.063,1.2
2023-03-16 07:00:00,19.403,71.416,12.188,0.6
2023-03-16 08:00:00,19.563,70.565,12.477,0.004
2023-03-16 09:00:00,20.368,70.993,11.519,0.0
2023-03-16 10:00:00,18.236,71.298,14.18,0.0
2023-03-16 11:00:00,18.458,,13.122,0.0
2023-03-16 12:00:00,16.786,72.217,12.799,1.138
2023-03-16 13:00:00,16.562,73.807,9.206,0.0
2023-03-16 14:00:00,16.718,72.984,12.936,0.258
2023-03-16 15:00:00,16.364,72.596,10.092,0.0
2023-03-16 16:00:00,14.336,75.62,11.593,0.0
2023-03-16 17:00:00,14.301,78.308,12.591,0.0
2023-03-16 18:00:00,13.429,76.424,16.197,0.0
2023-03-16 19:00:00,13.293,83.746,13.43,0.025
2023-03-16 20:00:00,12.834,78.449,12.124,0.0
2023-03-16 21:00:00,,81.499,14.843,0.0
2023-03-16 22:00:00,11.193,78.842,13.334,0.876
2023-03-16 23:00:00,12.07,,15.595,0.0
2023-03-17 00:00:00,13.921,80.877,14.521,0.98
2023-03-17 01:00:00,14.238,81.036,13.254,0.0
2023-03-17 02:00:00,,72.548,13.342,1.934
2023-03-17 03:00:00,15.85,76.959,13.605,0.413
2023-03-17 04:00:00,17.225,,15.402,0.0
2023-03-17 05:00:00,16.436,75.031,14.502,0.0
2023-03-17 06:00:00,,66.065,15.55,
2023-03-17 07:00:00,18.415,67.135,15.306,0.696
2023-03-17 08:00:00,19.694,68.154,14.989,0.0
2023-03-17 09:00:00,18.839,71.598,15.311,0.0
2023-03-17 10:00:00,18.167,68.685,14.14,0.012
2023-03-17 11:00:00,18.325,72.077,15.527,3.469
2023-03-17 12:00:00,17.957,71.103,17.39,0.0
2023-03-17 13:00:00,17.19,73.543,16.485,0.0
2023-03-17 14:00:00,16.155,72.407,16.705,0.436
2023-03-17 15:00:00,14.625,73.468,18.395,0.313
2023-03-17 16:00:00,13.817,75.904,14.407,
2023-03-17 17:00:00,13.58,77.011,16.429,0.0
2023-03-17 18:00:00,13.292,76.933,16.216,0.0
2023-03-17 19:00:00,12.055,77.841,15.362,0.009
2023-03-17 20:00:00,13.893,74.097,13.684,0.0
2023-03-17 21:00:00,13.177,74.815,14.477,0.0
2023-03-17 22:00:00,12.577,,15.506,0.0
2023-03-17 23:00:00,13.875,76.523,14.69,1.159
2023-03-18 00:00:00,15.607,73.438,13.646,0.0
2023-03-18 01:00:00,14.754,81.007,16.574,0.99
2023-03-18 02:00:00,15.516,71.133,14.739,0.593
2023-03-18 03:00:00,16.898,73.34,14.315,0.187
2023-03-18 04:00:00,16.014,73.099,17.332,0.0
2023-03-18 05:00:00,17.301,66.975,15.0,0.0
2023-03-18 06:00:00,17.772,69.525,14.679,0.0
2023-03-18 07:00:00,19.313,66.881,18.277,1.672
2023-03-18 08:00:00,17.859,64.057,15.83,0.024
2023-03-18 09:00:00,19.346,68.864,14.6,0.196
2023-03-18 10:00:00,18.65,,11.947,0.68
2023-03-18 11:00:00,18.468,75.149,13.536,0.0
2023-03-18 12:00:00,17.789,71.717,14.573,0.0
2023-03-18 13:00:00,,66.999,16.454,0.0
2023-03-18 14:00:00,16.251,74.436,13.36,0.0
2023-03-18 15:00:00,15.278,68.301,13.405,1.142
2023-03-18 16:00:00,15.613,73.346,14.164,0.764
2023-03-18 17:00:00,14.336,68.866,13.672,0.548
2023-03-18 18:00:00,14.568,78.87,13.226,0.0
2023-03-18 19:00:00,13.79,77.727,12.049,0.0
2023-03-18 20:00:00,13.664,83.042,13.854,0.117
2023-03-18 21:00:00,13.686,80.668,13.774,0.383
2023-03-18 22:00:00,12.669,76.712,12.684,2.417
2023-03-18 23:00:00,12.845,78.594,12.566,0.0
2023-03-19 00:00:00,16.253,78.188,14.682,0.0
2023-03-19 01:00:00,14.717,72.326,9.709,0.0
2023-03-19 02:00:00,16.699,,9.579,0.35
2023-03-19 03:00:00,16.371,71.622,13.206,0.0
2023-03-19 04:00:00,17.907,64.102,11.023,0.292
2023-03-19 05:00:00,18.523,62.885,13.941,0.0
2023-03-19 06:00:00,20.352,67.592,10.462,0.0
2023-03-19 07:00:00,19.653,65.839,7.77,0.282
2023-03-19 08:00:00,18.998,64.513,11.409,0.0
2023-03-19 09:00:00,19.157,72.208,10.313,2.451
2023-03-19 10:00:00,,66.847,14.964,0.0
2023-03-19 11:00:00,20.324,70.306,11.539,0.0
2023-03-19 12:00:00,20.639,68.849,12.319,0.0
2023-03-19 13:00:00,20.102,69.35,14.526,0.126
2023-03-19 14:00:00,16.902,69.608,12.963,0.0
2023-03-19 15:00:00,17.073,68.315,13.625,0.0
2023-03-19 16:00:00,15.571,73.99,10.934,0.0
2023-03-19 17:00:00,15.967,73.962,13.858,0.0
2023-03-19 18:00:00,15.793,78.585,13.742,
2023-03-19 19:00:00,13.556,75.323,13.033,0.0
2023-03-19 20:00:00,15.24,75.773,12.527,0.0
2023-03-19 21:00:00,15.143,78.155,14.518,0.0
2023-03-19 22:00:00,14.657,73.173,11.869,0.0
2023-03-19 23:00:00,14.804,74.654,12.971,0.0
2023-03-20 00:00:00,16.95,75.839,13.549,0.012
2023-03-20 01:00:00,16.366,73.806,13.844,0.0
2023-03-20 02:00:00,16.478,72.288,15.73,0.55
2023-03-20 03:00:00,18.129,71.962,14.43,0.006
2023-03-20 04:00:00,19.568,70.784,15.38,0.0
2023-03-20 05:00:00,20.041,75.785,16.475,0.0
2023-03-20 06:00:00,18.78,67.402,13.909,
2023-03-20 07:00:00,19.641,64.67,13.829,0.0
2023-03-20 08:00:00,,69.32,15.703,0.0
2023-03-20 09:00:00,21.006,67.563,15.562,0.153
2023-03-20 10:00:00,,66.312,18.589,0.0
2023-03-20 11:00:00,19.517,71.891,17.819,0.752
2023-03-20 12:00:00,20.528,63.88,15.341,0.0
2023-03-20 13:00:00,19.565,71.048,16.273,0.0
2023-03-20 14:00:00,17.388,70.564,13.382,0.234
2023-03-20 15:00:00,17.044,74.168,13.515,0.009
2023-03-20 16:00:00,16.88,75.717,16.875,0.0
2023-03-20 17:00:00,15.197,77.201,16.748,0.0
2023-03-20 18:00:00,15.709,79.53,16.223,0.666
2023-03-20 19:00:00,15.387,76.447,20.109,0.0
2023-03-20 20:00:00,14.721,77.374,17.808,0.0
2023-03-20 21:00:00,15.395,81.694,16.406,0.278
2023-03-20 22:00:00,16.425,78.794,14.769,0.222
2023-03-20 23:00:00,15.044,77.096,15.161,0.0
2023-03-21 00:00:00,16.36,74.419,15.719,0.0
2023-03-21 01:00:00,16.359,75.833,14.364,0.091
2023-03-21 02:00:00,18.489,71.21,13.736,0.0
2023-03-21 03:00:00,19.06,77.126,17.168,0.0
2023-03-21 04:00:00,18.929,78.831,15.365,0.0
2023-03-21 05:00:00,19.176,71.938,12.679,0.0
2023-03-21 06:00:00,20.719,67.086,13.571,0.393
2023-03-21 07:00:00,,71.253,13.777,0.687
2023-03-21 08:00:00,19.925,63.791,14.855,0.0
2023-03-21 09:00:00,20.094,69.766,14.054,0.646
2023-03-21 10:00:00,20.493,68.035,13.09,0.136
2023-03-21 11:00:00,21.747,71.864,14.615,0.355
2023-03-21 12:00:00,20.434,68.861,9.867,0.0
2023-03-21 13:00:00,19.952,72.342,15.995,0.0
2023-03-21 14:00:00,18.866,76.309,15.138,0.0
2023-03-21 15:00:00,18.361,74.407,15.054,0.368
2023-03-21 16:00:00,17.652,80.548,11.985,0.0
2023-03-21 17:00:00,15.089,77.204,12.467,0.48
2023-03-21 18:00:00,15.682,79.028,13.123,0.0
2023-03-21 19:00:00,15.238,84.491,12.159,0.0
2023-03-21 20:00:00,14.871,79.872,12.286,0.0
2023-03-21 21:00:00,14.745,80.974,13.419,0.158
2023-03-21 22:00:00,12.81,78.876,11.285,0.0
2023-03-21 23:00:00,15.03,,12.745,0.0
2023-03-22 00:00:00,14.437,82.65,10.786,0.887
2023-03-22 01:00:00,16.681,78.796,13.56,0.0
2023-03-22 02:00:00,,73.429,12.883,0.187
2023-03-22 03:00:00,17.261,73.448,9.335,0.084
2023-03-22 04:00:00,18.137,73.463,10.8,0.165
2023-03-22 05:00:00,17.393,74.677,11.845,0.0
2023-03-22 06:00:00,19.242,72.838,10.929,0.0
2023-03-22 07:00:00,18.851,71.542,10.962,
2023-03-22 08:00:00,20.605,66.69,15.721,0.447
2023-03-22 09:00:00,19.553,75.502,14.174,0.771
2023-03-22 10:00:00,18.914,68.856,11.444,1.255
2023-03-22 11:00:00,,71.349,12.274,0.0
2023-03-22 12:00:00,18.526,71.276,11.7,0.351
2023-03-22 13:00:00,17.348,76.974,11.751,0.0
2023-03-22 14:00:00,17.165,75.789,10.29,0.0
2023-03-22 15:00:00,16.274,78.513,14.979,0.0
2023-03-22 16:00:00,15.768,78.029,13.549,0.0
2023-03-22 17:00:00,14.16,78.872,15.113,0.0
2023-03-22 18:00:00,14.992,81.597,13.017,0.245
2023-03-22 19:00:00,14.004,83.437,17.169,
2023-03-22 20:00:00,14.638,84.666,15.827,
2023-03-22 21:00:00,13.815,84.706,15.96,0.446
2023-03-22 22:00:00,12.86,84.722,11.168,0.0
2023-03-22 23:00:00,14.611,76.05,16.905,0.307
2023-03-23 00:00:00,14.175,81.073,13.355,0.0
2023-03-23 01:00:00,15.048,80.679,9.724,0.092
2023-03-23 02:00:00,13.959,80.682,16.077,0.236
2023-03-23 03:00:00,15.55,74.928,15.487,2.076
2023-03-23 04:00:00,18.119,71.436,13.842,
2023-03-23 05:00:00,18.589,69.386,14.085,0.0
2023-03-23 06:00:00,17.127,70.129,15.045,0.119
2023-03-23 07:00:00,18.981,67.442,,0.0
2023-03-23 08:00:00,19.194,70.985,15.539,0.0
2023-03-23 09:00:00,19.832,74.09,14.822,0.0
2023-03-23 10:00:00,17.994,68.794,16.612,0.316
2023-03-23 11:00:00,17.148,70.406,21.58,0.0
2023-03-23 12:00:00,18.03,71.761,14.598,0.827
2023-03-23 13:00:00,16.662,71.837,16.441,0.0
2023-03-23 14:00:00,15.941,79.456,16.882,0.954
2023-03-23 15:00:00,14.92,75.073,17.457,0.066
2023-03-23 16:00:00,15.632,81.935,16.959,0.0
2023-03-23 17:00:00,13.44,79.934,16.434,0.971
2023-03-23 18:00:00,14.124,78.311,16.9,0.0
2023-03-23 19:00:00,13.441,81.923,,0.0
2023-03-23 20:00:00,12.295,82.255,13.933,0.0
2023-03-23 21:00:00,13.391,79.658,16.805,
2023-03-23 22:00:00,13.749,80.995,16.198,0.0
2023-03-23 23:00:00,13.461,,16.181,0.0
2023-03-24 00:00:00,,81.487,16.005,0.065
2023-03-24 01:00:00,14.911,72.509,14.032,0.0
2023-03-24 02:00:00,14.595,80.841,16.277,0.0
2023-03-24 03:00:00,16.243,78.609,,0.0
2023-03-24 04:00:00,17.734,76.728,17.342,0.0
2023-03-24 05:00:00,16.407,82.384,14.75,0.0
2023-03-24 06:00:00,16.662,68.033,12.663,0.0
2023-03-24 07:00:00,18.863,72.889,13.947,0.0
2023-03-24 08:00:00,17.972,74.059,15.43,0.187
2023-03-24 09:00:00,18.311,66.354,13.039,0.0
2023-03-24 10:00:00,18.574,74.23,15.455,0.0
2023-03-24 11:00:00,17.682,72.033,14.227,0.756
2023-03-24 12:00:00,17.685,70.713,14.393,0.0
2023-03-24 13:00:00,16.259,79.663,15.066,0.488
2023-03-24 14:00:00,15.842,78.666,13.266,0.0
2023-03-24 15:00:00,15.386,75.395,,0.0
2023-03-24 16:00:00,15.086,79.778,15.927,0.0
2023-03-24 17:00:00,13.728,77.391,13.397,0.0
2023-03-24 18:00:00,13.7,89.215,11.682,0.0
2023-03-24 19:00:00,,79.548,,0.0
2023-03-24 20:00:00,13.199,84.234,14.575,0.0
2023-03-24 21:00:00,12.754,82.783,14.526,0.0
2023-03-24 22:00:00,13.942,87.639,11.38,0.0
2023-03-24 23:00:00,12.871,83.59,,0.0
2023-03-25 00:00:00,14.705,82.656,14.185,0.0
2023-03-25 01:00:00,15.357,82.566,13.258,0.082
2023-03-25 02:00:00,16.062,78.578,13.04,0.0
2023-03-25 03:00:00,15.892,79.764,10.505,0.0
2023-03-25 04:00:00,17.725,80.712,12.567,0.425
2023-03-25 05:00:00,18.116,80.082,10.131,0.0
2023-03-25 06:00:00,17.607,66.769,14.596,
2023-03-25 07:00:00,18.635,72.707,12.85,0.328
2023-03-25 08:00:00,18.205,74.292,12.063,0.0
2023-03-25 09:00:00,19.465,72.655,11.98,0.0
2023-03-25 10:00:00,20.049,75.791,12.515,0.028
2023-03-25 11:00:00,19.399,72.624,11.552,0.0
2023-03-25 12:00:00,17.565,76.557,12.786,0.926
2023-03-25 13:00:00,16.942,71.809,13.184,0.267
2023-03-25 14:00:00,16.808,73.071,11.02,0.592
2023-03-25 15:00:00,16.095,73.184,,0.0
2023-03-25 16:00:00,,81.114,10.525,1.35
2023-03-25 17:00:00,14.603,82.07,12.266,0.812
2023-03-25 18:00:00,15.082,85.999,,1.29
2023-03-25 19:00:00,13.547,83.241,13.231,0.0
2023-03-25 20:00:00,14.451,84.485,12.822,0.251
2023-03-25 21:00:00,12.721,81.277,11.306,1.262
2023-03-25 22:00:00,13.563,86.507,16.256,0.0
2023-03-25 23:00:00,14.383,82.742,11.437,0.432
2023-03-26 00:00:00,15.509,81.349,15.323,0.0
2023-03-26 01:00:00,16.003,84.415,12.649,0.0
2023-03-26 02:00:00,15.821,74.289,12.095,0.0
2023-03-26 03:00:00,16.344,,14.742,0.138
2023-03-26 04:00:00,18.049,74.73,15.546,0.0
2023-03-26 05:00:00,18.744,74.408,15.273,0.0
2023-03-26 06:00:00,19.154,73.032,16.541,0.694
2023-03-26 07:00:00,19.879,73.09,14.797,1.099
2023-03-26 08:00:00,19.246,66.155,14.831,0.0
2023-03-26 09:00:00,20.611,70.251,15.204,0.0
2023-03-26 10:00:00,20.822,,14.665,0.0
2023-03-26 11:00:00,19.188,71.137,15.207,0.0
2023-03-26 12:00:00,18.726,68.103,14.315,1.194
2023-03-26 13:00:00,19.563,74.895,15.067,0.452
2023-03-26 14:00:00,18.746,75.778,15.462,0.0
2023-03-26 15:00:00,16.698,80.653,,0.0
2023-03-26 16:00:00,16.05,72.771,13.577,0.0
2023-03-26 17:00:00,14.646,75.65,16.642,0.0
2023-03-26 18:00:00,15.669,79.319,17.864,0.0
2023-03-26 19:00:00,15.078,80.302,16.413,0.0
2023-03-26 20:00:00,14.755,75.917,13.048,0.0
2023-03-26 21:00:00,16.31,77.785,16.971,0.0
2023-03-26 22:00:00,14.806,79.079,16.694,0.0
2023-03-26 23:00:00,15.241,81.383,18.92,0.0
2023-03-27 00:00:00,16.059,79.797,,0.0
2023-03-27 01:00:00,16.436,77.069,16.549,0.878
2023-03-27 02:00:00,18.116,80.38,16.566,0.21
2023-03-27 03:00:00,18.033,,13.462,0.18
2023-03-27 04:00:00,19.028,74.317,14.123,0.0
2023-03-27 05:00:00,,71.754,14.503,0.0
2023-03-27 06:00:00,19.853,72.205,15.275,0.0
2023-03-27 07:00:00,19.862,69.474,15.922,0.0
2023-03-27 08:00:00,21.064,73.403,15.564,0.0
2023-03-27 09:00:00,20.574,64.761,13.104,0.0
2023-03-27 10:00:00,20.408,67.942,13.254,0.0
2023-03-27 11:00:00,20.658,68.873,13.556,0.0
2023-03-27 12:00:00,20.582,70.966,,0.0
2023-03-27 13:00:00,18.264,69.521,11.74,0.0
2023-03-27 14:00:00,18.457,67.861,10.998,0.526
2023-03-27 15:00:00,16.357,73.693,14.587,0.0
2023-03-27 16:00:00,,79.999,11.782,0.621
2023-03-27 17:00:00,15.639,75.696,13.275,0.0
2023-03-27 18:00:00,16.233,79.871,11.011,0.481
2023-03-27 19:00:00,16.615,80.937,14.188,0.0
2023-03-27 20:00:00,16.057,79.909,15.137,0.0
2023-03-27 21:00:00,15.37,78.251,,0.678
2023-03-27 22:00:00,13.846,78.741,9.363,0.0
2023-03-27 23:00:00,16.911,82.476,12.087,0.833
2023-03-28 00:00:00,,78.356,13.12,
2023-03-28 01:00:00,17.313,76.377,14.525,0.0
2023-03-28 02:00:00,17.136,73.621,13.823,0.0
2023-03-28 03:00:00,18.089,72.961,11.136,0.475
2023-03-28 04:00:00,20.135,74.695,13.071,0.0
2023-03-28 05:00:00,18.523,,10.019,0.054
2023-03-28 06:00:00,19.38,69.173,12.578,0.0
2023-03-28 07:00:00,20.44,68.271,12.778,0.0
2023-03-28 08:00:00,21.6,70.876,13.94,
2023-03-28 09:00:00,19.122,71.009,13.392,0.0
2023-03-28 10:00:00,21.562,68.77,12.982,0.747
2023-03-28 11:00:00,20.005,65.747,13.583,0.0
2023-03-28 12:00:00,20.226,62.326,12.129,0.0
2023-03-28 13:00:00,20.892,66.563,13.956,0.0
2023-03-28 14:00:00,18.634,71.011,12.469,0.0
2023-03-28 15:00:00,18.233,73.944,14.016,0.0
2023-03-28 16:00:00,17.632,73.713,9.811,0.0
2023-03-28 17:00:00,15.73,73.874,13.641,0.0
2023-03-28 18:00:00,15.428,79.814,14.149,0.0
2023-03-28 19:00:00,14.752,77.386,8.952,0.176
2023-03-28 20:00:00,14.749,76.048,14.433,0.0
2023-03-28 21:00:00,14.314,75.137,13.936,0.0
2023-03-28 22:00:00,14.29,79.791,14.954,0.0
2023-03-28 23:00:00,14.552,75.788,14.431,0.0
2023-03-29 00:00:00,15.999,77.239,13.396,0.0
2023-03-29 01:00:00,15.149,75.534,13.583,0.0
2023-03-29 02:00:00,16.861,73.66,11.888,1.445
2023-03-29 03:00:00,18.49,71.636,12.812,0.0
2023-03-29 04:00:00,17.278,71.251,16.024,0.0
2023-03-29 05:00:00,17.671,65.323,14.264,0.0
2023-03-29 06:00:00,19.911,68.859,13.919,0.0
2023-03-29 07:00:00,19.255,65.433,,0.0
2023-03-29 08:00:00,19.496,64.636,13.652,
2023-03-29 09:00:00,,65.934,18.666,
2023-03-29 10:00:00,20.004,65.328,,0.307
2023-03-29 11:00:00,18.906,67.364,16.815,0.0
2023-03-29 12:00:00,18.578,66.502,15.273,0.0
2023-03-29 13:00:00,17.068,75.418,,0.0
2023-03-29 14:00:00,16.904,66.647,13.808,0.0
2023-03-29 15:00:00,16.432,72.836,17.923,0.0
2023-03-29 16:00:00,16.064,72.295,16.532,0.0
2023-03-29 17:00:00,15.352,,16.645,0.204
2023-03-29 18:00:00,15.536,77.294,16.961,0.08
2023-03-29 19:00:00,13.804,81.199,15.892,0.0
2023-03-29 20:00:00,14.273,76.409,15.064,0.0
2023-03-29 21:00:00,13.686,81.656,15.771,0.0
2023-03-29 22:00:00,12.933,73.608,15.144,
2023-03-29 23:00:00,14.165,77.21,16.571,0.121
2023-03-30 00:00:00,14.676,73.096,12.287,0.0
2023-03-30 01:00:00,15.523,70.765,15.958,0.0
2023-03-30 02:00:00,16.105,,13.94,0.0
2023-03-30 03:00:00,16.595,69.152,17.019,
2023-03-30 04:00:00,16.604,70.811,15.963,0.036
2023-03-30 05:00:00,17.675,73.21,14.584,0.759
2023-03-30 06:00:00,18.634,69.77,16.909,0.0
2023-03-30 07:00:00,19.275,71.237,10.938,0.0
2023-03-30 08:00:00,,65.843,14.388,0.0
2023-03-30 09:00:00,19.28,64.591,16.457,0.0
2023-03-30 10:00:00,19.275,,13.629,0.986
2023-03-30 11:00:00,19.442,71.636,12.4,0.0
2023-03-30 12:00:00,18.027,66.407,14.264,0.0
2023-03-30 13:00:00,16.82,69.725,14.075,0.5
2023-03-30 14:00:00,15.429,73.507,14.879,0.284
2023-03-30 15:00:00,15.641,73.265,14.419,0.0
2023-03-30 16:00:00,15.263,71.723,12.075,0.0
2023-03-30 17:00:00,13.848,77.567,13.664,0.094
2023-03-30 18:00:00,14.548,72.701,13.438,
2023-03-30 19:00:00,12.464,85.028,10.696,0.0
2023-03-30 20:00:00,12.556,80.236,12.519,0.186
2023-03-30 21:00:00,12.736,75.962,13.766,0.0
2023-03-30 22:00:00,12.049,81.791,14.205,0.0
2023-03-30 23:00:00,13.97,81.925,13.278,
2023-03-31 00:00:00,13.254,80.684,13.714,0.0
2023-03-31 01:00:00,,76.426,14.275,0.362
2023-03-31 02:00:00,13.885,70.905,9.42,1.008
2023-03-31 03:00:00,16.586,70.578,11.373,0.12
2023-03-31 04:00:00,17.595,76.545,13.118,0.0
2023-03-31 05:00:00,16.682,69.447,13.678,0.357
2023-03-31 06:00:00,16.97,66.785,12.962,0.0
2023-03-31 07:00:00,18.074,,13.02,0.0
2023-03-31 08:00:00,18.619,63.279,11.168,0.0
2023-03-31 09:00:00,18.291,66.529,9.737,0.0
2023-03-31 10:00:00,,68.862,10.627,1.461
2023-03-31 11:00:00,17.409,67.286,13.409,1.852
2023-03-31 12:00:00,19.081,75.014,14.011,0.328
2023-03-31 13:00:00,17.24,68.85,13.223,0.0
2023-03-31 14:00:00,16.965,76.376,12.085,0.0
2023-03-31 15:00:00,15.206,76.127,12.38,0.0
2023-03-31 16:00:00,15.416,80.964,13.123,1.32
2023-03-31 17:00:00,15.23,78.827,10.253,0.0
2023-03-31 18:00:00,13.002,,11.704,0.0
2023-03-31 19:00:00,13.202,76.516,,0.171
2023-03-31 20:00:00,13.597,81.039,12.821,0.0
2023-03-31 21:00:00,13.175,78.204,13.036,0.0
2023-03-31 22:00:00,12.488,83.794,15.306,0.0
2023-03-31 23:00:00,13.139,75.12,15.062,0.0
