monto_usd,antiguedad_cliente_meses,intentos_24h,distancia_km,transaccion_noche,pais_nuevo,dispositivo_nuevo,indice_historial_confiable,fraude
74.17,120,3,0.0,1,0,0,0.89,0
46.68,125,7,0.0,0,0,1,0.72,0
20.42,34,5,0.0,0,0,0,0.92,0
55.11,25,1,44.1,0,0,1,0.74,0
75.01,69,1,0.0,1,1,1,0.75,0
93.65,109,1,8.5,1,0,1,0.73,0
53.05,111,3,64.8,0,0,1,1.0,0
15.0,140,1,22.2,0,0,0,0.78,0
22.15,56,2,48.9,0,0,0,1.0,0
229.02,155,6,0.0,0,0,1,1.0,0
29.66,81,7,0.0,1,1,0,0.7,0
152.56,45,6,65.1,1,0,0,0.35,1
32.88,132,4,25.0,1,0,0,0.99,0
53.59,23,5,25.1,0,0,1,0.77,0
90.59,73,7,0.0,0,1,0,0.68,0
35.41,140,1,25.0,0,0,0,0.73,0
169.85,139,7,0.0,0,0,0,0.75,0
63.38,46,6,57.6,1,0,0,1.0,0
81.41,30,3,103.8,0,0,1,0.85,0
50.71,6,4,36.5,1,0,1,1.0,1
92.59,16,4,3.0,0,0,1,0.9,0
168.38,148,2,0.0,1,1,1,0.77,0
55.4,141,2,0.0,0,0,0,0.76,0
185.73,91,3,68.6,0,1,1,0.91,1
40.55,103,1,0.0,0,1,0,0.95,0
99.15,59,4,10.9,1,0,0,0.98,0
82.92,35,4,41.7,1,0,0,0.78,1
30.13,3,3,66.5,1,0,0,0.85,1
69.34,121,2,16.0,1,1,1,0.91,0
60.63,7,7,9.9,1,0,0,0.76,0
34.65,19,5,24.1,0,0,1,0.64,0
76.15,142,4,3.2,1,0,0,0.69,0
66.36,105,6,4.8,0,0,0,0.78,0
57.56,88,3,34.4,1,0,0,0.93,0
57.71,40,2,27.6,1,0,0,1.0,0
56.91,27,5,85.9,1,1,0,0.6,1
47.51,84,6,35.2,0,0,1,0.72,1
66.08,65,5,56.5,1,0,1,0.76,1
39.7,96,4,0.0,1,1,1,0.95,0
339.31,30,1,37.8,0,0,0,0.74,0
24.14,42,5,0.3,0,0,1,0.75,0
41.26,21,5,33.9,1,1,1,0.59,1
43.44,76,3,42.7,1,0,0,0.9,0
227.31,50,2,23.5,1,1,1,0.79,1
25.58,40,7,94.2,0,0,1,0.72,1
79.59,99,3,64.8,0,0,1,0.78,0
70.91,90,2,57.3,1,0,0,1.0,0
74.95,38,5,44.9,0,0,0,0.66,0
134.78,126,4,74.9,1,0,0,0.69,0
132.99,62,4,0.0,1,1,0,1.0,0
45.01,62,5,63.1,1,1,0,0.83,1
68.45,86,3,0.0,0,0,0,0.93,0
17.96,25,2,5.1,1,1,0,0.88,0
64.35,76,2,38.8,1,1,1,0.81,0
36.01,105,7,59.0,0,1,0,0.76,0
53.46,24,4,0.0,1,1,0,0.95,1
20.18,102,3,6.6,1,0,0,1.0,0
78.51,7,3,24.9,0,0,0,0.99,0
20.03,109,6,16.4,1,1,1,0.63,1
66.45,7,7,47.6,0,1,1,1.0,1
27.19,32,6,125.1,1,1,1,0.76,1
34.73,63,4,34.6,1,0,1,0.7,1
127.81,111,4,0.0,0,1,0,0.79,0
88.42,129,7,0.0,0,0,1,0.95,0
127.36,84,6,12.2,0,1,1,0.91,1
166.3,24,3,0.0,1,0,0,0.78,0
36.51,70,7,36.0,1,0,1,0.95,1
159.87,141,6,35.6,0,1,1,0.84,0
23.28,17,6,8.1,1,1,1,0.73,1
98.0,129,1,81.5,0,0,0,0.71,0
43.79,70,1,0.0,0,0,0,0.89,0
32.96,1,3,18.4,1,0,0,0.81,0
89.96,125,6,41.2,1,0,0,0.6,0
111.52,5,1,48.8,0,1,1,0.96,0
109.39,67,1,60.3,1,0,0,0.74,0
69.38,35,1,34.9,1,0,1,1.0,0
65.74,105,2,53.5,0,1,0,0.6,0
84.98,11,7,2.0,1,1,0,0.79,1
73.51,17,6,49.5,0,0,1,0.71,1
85.79,96,6,49.1,0,1,0,0.66,1
68.9,178,3,67.4,1,1,0,0.74,0
104.36,8,5,0.0,0,1,0,1.0,0
20.95,83,6,0.0,1,0,0,0.84,0
55.41,144,4,46.7,1,1,1,0.69,1
24.54,53,6,0.0,0,1,1,0.53,1
72.23,89,4,36.8,1,1,1,0.54,1
175.43,151,3,53.8,0,1,1,0.73,0
44.34,131,5,4.7,1,0,0,0.72,0
65.54,53,7,9.1,0,1,1,0.78,1
98.66,135,6,0.0,1,1,0,0.46,0
15.74,121,4,6.4,0,1,0,0.81,0
42.98,91,5,7.2,0,1,1,0.98,0
76.47,79,7,1.5,0,0,0,1.0,0
15.0,166,6,0.0,0,1,1,0.52,0
31.98,157,4,13.9,0,1,1,0.69,0
123.42,178,2,13.5,1,1,0,0.68,0
115.81,121,7,78.2,1,1,0,0.84,1
76.96,65,7,10.2,1,1,1,0.62,1
107.06,20,1,32.3,0,0,1,1.0,0
69.4,23,1,4.7,1,1,1,0.83,0
86.57,171,1,4.3,0,1,1,0.8,0
49.15,66,3,0.0,0,0,0,1.0,0
65.06,20,2,0.0,1,0,0,0.82,0
40.0,40,7,0.0,1,0,1,0.88,1
137.18,4,7,27.5,0,0,0,0.7,1
162.23,96,2,54.3,1,1,1,0.6,1
147.96,106,6,0.0,1,0,1,0.72,1
46.28,68,1,5.5,0,1,1,1.0,0
32.46,134,6,0.0,0,0,0,0.92,0
138.38,87,3,14.1,1,0,1,0.86,0
85.93,172,1,54.3,0,1,0,0.66,0
74.71,137,3,8.6,1,0,1,0.97,0
39.97,14,6,20.6,0,1,0,0.6,1
79.57,50,7,65.7,0,1,1,0.57,1
29.8,136,1,35.7,1,0,0,0.73,0
91.12,97,6,0.0,0,0,0,1.0,0
147.86,135,3,26.8,0,1,0,1.0,0
174.2,60,4,0.0,0,1,1,0.75,1
95.64,7,1,34.6,1,0,0,0.71,0
24.57,141,7,37.5,1,1,0,0.56,1
68.6,141,6,0.0,1,0,0,0.83,0
242.45,115,5,27.3,0,0,0,0.85,0
34.31,73,6,18.5,1,1,0,0.95,0
58.06,2,7,38.3,0,0,0,0.97,0
151.23,131,2,46.9,0,0,1,0.79,0
90.12,119,2,36.3,0,1,1,0.91,0
302.51,120,1,12.9,1,1,1,0.71,1
37.47,31,4,50.0,0,0,1,0.91,1
31.71,131,4,0.0,1,1,0,0.74,0
133.71,130,1,0.0,0,1,1,0.89,0
27.73,154,5,0.0,0,0,0,0.88,0
53.1,102,1,19.9,1,0,1,0.83,0
57.82,131,6,0.0,1,1,0,0.95,0
118.32,72,5,33.9,0,0,0,0.57,0
89.95,125,6,0.0,0,1,0,0.65,0
81.21,125,1,2.6,0,0,1,0.78,0
46.45,140,7,36.1,1,1,0,0.59,1
132.92,154,4,0.0,0,1,1,0.75,0
826.16,1,7,34.3,0,0,0,0.76,1
94.57,140,5,5.3,0,1,0,1.0,0
64.38,142,5,21.0,0,1,1,0.84,0
25.96,98,1,39.9,0,1,1,0.98,0
39.87,94,5,50.6,1,0,1,0.87,1
52.51,130,4,24.8,1,0,1,0.73,0
42.63,82,6,0.0,0,1,1,0.84,1
59.71,75,5,8.3,1,1,0,0.94,0
191.66,144,1,41.1,0,0,1,1.0,0
135.73,142,7,0.0,1,0,1,0.8,1
54.42,38,1,16.7,0,0,0,0.56,0
27.51,149,3,10.4,0,1,0,0.55,0
143.92,59,2,18.9,0,1,1,0.77,0
58.45,25,7,0.0,1,1,0,0.45,1
19.64,158,2,0.0,1,0,1,1.0,0
95.88,43,6,37.6,1,0,0,0.92,0
117.53,37,2,50.9,0,0,0,0.72,0
15.0,49,5,0.0,0,1,0,0.64,0
35.31,88,1,33.1,0,0,0,0.98,0
56.16,30,3,54.5,0,0,0,0.64,0
97.26,29,5,39.9,0,0,0,0.66,0
43.15,71,5,9.5,1,0,1,0.7,1
35.13,40,7,0.0,1,1,1,0.84,1
96.8,35,6,24.4,0,1,0,0.92,0
44.5,164,4,29.4,0,1,0,1.0,0
85.83,107,3,24.9,0,1,1,0.99,0
29.3,3,2,16.6,1,0,1,0.82,0
25.05,19,7,0.0,1,0,1,0.98,1
98.59,146,5,34.7,1,0,1,0.71,1
71.1,49,7,36.1,0,1,0,0.53,1
109.9,28,4,28.0,0,1,0,0.71,1
42.68,120,4,25.3,1,0,0,0.69,0
35.99,151,6,72.4,0,1,1,0.72,1
146.13,72,6,3.3,0,1,1,0.67,1
22.42,133,2,60.4,0,0,1,0.75,0
136.11,76,4,0.0,0,1,1,0.92,0
142.36,20,2,55.3,1,1,1,1.0,1
105.54,143,6,59.0,0,0,1,0.54,0
38.59,165,1,13.2,1,0,0,0.61,0
35.49,177,6,71.8,0,1,0,0.69,1
52.64,18,7,36.1,0,1,0,0.94,1
26.0,102,1,0.0,1,1,1,0.79,0
32.29,112,5,10.8,1,0,0,0.7,0
91.75,15,1,56.0,1,1,1,0.93,1
92.03,171,3,49.7,1,1,0,0.97,0
30.5,19,3,0.0,1,0,1,0.82,0
93.64,49,4,17.8,1,1,1,0.69,0
81.07,174,7,28.1,1,0,0,0.86,0
161.0,100,4,6.8,1,0,1,0.78,1
87.35,122,3,92.7,0,1,1,0.78,1
120.07,89,1,29.0,0,0,0,0.74,0
82.28,135,7,20.1,0,1,0,0.97,0
114.09,15,3,57.7,0,1,1,0.86,1
26.14,121,4,11.0,0,1,1,0.99,0
55.75,12,1,52.2,1,1,0,1.0,0
58.83,33,3,0.0,1,1,1,0.89,1
51.5,91,4,8.4,0,1,0,0.74,0
80.52,81,7,53.5,0,1,1,0.99,1
91.14,28,3,69.1,1,1,1,0.89,1
77.86,143,4,0.0,0,0,0,1.0,0
53.78,55,7,0.0,1,0,0,0.87,1
37.4,156,3,39.0,1,0,1,0.93,0
123.12,3,3,3.3,0,1,0,0.87,0
75.74,43,1,13.9,1,1,0,0.8,0
31.12,54,7,48.3,0,1,0,0.78,0
53.2,107,1,5.7,0,0,0,0.87,0
19.43,72,2,0.0,1,0,0,0.9,0
61.74,29,1,0.0,1,0,1,1.0,0
53.04,103,5,22.3,1,1,1,0.87,1
41.54,172,3,0.0,1,1,1,0.75,0
169.02,24,5,13.1,0,0,0,0.77,0
28.46,46,5,0.0,1,1,0,0.61,1
95.5,86,1,71.2,0,0,1,1.0,0
249.97,131,3,87.0,0,1,1,0.73,1
121.54,25,1,0.0,1,1,1,0.97,1
59.12,42,1,29.7,0,0,0,0.86,0
28.87,43,4,0.0,0,1,0,0.87,0
24.89,111,2,12.7,0,1,1,0.8,0
46.18,15,1,76.1,0,1,0,0.69,0
38.61,119,3,8.0,1,0,1,0.67,0
37.8,77,4,13.4,1,0,1,1.0,0
48.81,59,7,0.0,1,0,1,0.84,1
56.46,155,5,56.4,0,0,0,1.0,0
82.71,147,3,0.0,1,1,1,1.0,0
26.99,144,4,8.7,1,1,1,0.75,0
38.73,159,1,20.6,0,1,1,0.89,0
54.39,42,3,2.2,1,0,1,0.83,0
53.14,154,5,47.9,0,1,0,0.63,0
199.07,32,1,58.1,1,1,1,0.79,1
70.17,60,7,0.0,1,1,1,0.91,1
21.14,100,4,84.8,1,1,1,0.74,1
79.19,134,6,0.0,0,1,0,0.77,0
86.03,104,2,60.7,1,0,1,0.79,0
55.63,101,6,26.5,1,0,0,1.0,0
27.42,68,3,6.9,1,1,1,0.53,1
189.19,107,7,9.7,1,0,1,0.9,1
30.1,86,4,21.0,0,0,0,0.78,0
92.71,86,5,28.3,0,1,0,0.72,0
68.72,105,2,0.0,0,0,0,0.78,0
89.17,108,7,15.0,0,1,0,0.93,0
182.99,60,2,0.0,0,0,0,0.94,0
86.93,25,1,0.0,0,0,1,0.85,0
41.97,54,4,0.0,1,0,1,0.99,0
123.83,74,6,0.0,0,0,0,1.0,0
40.04,29,7,9.4,0,0,1,0.95,1
67.11,32,6,35.0,1,0,0,0.73,0
26.04,171,4,25.6,1,1,1,0.9,0
30.83,51,7,81.2,0,0,0,0.9,1
62.39,133,4,0.0,1,0,0,0.69,0
76.65,23,4,36.1,0,1,0,0.57,0
19.95,175,2,22.2,0,0,0,0.5,0
83.37,39,6,46.5,0,0,1,0.83,1
35.42,71,3,43.5,1,0,1,0.87,0
138.63,140,2,17.1,0,0,1,0.63,0
48.0,37,3,27.2,1,1,1,0.99,1
29.07,99,5,0.0,1,1,1,0.84,0
63.39,141,2,40.4,0,0,0,1.0,0
33.26,5,3,0.0,1,1,0,0.88,1
137.66,5,3,45.3,0,0,1,0.65,1
60.36,142,5,21.3,1,0,1,0.89,0
54.68,48,5,7.4,0,0,1,0.93,0
88.65,163,5,15.0,1,0,0,0.73,0
31.4,167,1,17.2,0,0,0,0.59,0
26.1,158,3,60.9,0,0,1,0.84,0
78.68,179,5,119.0,1,1,0,0.66,1
29.52,148,2,58.6,1,0,1,1.0,0
29.52,69,1,5.0,0,0,1,0.75,0
103.95,178,3,40.9,0,0,0,1.0,0
84.88,62,5,42.2,0,0,1,0.48,1
26.71,105,5,0.0,1,0,1,0.84,1
40.35,2,1,0.0,1,0,0,1.0,0
33.53,173,5,20.1,0,0,1,0.68,0
191.45,106,2,46.2,1,0,0,0.79,0
108.73,170,6,0.0,0,0,0,0.76,0
45.9,64,4,0.4,1,0,0,0.71,0
87.75,57,1,39.2,0,0,1,0.86,0
24.99,94,3,23.3,0,0,1,0.61,0
38.97,155,6,64.5,1,1,1,0.8,1
64.6,99,4,0.0,0,1,1,0.9,0
80.96,142,5,92.6,0,0,0,0.79,0
56.64,39,6,0.0,0,0,1,0.66,1
70.9,139,1,0.0,1,0,0,0.98,0
63.49,132,7,20.2,1,1,1,0.94,1
54.25,161,3,0.0,0,1,1,0.65,0
49.77,11,6,20.8,1,1,1,0.61,1
45.74,69,4,19.8,1,0,1,0.67,1
70.16,16,5,16.1,0,0,1,0.91,0
78.81,72,3,0.0,1,0,1,0.86,0
68.64,136,6,35.0,0,1,0,0.95,0
28.05,115,1,12.5,0,1,1,0.77,0
31.52,135,7,55.1,1,0,1,0.67,0
78.2,133,2,16.6,0,1,1,0.97,0
157.05,178,7,0.0,0,0,1,0.73,0
66.62,158,1,0.0,0,0,0,0.85,0
46.17,105,1,16.8,0,0,0,0.57,0
69.81,157,1,0.0,1,1,0,0.73,0
28.82,9,4,0.0,1,0,0,0.98,0
141.29,130,2,37.8,1,1,0,0.71,0
68.12,94,5,0.0,1,1,1,0.95,0
39.05,172,6,64.4,0,0,1,0.45,0
54.14,91,1,26.8,0,1,1,0.73,0
42.84,32,4,20.7,0,0,1,0.79,0
141.54,130,6,0.0,1,1,1,1.0,0
52.91,171,3,44.9,0,0,1,0.63,0
66.75,3,7,21.9,1,0,1,0.93,1
87.61,12,5,1.4,0,1,0,0.99,0
37.28,119,1,28.0,1,1,1,0.7,0
68.44,100,4,0.0,1,0,1,0.76,0
72.12,99,3,0.0,0,1,1,0.84,0
21.97,17,1,0.0,0,0,1,0.58,0
71.11,103,7,32.5,0,1,0,0.75,0
58.57,102,2,21.9,0,1,0,1.0,0
65.66,153,1,53.5,1,0,0,0.9,0
61.75,70,2,0.0,1,1,0,0.79,0
71.41,63,6,39.2,0,1,0,0.84,1
143.92,15,5,18.6,1,0,1,0.91,1
28.03,102,6,0.0,1,0,0,0.94,0
48.31,117,4,33.6,1,0,1,0.73,0
93.07,51,1,20.0,1,0,1,1.0,0
82.48,131,3,3.1,0,0,1,1.0,0
81.34,168,2,23.3,0,1,0,0.93,0
361.34,32,4,18.1,1,1,0,0.69,1
89.94,103,2,17.4,0,0,1,0.66,0
125.85,125,7,9.6,1,0,1,0.77,1
49.42,4,3,0.0,1,1,1,0.83,1
31.65,33,3,24.2,1,1,0,0.54,1
49.19,71,7,0.0,0,0,0,0.9,0
95.85,25,4,0.0,0,0,0,1.0,0
78.61,64,2,14.8,1,0,1,0.91,0
78.42,27,4,44.0,1,0,1,0.71,1
52.49,161,2,27.6,0,0,0,0.69,0
47.32,108,6,6.1,1,0,0,0.87,0
53.68,59,5,4.9,1,0,1,0.8,0
96.63,140,6,41.1,1,0,1,0.89,0
104.22,4,7,0.0,1,0,1,0.92,1
31.37,107,6,45.9,1,0,0,0.99,0
99.04,123,3,0.0,1,0,1,0.64,0
39.53,145,2,0.0,1,1,0,0.86,0
81.84,40,4,6.6,0,0,1,0.76,0
53.26,106,4,87.1,1,0,0,0.8,0
166.96,138,3,72.3,0,1,0,0.96,0
45.98,143,6,43.2,1,1,1,0.98,1
67.77,32,7,32.7,0,0,1,1.0,1
89.5,175,3,0.0,0,0,0,0.89,0
34.19,50,5,26.7,0,0,1,0.8,0
57.55,70,7,5.5,0,1,0,0.78,0
50.74,35,1,0.0,1,0,0,0.54,0
43.21,27,3,26.6,1,0,0,1.0,0
45.34,46,6,7.9,1,1,1,0.77,1
124.31,25,4,48.1,1,1,0,0.9,1
40.89,132,6,0.0,1,0,1,0.93,1
87.2,107,4,24.3,1,0,1,0.62,0
74.03,70,1,0.0,0,1,0,0.67,0
24.34,98,4,9.7,1,1,0,1.0,0
84.56,109,3,31.1,0,1,0,0.87,0
24.08,33,6,0.0,1,1,0,0.73,1
90.76,54,2,26.9,1,0,1,0.8,0
43.39,158,2,15.6,1,1,1,0.99,0
60.67,3,1,2.2,1,1,0,0.97,0
26.02,172,4,7.9,0,1,0,0.59,0
65.34,173,7,17.4,1,0,1,1.0,0
110.22,46,5,0.0,1,0,1,0.97,0
35.71,58,6,22.2,0,0,0,0.8,0
40.66,38,6,13.7,0,1,0,0.63,0
81.09,101,5,3.7,1,1,1,0.99,0
82.41,39,5,69.7,1,0,1,0.9,1
15.0,142,2,34.5,1,1,1,0.59,1
223.63,70,7,10.5,1,1,0,0.78,1
85.08,174,6,26.4,0,1,0,1.0,0
94.92,153,7,0.0,0,0,0,0.82,0
54.97,72,7,8.9,1,0,1,0.7,1
18.07,107,3,12.4,0,0,0,0.66,0
93.56,5,2,0.0,0,1,1,1.0,0
41.79,13,7,33.6,0,1,1,0.96,1
85.93,91,4,6.8,0,0,0,1.0,0
52.34,85,7,11.3,1,0,0,0.86,0
70.44,72,5,4.9,0,1,0,1.0,1
36.46,17,2,110.8,0,1,1,0.68,1
105.83,151,3,2.1,0,0,1,0.85,0
27.87,73,5,0.0,0,0,1,0.87,0
259.72,85,3,0.0,1,1,1,1.0,0
258.44,73,2,44.8,1,1,0,0.87,0
174.38,90,2,62.1,0,1,0,0.72,0
138.25,117,5,1.5,0,1,0,0.83,0
57.11,137,1,60.4,1,0,1,0.55,0
128.8,99,1,44.2,1,1,0,0.45,0
56.68,30,1,16.3,1,1,0,0.95,0
21.98,157,6,14.2,1,0,1,0.76,0
160.31,51,1,27.4,1,0,0,0.78,0
125.68,3,3,48.3,0,0,1,0.95,0
59.12,7,1,33.9,0,0,1,1.0,0
27.21,139,5,1.7,0,0,1,0.91,0
41.22,70,1,16.8,0,1,1,1.0,0
18.47,5,1,81.4,1,0,0,0.9,0
111.53,146,3,29.5,1,1,1,0.87,0
21.28,55,5,48.1,1,1,1,0.86,1
72.71,176,1,38.2,1,1,1,0.61,0
34.87,158,4,30.2,0,0,0,0.97,0
23.87,9,6,25.3,0,0,0,0.43,0
70.45,124,5,48.9,1,0,0,0.73,0
48.57,108,6,43.6,0,1,1,0.82,1
104.04,31,3,29.9,1,0,0,0.69,0
26.47,62,7,1.2,1,0,1,0.75,1
36.88,88,2,33.6,0,1,0,1.0,0
15.0,27,5,20.0,1,1,1,1.0,1
15.0,130,4,12.8,1,0,1,0.71,0
194.19,50,1,102.4,0,1,0,0.74,0
233.77,168,7,0.0,0,0,1,0.62,0
64.09,144,5,50.8,0,0,0,0.93,0
35.32,114,2,0.0,0,0,0,0.78,0
49.7,22,1,25.9,0,1,0,0.51,0
106.47,5,5,99.1,1,0,0,0.84,1
43.19,27,4,0.0,0,0,1,0.89,0
70.42,90,1,0.3,0,1,1,0.97,0
59.84,140,7,21.5,0,0,1,0.81,0
41.69,28,6,0.0,0,0,1,0.76,0
42.86,127,4,48.5,0,0,0,1.0,0
73.01,9,2,6.0,0,1,0,0.82,0
31.98,48,2,41.6,1,1,1,0.94,0
80.93,108,4,0.0,1,1,0,0.73,0
44.41,149,1,0.0,0,0,1,0.93,0
65.55,140,3,15.1,1,1,1,0.59,0
148.35,96,2,0.0,1,1,1,0.75,1
54.09,7,1,67.5,1,1,1,0.63,1
109.71,53,1,0.0,1,1,1,0.72,1
18.82,141,3,0.0,0,1,1,1.0,0
44.45,15,3,34.4,1,0,0,0.72,0
61.44,127,3,4.4,1,0,0,0.93,0
210.64,127,5,0.0,0,1,1,1.0,0
16.88,135,4,83.2,1,0,1,0.82,0
56.68,39,2,0.0,0,1,1,0.98,0
155.53,44,7,16.1,0,1,0,0.9,1
36.22,36,6,15.7,0,0,1,0.84,1
52.54,71,4,43.3,0,1,1,0.94,0
74.86,94,1,35.9,1,0,0,1.0,0
68.03,22,7,0.0,1,1,0,0.72,1
166.96,102,6,12.2,1,0,1,0.67,1
80.76,43,4,15.2,0,0,0,0.66,0
143.03,101,2,44.5,0,1,0,0.98,0
47.75,55,1,0.0,1,0,0,1.0,0
37.29,171,3,82.5,0,0,1,0.73,0
52.11,58,2,0.0,1,0,0,0.48,0
28.41,156,2,21.7,1,1,1,0.71,0
82.62,32,3,0.0,0,0,0,0.91,0
46.95,16,1,0.0,1,0,0,0.81,0
38.99,34,3,0.0,1,0,1,0.85,0
83.44,76,7,0.0,0,1,0,0.74,0
28.69,162,7,9.6,1,0,1,0.98,0
99.57,32,1,0.0,1,0,1,0.87,0
44.22,141,5,42.9,0,1,1,0.91,0
128.18,125,7,0.0,0,0,0,0.85,0
46.75,62,5,0.0,1,1,0,0.9,0
90.99,61,3,10.2,1,0,1,0.89,0
67.81,170,4,51.8,0,1,0,0.67,0
97.86,128,2,28.4,0,0,0,0.88,0
64.81,43,3,19.0,1,1,0,0.95,0
20.47,164,7,0.0,0,1,0,1.0,0
116.25,73,5,0.0,0,0,0,0.89,0
57.0,15,4,0.0,0,0,1,0.67,0
100.8,146,1,61.2,0,0,0,0.69,0
94.51,156,7,37.9,0,0,1,0.75,0
36.5,80,2,0.0,0,1,1,0.85,0
33.29,127,6,5.1,0,0,0,0.8,0
92.39,42,3,0.0,0,1,1,0.64,1
49.55,153,2,0.0,1,0,0,0.64,0
110.91,66,2,35.8,0,1,0,0.48,0
53.74,48,3,13.4,1,1,0,0.32,1
117.36,90,5,84.4,0,1,1,0.8,1
79.45,48,3,59.5,0,1,1,1.0,1
72.76,112,1,61.3,1,1,1,1.0,0
47.32,134,2,42.1,1,1,1,0.66,1
70.18,73,2,9.3,0,1,0,0.84,0
131.02,141,3,39.9,1,0,1,0.59,0
58.25,78,7,11.5,0,1,1,0.61,1
85.22,174,7,70.9,0,1,0,0.63,1
62.19,48,7,34.1,0,1,0,0.78,1
65.43,127,1,29.9,1,1,0,0.79,0
184.97,96,4,25.8,1,0,0,0.86,0
131.78,169,1,74.2,1,0,0,0.93,0
63.54,40,4,0.0,0,0,1,0.77,0
69.37,36,5,77.1,0,0,0,0.83,0
38.24,156,6,16.4,1,0,1,0.64,0
53.92,162,3,0.0,1,0,1,0.6,0
73.78,134,1,0.0,1,1,0,0.58,0
104.89,86,4,0.0,1,1,1,0.92,1
98.2,74,3,41.6,0,1,0,0.77,0
29.34,120,5,0.0,1,0,0,0.52,0
113.87,134,1,27.1,1,0,1,0.81,0
56.96,50,5,56.0,1,1,1,0.62,1
31.77,2,3,1.8,0,0,0,1.0,0
143.83,14,6,14.0,1,1,1,0.73,1
156.2,62,7,0.0,1,1,1,0.93,1
71.62,123,2,10.3,1,1,1,0.99,0
95.65,79,6,99.2,0,0,1,0.67,1
99.37,111,1,45.3,1,1,0,0.83,0
149.49,85,7,14.1,1,1,0,0.91,1
96.86,46,4,3.6,0,0,0,0.84,0
25.46,135,6,20.7,1,0,1,0.88,0
222.82,130,6,25.9,0,1,1,0.61,1
120.62,173,5,9.4,0,0,1,0.91,0
43.33,148,3,37.9,1,1,1,0.74,0
30.9,69,6,0.0,0,0,1,0.88,0
83.77,127,4,0.0,0,1,0,0.97,0
50.36,63,5,33.1,0,0,0,0.93,0
74.78,157,5,0.0,1,0,1,0.88,0
97.83,110,4,43.9,0,0,0,0.92,0
41.75,150,1,21.6,0,0,1,0.93,0
29.21,51,3,0.0,1,0,0,1.0,0
77.54,3,7,25.3,0,1,1,0.81,1
42.66,26,4,0.0,1,0,1,0.85,1
66.35,96,5,42.8,1,0,1,0.97,0
25.2,173,2,14.5,1,0,1,0.74,0
51.22,113,5,77.5,1,1,1,0.61,1
96.04,145,4,54.1,1,1,1,0.9,0
89.47,84,2,0.0,1,1,0,0.79,0
36.15,172,2,0.0,1,0,1,0.63,0
28.24,169,3,0.0,1,1,1,0.9,0
60.96,39,4,0.0,1,0,0,1.0,0
86.89,155,2,76.8,1,1,0,0.56,0
78.52,4,2,21.7,0,0,0,0.98,0
43.25,107,2,50.0,1,1,1,0.41,1
73.23,79,3,13.4,0,1,1,0.76,0
